2026-09-17 11:13:50,050{GMT}	INFO	[jepsen test runner] jepsen.core: Test version ad22337b09f7aae407b39e9d639de867e52bccc7 (plus uncommitted changes)
2026-09-17 11:13:50,051{GMT}	INFO	[jepsen test runner] jepsen.core: Command line:
lein run test --nodes-file /root/nodes --username root --ssh-private-key /root/.ssh/id_ed25519 --workload watch --nemesis kill --time-limit 60 --concurrency 1n
2026-09-17 11:13:50,114{GMT}	INFO	[jepsen test runner] jepsen.core: Running test:
{:remote
 #jepsen.control.retry.Remote{:remote #jepsen.control.scp.Remote{:cmd-remote #jepsen.control.sshj.SSHJRemote{:concurrency-limit 6,
                                                                                                             :conn-spec nil,
                                                                                                             :client nil,
                                                                                                             :semaphore nil},
                                                                 :conn-spec nil},
                              :conn nil}
 :idem-replay-delay-ms 0
 :ssh-private-key "/root/.ssh/id_ed25519"
 :idem-min-replay-attempts nil
 :watch-min-events nil
 :concurrency 5
 :soak-disrupt 600
 :db
 #jepsen.coord.db.CoordDB{:cluster-name "jepsen-coord",
                          :pidfile-prefix "/var/run/coord-",
                          :root-password "66c57bb56bce306f484344e4a8650836",
                          :coord-dir "/opt/coord",
                          :config-dir "/etc/coord",
                          :logfile "/var/log/coord.log",
                          :regions nil,
                          :data-dir "/var/lib/coord",
                          :nodes ("n1" "n2" "n3"),
                          :auth-root-key "820662a9f85924333d6d466714bc51734b251e73b827a394e1978e36d2429bfc",
                          :raft-secret "93edf94d2860fec54bc59278a804cb1bbd2d0a7243e4f39d667d66966d9844d1",
                          :coord-bin "/root/coord-test/coord"}
 :leave-db-running? false
 :name "coord"
 :logging-json? false
 :mixture-ratio nil
 :start-time
 #object[java.time.OffsetDateTime "0x3e92bded" "2026-09-17T11:13:50.028055821Z"]
 :regions nil
 :map-keys nil
 :net
 #object[jepsen.net$iptables_with_dev$reify__15623
         "0x3bbab2c9"
         "jepsen.net$iptables_with_dev$reify__15623@3bbab2c9"]
 :client
 #jepsen.coord.client.CoordClient{:root-password "66c57bb56bce306f484344e4a8650836",
                                  :channels nil,
                                  :cct nil,
                                  :raw-channels nil,
                                  :parse-values? false,
                                  :nodes ["n1" "n2" "n3"],
                                  :leader-idx #object[clojure.lang.Atom
                                                      "0x27c9500c"
                                                      {:status :ready, :val {}}],
                                  :last-rev #object[clojure.lang.Atom
                                                    "0x4eb43d2f"
                                                    {:status :ready, :val {}}],
                                  :last-watch-rev #object[clojure.lang.Atom
                                                          "0x453961d7"
                                                          {:status :ready,
                                                           :val {}}]}
 :barrier
 #object[java.util.concurrent.CyclicBarrier
         "0x505f6511"
         "java.util.concurrent.CyclicBarrier@505f6511"]
 :ssh
 {:dummy? false,
  :username "root",
  :password "root",
  :strict-host-key-checking false,
  :private-key-path "/root/.ssh/id_ed25519"}
 :rate nil
 :map-min-deletes nil
 :seed 618073226
 :checker
 #jepsen.checker.Compose{:checkers {:linear #object[jepsen.coord.watchck$checker$reify__2277
                                                    "0x3dfb1626"
                                                    "jepsen.coord.watchck$checker$reify__2277@3dfb1626"],
                                    :gates #object[jepsen.coord.gates$checker$reify__955
                                                   "0x52c919f3"
                                                   "jepsen.coord.gates$checker$reify__955@52c919f3"],
                                    :perf #jepsen.checker.Compose{:checkers {:latency-graph #jepsen.checker.LatencyGraph{:opts {}},
                                                                             :rate-graph #jepsen.checker.RateGraph{:opts {}}}}}}
 :argv
 ("test"
  "--nodes-file"
  "/root/nodes"
  "--username"
  "root"
  "--ssh-private-key"
  "/root/.ssh/id_ed25519"
  "--workload"
  "watch"
  "--nemesis"
  "kill"
  "--time-limit"
  "60"
  "--concurrency"
  "1n")
 :nemesis #unprintable "jepsen.nemesis$node_start_stopper$reify__15946@5c70eda4"
 :watch-resumes nil
 :nodes ("n1" "n2" "n3")
 :test-count 1
 :no-jitter false
 :generator
 #object[jepsen.util.Forgettable
         "0x394c77e2"
         ((jepsen.generator.Synchronize
           {:gen (jepsen.generator.TimeLimit
                  {:limit 60000000000,
                   :cutoff nil,
                   :gen (jepsen.generator.Any
                         {:gens [(jepsen.generator.OnThreads
                                  {:f #{:nemesis},
                                   :context-filter #object[jepsen.generator.context$make_thread_filter$lazy_filter__5865
                                                           "0x3723de42"
                                                           "jepsen.generator.context$make_thread_filter$lazy_filter__5865@3723de42"],
                                   :gen ({:type :sleep,
                                          :value 6.062839382324755}
                                         {:type :info, :f :start}
                                         {:type :sleep,
                                          :value 5.077930123201732}
                                         {:type :info, :f :stop}
                                         {:type :sleep,
                                          :value 5.420883758747475}
                                         {:type :info, :f :start}
                                         {:type :sleep,
                                          :value 4.832496913103981}
                                         {:type :info, :f :stop}
                                         ...)})
                                 (jepsen.generator.OnThreads
                                  {:f #jepsen.generator.context.AllBut{:element :nemesis},
                                   :context-filter #object[jepsen.generator.context$make_thread_filter$lazy_filter__5865
                                                           "0x47b72d3b"
                                                           "jepsen.generator.context$make_thread_filter$lazy_filter__5865@47b72d3b"],
                                   :gen (jepsen.generator.Stagger
                                         {:dt-fn #object[jepsen.generator$stagger_exp$dt_fn__6799
                                                         "0x63fcc21"
                                                         "jepsen.generator$stagger_exp$dt_fn__6799@63fcc21"],
                                          :next-time nil,
                                          :gen (jepsen.generator.OnThreads
                                                {:f #jepsen.generator.context.AllBut{:element :nemesis},
                                                 :context-filter #object[jepsen.generator.context$make_thread_filter$lazy_filter__5865
                                                                         "0x2fc7c36a"
                                                                         "jepsen.generator.context$make_thread_filter$lazy_filter__5865@2fc7c36a"],
                                                 :gen (jepsen.generator.Mix
                                                       {:i 0,
                                                        :gens [(jepsen.generator.Mix
                                                                {:i 0,
                                                                 :gens [#object[jepsen.coord$watch_gen$w__2400
                                                                                "0x4a5dc126"
                                                                                "jepsen.coord$watch_gen$w__2400@4a5dc126"]
                                                                        #object[jepsen.coord$watch_gen$w__2400
                                                                                "0x4a5dc126"
                                                                                "jepsen.coord$watch_gen$w__2400@4a5dc126"]
                                                                        #object[jepsen.coord$watch_gen$sess__2402$fn__2403
                                                                                "0x34fde3a3"
                                                                                "jepsen.coord$watch_gen$sess__2402$fn__2403@34fde3a3"]
                                                                        #object[jepsen.coord$watch_gen$sess__2402$fn__2403
                                                                                "0x4cdb7fd9"
                                                                                "jepsen.coord$watch_gen$sess__2402$fn__2403@4cdb7fd9"]]})]})})})})]})})})
          (jepsen.generator.Synchronize
           {:gen (jepsen.generator.OnThreads
                  {:f #{:nemesis},
                   :context-filter #object[jepsen.generator.context$make_thread_filter$lazy_filter__5865
                                           "0x5d9639bb"
                                           "jepsen.generator.context$make_thread_filter$lazy_filter__5865@5d9639bb"],
                   :gen {:type :info, :f :stop}})})
          (jepsen.generator.Synchronize
           {:gen {:type :log, :value "recovery: letting cluster converge"}})
          (jepsen.generator.Synchronize {:gen {:type :sleep, :value 30}}))]
 :min-op-ok-ratio nil
 :soak-max-rto-seconds nil
 :idem-replay-node-offset 0
 :min-op-sample nil
 :os
 #object[jepsen.os$reify__16045 "0x796687de" "jepsen.os$reify__16045@796687de"]
 :time-limit 60
 :quiet-availability-min nil
 :soak-quiet 1800
 :value-size nil
 :quiet-min-sample nil
 :watch-window-ms nil
 :workload :watch
 :watch-max-events nil
 :watch-semantics nil}

2026-09-17 11:13:51,632{GMT}	INFO	[jepsen test runner] jepsen.db: Tearing down DB
2026-09-17 11:13:51,633{GMT}	INFO	[jepsen node n3] jepsen.coord.db: Tearing down coord on n3
2026-09-17 11:13:51,633{GMT}	INFO	[jepsen node n1] jepsen.coord.db: Tearing down coord on n1
2026-09-17 11:13:51,633{GMT}	INFO	[jepsen node n2] jepsen.coord.db: Tearing down coord on n2
2026-09-17 11:13:53,245{GMT}	INFO	[jepsen test runner] jepsen.db: Setting up DB
2026-09-17 11:13:53,246{GMT}	INFO	[jepsen node n2] jepsen.coord.db: Setting up coord on n2
2026-09-17 11:13:53,246{GMT}	INFO	[jepsen node n1] jepsen.coord.db: Setting up coord on n1
2026-09-17 11:13:53,246{GMT}	INFO	[jepsen node n3] jepsen.coord.db: Setting up coord on n3
2026-09-17 11:13:58,166{GMT}	INFO	[jepsen node n3] jepsen.control.util: Starting coord
2026-09-17 11:13:58,169{GMT}	INFO	[jepsen node n2] jepsen.control.util: Starting coord
2026-09-17 11:13:58,285{GMT}	INFO	[jepsen node n2] jepsen.coord.db: Waiting for coord on n2 to be ready
2026-09-17 11:13:58,285{GMT}	INFO	[jepsen node n3] jepsen.coord.db: Waiting for coord on n3 to be ready
2026-09-17 11:13:58,498{GMT}	INFO	[jepsen node n1] jepsen.control.util: Starting coord
2026-09-17 11:13:58,548{GMT}	INFO	[jepsen node n3] jepsen.coord.db: coord n3 is ready
2026-09-17 11:13:58,548{GMT}	INFO	[jepsen node n2] jepsen.coord.db: coord n2 is ready
2026-09-17 11:13:58,608{GMT}	INFO	[jepsen node n1] jepsen.coord.db: Waiting for coord on n1 to be ready
2026-09-17 11:13:59,399{GMT}	INFO	[jepsen node n1] jepsen.coord.db: coord n1 is ready
2026-09-17 11:13:59,402{GMT}	INFO	[jepsen test runner] jepsen.core: Relative time begins now
2026-09-17 11:13:59,405{GMT}	INFO	[jepsen node n1] jepsen.coord.client: Opening coord client on n1
2026-09-17 11:13:59,405{GMT}	INFO	[jepsen node n2] jepsen.coord.client: Opening coord client on n2
2026-09-17 11:13:59,405{GMT}	INFO	[jepsen node n3] jepsen.coord.client: Opening coord client on n3
2026-09-17 11:13:59,680{GMT}	INFO	[jepsen node n1] jepsen.coord.client: coord client setup: waiting for a successful read (quorum + auth)
2026-09-17 11:13:59,680{GMT}	INFO	[jepsen node n3] jepsen.coord.client: coord client setup: waiting for a successful read (quorum + auth)
2026-09-17 11:13:59,680{GMT}	INFO	[jepsen node n2] jepsen.coord.client: coord client setup: waiting for a successful read (quorum + auth)
2026-09-17 11:13:59,695{GMT}	INFO	[jepsen node n2] jepsen.coord.client: coord cluster is ready
2026-09-17 11:13:59,728{GMT}	INFO	[jepsen node n3] jepsen.coord.client: coord cluster is ready
2026-09-17 11:13:59,731{GMT}	INFO	[jepsen node n1] jepsen.coord.client: coord cluster is ready
2026-09-17 11:13:59,744{GMT}	INFO	[jepsen worker 0] jepsen.print: 0	:invoke	:write	"vs618073226-1-xx"
2026-09-17 11:13:59,745{GMT}	INFO	[jepsen worker 0] jepsen.coord.client: Opening coord client on n1
2026-09-17 11:13:59,870{GMT}	INFO	[jepsen worker 2] jepsen.print: 2	:invoke	:write	"vs618073226-4-xx"
2026-09-17 11:13:59,871{GMT}	INFO	[jepsen worker 2] jepsen.coord.client: Opening coord client on n3
2026-09-17 11:13:59,886{GMT}	INFO	[jepsen worker 3] jepsen.print: 3	:invoke	:watch-session	{:key "/jepsen/watch/s618073226", :start-revision 0, :prev-kv? false, :window-ms nil, :max-events nil, :resumes nil}
2026-09-17 11:13:59,886{GMT}	INFO	[jepsen worker 3] jepsen.coord.client: Opening coord client on n1
2026-09-17 11:13:59,939{GMT}	INFO	[jepsen worker 0] jepsen.print: 0	:ok	:write	"vs618073226-1-xx"
2026-09-17 11:14:00,064{GMT}	WARN	[jepsen worker 3] jepsen.generator.interpreter: Process 3 crashed
java.lang.IllegalArgumentException: Wrong object type used with protocol message reflection.
Field number: 1, field java type: MESSAGE, value type: clojure.lang.PersistentArrayMap

	at com.google.protobuf.FieldSet$Builder.verifyType(FieldSet.java:1232)
	at com.google.protobuf.FieldSet$Builder.setField(FieldSet.java:1099)
	at com.google.protobuf.DynamicMessage$Builder.setField(DynamicMessage.java:523)
	at jepsen.coord.proto$watch_req.invokeStatic(proto.clj:347)
	at jepsen.coord.proto$watch_req.invoke(proto.clj:342)
	at jepsen.coord.proto$open_watch.invokeStatic(proto.clj:412)
	at jepsen.coord.proto$open_watch.invoke(proto.clj:403)
	at jepsen.coord.proto$open_watch.invokeStatic(proto.clj:410)
	at jepsen.coord.proto$open_watch.invoke(proto.clj:403)
	at jepsen.coord.client$watch_open_BANG_$fn__540.invoke(client.clj:828)
	at jepsen.coord.client$watch_open_BANG_.invokeStatic(client.clj:827)
	at jepsen.coord.client$watch_open_BANG_.invoke(client.clj:808)
	at jepsen.coord.client$watch_until_BANG_.invokeStatic(client.clj:852)
	at jepsen.coord.client$watch_until_BANG_.invoke(client.clj:846)
	at jepsen.coord.client$invoke_watch_session.invokeStatic(client.clj:900)
	at jepsen.coord.client$invoke_watch_session.invoke(client.clj:877)
	at jepsen.coord.client$invoke_coord_BANG_$attempt__561.invoke(client.clj:944)
	at jepsen.coord.client$invoke_coord_BANG_.invokeStatic(client.clj:955)
	at jepsen.coord.client$invoke_coord_BANG_.invoke(client.clj:930)
	at jepsen.coord.client.CoordClient.invoke_BANG_(client.clj:1014)
	at jepsen.client.Validate.invoke_BANG_(client.clj:87)
	at jepsen.generator.interpreter.ClientWorker.invoke_BANG_(interpreter.clj:74)
	at jepsen.generator.interpreter$spawn_worker$fn__16151$fn__16152.invoke(interpreter.clj:149)
	at jepsen.generator.interpreter$spawn_worker$fn__16151.invoke(interpreter.clj:132)
	at clojure.core$binding_conveyor_fn$fn__5844.invoke(core.clj:2051)
	at clojure.lang.AFn.call(AFn.java:18)
	at java.base/java.util.concurrent.FutureTask.run(FutureTask.java:328)
	at java.base/java.util.concurrent.ThreadPoolExecutor.runWorker(ThreadPoolExecutor.java:1090)
	at java.base/java.util.concurrent.ThreadPoolExecutor$Worker.run(ThreadPoolExecutor.java:614)
	at java.base/java.lang.Thread.run(Thread.java:1474)
2026-09-17 11:14:00,110{GMT}	INFO	[jepsen worker 2] jepsen.print: 2	:ok	:write	"vs618073226-4-xx"
2026-09-17 11:14:00,524{GMT}	INFO	[jepsen worker 4] jepsen.print: 4	:invoke	:write	"vs618073226-9-xx"
2026-09-17 11:14:00,525{GMT}	INFO	[jepsen worker 4] jepsen.coord.client: Opening coord client on n2
2026-09-17 11:14:00,686{GMT}	INFO	[jepsen worker 4] jepsen.print: 4	:ok	:write	"vs618073226-9-xx"
2026-09-17 11:14:00,694{GMT}	INFO	[jepsen worker 0] jepsen.print: 0	:invoke	:watch-session	{:key "/jepsen/watch/s618073226", :start-revision 0, :prev-kv? false, :window-ms nil, :max-events nil, :resumes nil}
2026-09-17 11:14:00,695{GMT}	WARN	[jepsen worker 0] jepsen.generator.interpreter: Process 0 crashed
java.lang.IllegalArgumentException: Wrong object type used with protocol message reflection.
Field number: 1, field java type: MESSAGE, value type: clojure.lang.PersistentArrayMap

	at com.google.protobuf.FieldSet$Builder.verifyType(FieldSet.java:1232)
	at com.google.protobuf.FieldSet$Builder.setField(FieldSet.java:1099)
	at com.google.protobuf.DynamicMessage$Builder.setField(DynamicMessage.java:523)
	at jepsen.coord.proto$watch_req.invokeStatic(proto.clj:347)
	at jepsen.coord.proto$watch_req.invoke(proto.clj:342)
	at jepsen.coord.proto$open_watch.invokeStatic(proto.clj:412)
	at jepsen.coord.proto$open_watch.invoke(proto.clj:403)
	at jepsen.coord.proto$open_watch.invokeStatic(proto.clj:410)
	at jepsen.coord.proto$open_watch.invoke(proto.clj:403)
	at jepsen.coord.client$watch_open_BANG_$fn__540.invoke(client.clj:828)
	at jepsen.coord.client$watch_open_BANG_.invokeStatic(client.clj:827)
	at jepsen.coord.client$watch_open_BANG_.invoke(client.clj:808)
	at jepsen.coord.client$watch_until_BANG_.invokeStatic(client.clj:852)
	at jepsen.coord.client$watch_until_BANG_.invoke(client.clj:846)
	at jepsen.coord.client$invoke_watch_session.invokeStatic(client.clj:900)
	at jepsen.coord.client$invoke_watch_session.invoke(client.clj:877)
	at jepsen.coord.client$invoke_coord_BANG_$attempt__561.invoke(client.clj:944)
	at jepsen.coord.client$invoke_coord_BANG_.invokeStatic(client.clj:955)
	at jepsen.coord.client$invoke_coord_BANG_.invoke(client.clj:930)
	at jepsen.coord.client.CoordClient.invoke_BANG_(client.clj:1014)
	at jepsen.client.Validate.invoke_BANG_(client.clj:87)
	at jepsen.generator.interpreter.ClientWorker.invoke_BANG_(interpreter.clj:74)
	at jepsen.generator.interpreter$spawn_worker$fn__16151$fn__16152.invoke(interpreter.clj:149)
	at jepsen.generator.interpreter$spawn_worker$fn__16151.invoke(interpreter.clj:132)
	at clojure.core$binding_conveyor_fn$fn__5844.invoke(core.clj:2051)
	at clojure.lang.AFn.call(AFn.java:18)
	at java.base/java.util.concurrent.FutureTask.run(FutureTask.java:328)
	at java.base/java.util.concurrent.ThreadPoolExecutor.runWorker(ThreadPoolExecutor.java:1090)
	at java.base/java.util.concurrent.ThreadPoolExecutor$Worker.run(ThreadPoolExecutor.java:614)
	at java.base/java.lang.Thread.run(Thread.java:1474)
2026-09-17 11:14:00,969{GMT}	INFO	[jepsen worker 0] jepsen.print: 5	:invoke	:write	"vs618073226-12-x"
2026-09-17 11:14:00,969{GMT}	INFO	[jepsen worker 0] jepsen.coord.client: Opening coord client on n1
2026-09-17 11:14:01,108{GMT}	INFO	[jepsen worker 0] jepsen.print: 5	:ok	:write	"vs618073226-12-x"
2026-09-17 11:14:01,330{GMT}	INFO	[jepsen worker 1] jepsen.print: 1	:invoke	:watch-session	{:key "/jepsen/watch/s618073226", :start-revision :last, :prev-kv? false, :window-ms nil, :max-events nil, :resumes nil}
2026-09-17 11:14:01,331{GMT}	INFO	[jepsen worker 1] jepsen.coord.client: Opening coord client on n2
2026-09-17 11:14:01,469{GMT}	WARN	[jepsen worker 1] jepsen.generator.interpreter: Process 1 crashed
java.lang.IllegalArgumentException: Wrong object type used with protocol message reflection.
Field number: 1, field java type: MESSAGE, value type: clojure.lang.PersistentArrayMap

	at com.google.protobuf.FieldSet$Builder.verifyType(FieldSet.java:1232)
	at com.google.protobuf.FieldSet$Builder.setField(FieldSet.java:1099)
	at com.google.protobuf.DynamicMessage$Builder.setField(DynamicMessage.java:523)
	at jepsen.coord.proto$watch_req.invokeStatic(proto.clj:347)
	at jepsen.coord.proto$watch_req.invoke(proto.clj:342)
	at jepsen.coord.proto$open_watch.invokeStatic(proto.clj:412)
	at jepsen.coord.proto$open_watch.invoke(proto.clj:403)
	at jepsen.coord.proto$open_watch.invokeStatic(proto.clj:410)
	at jepsen.coord.proto$open_watch.invoke(proto.clj:403)
	at jepsen.coord.client$watch_open_BANG_$fn__540.invoke(client.clj:828)
	at jepsen.coord.client$watch_open_BANG_.invokeStatic(client.clj:827)
	at jepsen.coord.client$watch_open_BANG_.invoke(client.clj:808)
	at jepsen.coord.client$watch_until_BANG_.invokeStatic(client.clj:852)
	at jepsen.coord.client$watch_until_BANG_.invoke(client.clj:846)
	at jepsen.coord.client$invoke_watch_session.invokeStatic(client.clj:900)
	at jepsen.coord.client$invoke_watch_session.invoke(client.clj:877)
	at jepsen.coord.client$invoke_coord_BANG_$attempt__561.invoke(client.clj:944)
	at jepsen.coord.client$invoke_coord_BANG_.invokeStatic(client.clj:955)
	at jepsen.coord.client$invoke_coord_BANG_.invoke(client.clj:930)
	at jepsen.coord.client.CoordClient.invoke_BANG_(client.clj:1014)
	at jepsen.client.Validate.invoke_BANG_(client.clj:87)
	at jepsen.generator.interpreter.ClientWorker.invoke_BANG_(interpreter.clj:74)
	at jepsen.generator.interpreter$spawn_worker$fn__16151$fn__16152.invoke(interpreter.clj:149)
	at jepsen.generator.interpreter$spawn_worker$fn__16151.invoke(interpreter.clj:132)
	at clojure.core$binding_conveyor_fn$fn__5844.invoke(core.clj:2051)
	at clojure.lang.AFn.call(AFn.java:18)
	at java.base/java.util.concurrent.FutureTask.run(FutureTask.java:328)
	at java.base/java.util.concurrent.ThreadPoolExecutor.runWorker(ThreadPoolExecutor.java:1090)
	at java.base/java.util.concurrent.ThreadPoolExecutor$Worker.run(ThreadPoolExecutor.java:614)
	at java.base/java.lang.Thread.run(Thread.java:1474)
2026-09-17 11:14:01,581{GMT}	INFO	[jepsen worker 2] jepsen.print: 2	:invoke	:write	"vs618073226-15-x"
2026-09-17 11:14:01,612{GMT}	INFO	[jepsen worker 2] jepsen.print: 2	:ok	:write	"vs618073226-15-x"
2026-09-17 11:14:01,724{GMT}	INFO	[jepsen worker 3] jepsen.print: 8	:invoke	:watch-session	{:key "/jepsen/watch/s618073226", :start-revision :last, :prev-kv? false, :window-ms nil, :max-events nil, :resumes nil}
2026-09-17 11:14:01,724{GMT}	INFO	[jepsen worker 3] jepsen.coord.client: Opening coord client on n1
2026-09-17 11:14:01,859{GMT}	WARN	[jepsen worker 3] jepsen.generator.interpreter: Process 8 crashed
java.lang.IllegalArgumentException: Wrong object type used with protocol message reflection.
Field number: 1, field java type: MESSAGE, value type: clojure.lang.PersistentArrayMap

	at com.google.protobuf.FieldSet$Builder.verifyType(FieldSet.java:1232)
	at com.google.protobuf.FieldSet$Builder.setField(FieldSet.java:1099)
	at com.google.protobuf.DynamicMessage$Builder.setField(DynamicMessage.java:523)
	at jepsen.coord.proto$watch_req.invokeStatic(proto.clj:347)
	at jepsen.coord.proto$watch_req.invoke(proto.clj:342)
	at jepsen.coord.proto$open_watch.invokeStatic(proto.clj:412)
	at jepsen.coord.proto$open_watch.invoke(proto.clj:403)
	at jepsen.coord.proto$open_watch.invokeStatic(proto.clj:410)
	at jepsen.coord.proto$open_watch.invoke(proto.clj:403)
	at jepsen.coord.client$watch_open_BANG_$fn__540.invoke(client.clj:828)
	at jepsen.coord.client$watch_open_BANG_.invokeStatic(client.clj:827)
	at jepsen.coord.client$watch_open_BANG_.invoke(client.clj:808)
	at jepsen.coord.client$watch_until_BANG_.invokeStatic(client.clj:852)
	at jepsen.coord.client$watch_until_BANG_.invoke(client.clj:846)
	at jepsen.coord.client$invoke_watch_session.invokeStatic(client.clj:900)
	at jepsen.coord.client$invoke_watch_session.invoke(client.clj:877)
	at jepsen.coord.client$invoke_coord_BANG_$attempt__561.invoke(client.clj:944)
	at jepsen.coord.client$invoke_coord_BANG_.invokeStatic(client.clj:955)
	at jepsen.coord.client$invoke_coord_BANG_.invoke(client.clj:930)
	at jepsen.coord.client.CoordClient.invoke_BANG_(client.clj:1014)
	at jepsen.client.Validate.invoke_BANG_(client.clj:87)
	at jepsen.generator.interpreter.ClientWorker.invoke_BANG_(interpreter.clj:74)
	at jepsen.generator.interpreter$spawn_worker$fn__16151$fn__16152.invoke(interpreter.clj:149)
	at jepsen.generator.interpreter$spawn_worker$fn__16151.invoke(interpreter.clj:132)
	at clojure.core$binding_conveyor_fn$fn__5844.invoke(core.clj:2051)
	at clojure.lang.AFn.call(AFn.java:18)
	at java.base/java.util.concurrent.FutureTask.run(FutureTask.java:328)
	at java.base/java.util.concurrent.ThreadPoolExecutor.runWorker(ThreadPoolExecutor.java:1090)
	at java.base/java.util.concurrent.ThreadPoolExecutor$Worker.run(ThreadPoolExecutor.java:614)
	at java.base/java.lang.Thread.run(Thread.java:1474)
2026-09-17 11:14:02,306{GMT}	INFO	[jepsen worker 4] jepsen.print: 4	:invoke	:write	"vs618073226-18-x"
2026-09-17 11:14:02,343{GMT}	INFO	[jepsen worker 4] jepsen.print: 4	:ok	:write	"vs618073226-18-x"
2026-09-17 11:14:02,834{GMT}	INFO	[jepsen worker 0] jepsen.print: 5	:invoke	:write	"vs618073226-21-x"
2026-09-17 11:14:02,869{GMT}	INFO	[jepsen worker 0] jepsen.print: 5	:ok	:write	"vs618073226-21-x"
2026-09-17 11:14:03,133{GMT}	INFO	[jepsen worker 0] jepsen.print: 5	:invoke	:watch-session	{:key "/jepsen/watch/s618073226", :start-revision :last, :prev-kv? true, :window-ms nil, :max-events nil, :resumes nil}
2026-09-17 11:14:03,133{GMT}	WARN	[jepsen worker 0] jepsen.generator.interpreter: Process 5 crashed
java.lang.IllegalArgumentException: Wrong object type used with protocol message reflection.
Field number: 1, field java type: MESSAGE, value type: clojure.lang.PersistentArrayMap

	at com.google.protobuf.FieldSet$Builder.verifyType(FieldSet.java:1232)
	at com.google.protobuf.FieldSet$Builder.setField(FieldSet.java:1099)
	at com.google.protobuf.DynamicMessage$Builder.setField(DynamicMessage.java:523)
	at jepsen.coord.proto$watch_req.invokeStatic(proto.clj:347)
	at jepsen.coord.proto$watch_req.invoke(proto.clj:342)
	at jepsen.coord.proto$open_watch.invokeStatic(proto.clj:412)
	at jepsen.coord.proto$open_watch.invoke(proto.clj:403)
	at jepsen.coord.proto$open_watch.invokeStatic(proto.clj:410)
	at jepsen.coord.proto$open_watch.invoke(proto.clj:403)
	at jepsen.coord.client$watch_open_BANG_$fn__540.invoke(client.clj:828)
	at jepsen.coord.client$watch_open_BANG_.invokeStatic(client.clj:827)
	at jepsen.coord.client$watch_open_BANG_.invoke(client.clj:808)
	at jepsen.coord.client$watch_until_BANG_.invokeStatic(client.clj:852)
	at jepsen.coord.client$watch_until_BANG_.invoke(client.clj:846)
	at jepsen.coord.client$invoke_watch_session.invokeStatic(client.clj:900)
	at jepsen.coord.client$invoke_watch_session.invoke(client.clj:877)
	at jepsen.coord.client$invoke_coord_BANG_$attempt__561.invoke(client.clj:944)
	at jepsen.coord.client$invoke_coord_BANG_.invokeStatic(client.clj:955)
	at jepsen.coord.client$invoke_coord_BANG_.invoke(client.clj:930)
	at jepsen.coord.client.CoordClient.invoke_BANG_(client.clj:1014)
	at jepsen.client.Validate.invoke_BANG_(client.clj:87)
	at jepsen.generator.interpreter.ClientWorker.invoke_BANG_(interpreter.clj:74)
	at jepsen.generator.interpreter$spawn_worker$fn__16151$fn__16152.invoke(interpreter.clj:149)
	at jepsen.generator.interpreter$spawn_worker$fn__16151.invoke(interpreter.clj:132)
	at clojure.core$binding_conveyor_fn$fn__5844.invoke(core.clj:2051)
	at clojure.lang.AFn.call(AFn.java:18)
	at java.base/java.util.concurrent.FutureTask.run(FutureTask.java:328)
	at java.base/java.util.concurrent.ThreadPoolExecutor.runWorker(ThreadPoolExecutor.java:1090)
	at java.base/java.util.concurrent.ThreadPoolExecutor$Worker.run(ThreadPoolExecutor.java:614)
	at java.base/java.lang.Thread.run(Thread.java:1474)
2026-09-17 11:14:03,374{GMT}	INFO	[jepsen worker 1] jepsen.print: 6	:invoke	:watch-session	{:key "/jepsen/watch/s618073226", :start-revision :last, :prev-kv? false, :window-ms nil, :max-events nil, :resumes nil}
2026-09-17 11:14:03,375{GMT}	INFO	[jepsen worker 1] jepsen.coord.client: Opening coord client on n2
2026-09-17 11:14:03,472{GMT}	INFO	[jepsen worker 2] jepsen.print: 2	:invoke	:watch-session	{:key "/jepsen/watch/s618073226", :start-revision 0, :prev-kv? true, :window-ms nil, :max-events nil, :resumes nil}
2026-09-17 11:14:03,473{GMT}	WARN	[jepsen worker 2] jepsen.generator.interpreter: Process 2 crashed
java.lang.IllegalArgumentException: Wrong object type used with protocol message reflection.
Field number: 1, field java type: MESSAGE, value type: clojure.lang.PersistentArrayMap

	at com.google.protobuf.FieldSet$Builder.verifyType(FieldSet.java:1232)
	at com.google.protobuf.FieldSet$Builder.setField(FieldSet.java:1099)
	at com.google.protobuf.DynamicMessage$Builder.setField(DynamicMessage.java:523)
	at jepsen.coord.proto$watch_req.invokeStatic(proto.clj:347)
	at jepsen.coord.proto$watch_req.invoke(proto.clj:342)
	at jepsen.coord.proto$open_watch.invokeStatic(proto.clj:412)
	at jepsen.coord.proto$open_watch.invoke(proto.clj:403)
	at jepsen.coord.proto$open_watch.invokeStatic(proto.clj:410)
	at jepsen.coord.proto$open_watch.invoke(proto.clj:403)
	at jepsen.coord.client$watch_open_BANG_$fn__540.invoke(client.clj:828)
	at jepsen.coord.client$watch_open_BANG_.invokeStatic(client.clj:827)
	at jepsen.coord.client$watch_open_BANG_.invoke(client.clj:808)
	at jepsen.coord.client$watch_until_BANG_.invokeStatic(client.clj:852)
	at jepsen.coord.client$watch_until_BANG_.invoke(client.clj:846)
	at jepsen.coord.client$invoke_watch_session.invokeStatic(client.clj:900)
	at jepsen.coord.client$invoke_watch_session.invoke(client.clj:877)
	at jepsen.coord.client$invoke_coord_BANG_$attempt__561.invoke(client.clj:944)
	at jepsen.coord.client$invoke_coord_BANG_.invokeStatic(client.clj:955)
	at jepsen.coord.client$invoke_coord_BANG_.invoke(client.clj:930)
	at jepsen.coord.client.CoordClient.invoke_BANG_(client.clj:1014)
	at jepsen.client.Validate.invoke_BANG_(client.clj:87)
	at jepsen.generator.interpreter.ClientWorker.invoke_BANG_(interpreter.clj:74)
	at jepsen.generator.interpreter$spawn_worker$fn__16151$fn__16152.invoke(interpreter.clj:149)
	at jepsen.generator.interpreter$spawn_worker$fn__16151.invoke(interpreter.clj:132)
	at clojure.core$binding_conveyor_fn$fn__5844.invoke(core.clj:2051)
	at clojure.lang.AFn.call(AFn.java:18)
	at java.base/java.util.concurrent.FutureTask.run(FutureTask.java:328)
	at java.base/java.util.concurrent.ThreadPoolExecutor.runWorker(ThreadPoolExecutor.java:1090)
	at java.base/java.util.concurrent.ThreadPoolExecutor$Worker.run(ThreadPoolExecutor.java:614)
	at java.base/java.lang.Thread.run(Thread.java:1474)
2026-09-17 11:14:03,511{GMT}	WARN	[jepsen worker 1] jepsen.generator.interpreter: Process 6 crashed
java.lang.IllegalArgumentException: Wrong object type used with protocol message reflection.
Field number: 1, field java type: MESSAGE, value type: clojure.lang.PersistentArrayMap

	at com.google.protobuf.FieldSet$Builder.verifyType(FieldSet.java:1232)
	at com.google.protobuf.FieldSet$Builder.setField(FieldSet.java:1099)
	at com.google.protobuf.DynamicMessage$Builder.setField(DynamicMessage.java:523)
	at jepsen.coord.proto$watch_req.invokeStatic(proto.clj:347)
	at jepsen.coord.proto$watch_req.invoke(proto.clj:342)
	at jepsen.coord.proto$open_watch.invokeStatic(proto.clj:412)
	at jepsen.coord.proto$open_watch.invoke(proto.clj:403)
	at jepsen.coord.proto$open_watch.invokeStatic(proto.clj:410)
	at jepsen.coord.proto$open_watch.invoke(proto.clj:403)
	at jepsen.coord.client$watch_open_BANG_$fn__540.invoke(client.clj:828)
	at jepsen.coord.client$watch_open_BANG_.invokeStatic(client.clj:827)
	at jepsen.coord.client$watch_open_BANG_.invoke(client.clj:808)
	at jepsen.coord.client$watch_until_BANG_.invokeStatic(client.clj:852)
	at jepsen.coord.client$watch_until_BANG_.invoke(client.clj:846)
	at jepsen.coord.client$invoke_watch_session.invokeStatic(client.clj:900)
	at jepsen.coord.client$invoke_watch_session.invoke(client.clj:877)
	at jepsen.coord.client$invoke_coord_BANG_$attempt__561.invoke(client.clj:944)
	at jepsen.coord.client$invoke_coord_BANG_.invokeStatic(client.clj:955)
	at jepsen.coord.client$invoke_coord_BANG_.invoke(client.clj:930)
	at jepsen.coord.client.CoordClient.invoke_BANG_(client.clj:1014)
	at jepsen.client.Validate.invoke_BANG_(client.clj:87)
	at jepsen.generator.interpreter.ClientWorker.invoke_BANG_(interpreter.clj:74)
	at jepsen.generator.interpreter$spawn_worker$fn__16151$fn__16152.invoke(interpreter.clj:149)
	at jepsen.generator.interpreter$spawn_worker$fn__16151.invoke(interpreter.clj:132)
	at clojure.core$binding_conveyor_fn$fn__5844.invoke(core.clj:2051)
	at clojure.lang.AFn.call(AFn.java:18)
	at java.base/java.util.concurrent.FutureTask.run(FutureTask.java:328)
	at java.base/java.util.concurrent.ThreadPoolExecutor.runWorker(ThreadPoolExecutor.java:1090)
	at java.base/java.util.concurrent.ThreadPoolExecutor$Worker.run(ThreadPoolExecutor.java:614)
	at java.base/java.lang.Thread.run(Thread.java:1474)
2026-09-17 11:14:05,310{GMT}	INFO	[jepsen worker 3] jepsen.print: 13	:invoke	:write	"vs618073226-25-x"
2026-09-17 11:14:05,310{GMT}	INFO	[jepsen worker 3] jepsen.coord.client: Opening coord client on n1
2026-09-17 11:14:05,485{GMT}	INFO	[jepsen worker 3] jepsen.print: 13	:ok	:write	"vs618073226-25-x"
2026-09-17 11:14:05,553{GMT}	INFO	[jepsen worker 4] jepsen.print: 4	:invoke	:watch-session	{:key "/jepsen/watch/s618073226", :start-revision :last, :prev-kv? true, :window-ms nil, :max-events nil, :resumes nil}
2026-09-17 11:14:05,554{GMT}	WARN	[jepsen worker 4] jepsen.generator.interpreter: Process 4 crashed
java.lang.IllegalArgumentException: Wrong object type used with protocol message reflection.
Field number: 1, field java type: MESSAGE, value type: clojure.lang.PersistentArrayMap

	at com.google.protobuf.FieldSet$Builder.verifyType(FieldSet.java:1232)
	at com.google.protobuf.FieldSet$Builder.setField(FieldSet.java:1099)
	at com.google.protobuf.DynamicMessage$Builder.setField(DynamicMessage.java:523)
	at jepsen.coord.proto$watch_req.invokeStatic(proto.clj:347)
	at jepsen.coord.proto$watch_req.invoke(proto.clj:342)
	at jepsen.coord.proto$open_watch.invokeStatic(proto.clj:412)
	at jepsen.coord.proto$open_watch.invoke(proto.clj:403)
	at jepsen.coord.proto$open_watch.invokeStatic(proto.clj:410)
	at jepsen.coord.proto$open_watch.invoke(proto.clj:403)
	at jepsen.coord.client$watch_open_BANG_$fn__540.invoke(client.clj:828)
	at jepsen.coord.client$watch_open_BANG_.invokeStatic(client.clj:827)
	at jepsen.coord.client$watch_open_BANG_.invoke(client.clj:808)
	at jepsen.coord.client$watch_until_BANG_.invokeStatic(client.clj:852)
	at jepsen.coord.client$watch_until_BANG_.invoke(client.clj:846)
	at jepsen.coord.client$invoke_watch_session.invokeStatic(client.clj:900)
	at jepsen.coord.client$invoke_watch_session.invoke(client.clj:877)
	at jepsen.coord.client$invoke_coord_BANG_$attempt__561.invoke(client.clj:944)
	at jepsen.coord.client$invoke_coord_BANG_.invokeStatic(client.clj:955)
	at jepsen.coord.client$invoke_coord_BANG_.invoke(client.clj:930)
	at jepsen.coord.client.CoordClient.invoke_BANG_(client.clj:1014)
	at jepsen.client.Validate.invoke_BANG_(client.clj:87)
	at jepsen.generator.interpreter.ClientWorker.invoke_BANG_(interpreter.clj:74)
	at jepsen.generator.interpreter$spawn_worker$fn__16151$fn__16152.invoke(interpreter.clj:149)
	at jepsen.generator.interpreter$spawn_worker$fn__16151.invoke(interpreter.clj:132)
	at clojure.core$binding_conveyor_fn$fn__5844.invoke(core.clj:2051)
	at clojure.lang.AFn.call(AFn.java:18)
	at java.base/java.util.concurrent.FutureTask.run(FutureTask.java:328)
	at java.base/java.util.concurrent.ThreadPoolExecutor.runWorker(ThreadPoolExecutor.java:1090)
	at java.base/java.util.concurrent.ThreadPoolExecutor$Worker.run(ThreadPoolExecutor.java:614)
	at java.base/java.lang.Thread.run(Thread.java:1474)
2026-09-17 11:14:05,582{GMT}	INFO	[jepsen worker 0] jepsen.print: 10	:invoke	:watch-session	{:key "/jepsen/watch/s618073226", :start-revision 0, :prev-kv? true, :window-ms nil, :max-events nil, :resumes nil}
2026-09-17 11:14:05,583{GMT}	INFO	[jepsen worker 0] jepsen.coord.client: Opening coord client on n1
2026-09-17 11:14:05,701{GMT}	WARN	[jepsen worker 0] jepsen.generator.interpreter: Process 10 crashed
java.lang.IllegalArgumentException: Wrong object type used with protocol message reflection.
Field number: 1, field java type: MESSAGE, value type: clojure.lang.PersistentArrayMap

	at com.google.protobuf.FieldSet$Builder.verifyType(FieldSet.java:1232)
	at com.google.protobuf.FieldSet$Builder.setField(FieldSet.java:1099)
	at com.google.protobuf.DynamicMessage$Builder.setField(DynamicMessage.java:523)
	at jepsen.coord.proto$watch_req.invokeStatic(proto.clj:347)
	at jepsen.coord.proto$watch_req.invoke(proto.clj:342)
	at jepsen.coord.proto$open_watch.invokeStatic(proto.clj:412)
	at jepsen.coord.proto$open_watch.invoke(proto.clj:403)
	at jepsen.coord.proto$open_watch.invokeStatic(proto.clj:410)
	at jepsen.coord.proto$open_watch.invoke(proto.clj:403)
	at jepsen.coord.client$watch_open_BANG_$fn__540.invoke(client.clj:828)
	at jepsen.coord.client$watch_open_BANG_.invokeStatic(client.clj:827)
	at jepsen.coord.client$watch_open_BANG_.invoke(client.clj:808)
	at jepsen.coord.client$watch_until_BANG_.invokeStatic(client.clj:852)
	at jepsen.coord.client$watch_until_BANG_.invoke(client.clj:846)
	at jepsen.coord.client$invoke_watch_session.invokeStatic(client.clj:900)
	at jepsen.coord.client$invoke_watch_session.invoke(client.clj:877)
	at jepsen.coord.client$invoke_coord_BANG_$attempt__561.invoke(client.clj:944)
	at jepsen.coord.client$invoke_coord_BANG_.invokeStatic(client.clj:955)
	at jepsen.coord.client$invoke_coord_BANG_.invoke(client.clj:930)
	at jepsen.coord.client.CoordClient.invoke_BANG_(client.clj:1014)
	at jepsen.client.Validate.invoke_BANG_(client.clj:87)
	at jepsen.generator.interpreter.ClientWorker.invoke_BANG_(interpreter.clj:74)
	at jepsen.generator.interpreter$spawn_worker$fn__16151$fn__16152.invoke(interpreter.clj:149)
	at jepsen.generator.interpreter$spawn_worker$fn__16151.invoke(interpreter.clj:132)
	at clojure.core$binding_conveyor_fn$fn__5844.invoke(core.clj:2051)
	at clojure.lang.AFn.call(AFn.java:18)
	at java.base/java.util.concurrent.FutureTask.run(FutureTask.java:328)
	at java.base/java.util.concurrent.ThreadPoolExecutor.runWorker(ThreadPoolExecutor.java:1090)
	at java.base/java.util.concurrent.ThreadPoolExecutor$Worker.run(ThreadPoolExecutor.java:614)
	at java.base/java.lang.Thread.run(Thread.java:1474)
2026-09-17 11:14:05,807{GMT}	INFO	[jepsen worker nemesis] jepsen.print: :nemesis	:info	:start	nil
2026-09-17 11:14:05,822{GMT}	INFO	[jepsen worker nemesis] jepsen.print: :nemesis	:info	:start	{"n1" [:killed "n1"]}
2026-09-17 11:14:05,888{GMT}	INFO	[jepsen worker 2] jepsen.print: 7	:invoke	:watch-session	{:key "/jepsen/watch/s618073226", :start-revision 0, :prev-kv? true, :window-ms nil, :max-events nil, :resumes nil}
2026-09-17 11:14:05,889{GMT}	INFO	[jepsen worker 2] jepsen.coord.client: Opening coord client on n3
2026-09-17 11:14:05,908{GMT}	INFO	[jepsen worker 3] jepsen.print: 13	:invoke	:watch-session	{:key "/jepsen/watch/s618073226", :start-revision 0, :prev-kv? true, :window-ms nil, :max-events nil, :resumes nil}
2026-09-17 11:14:05,910{GMT}	WARN	[jepsen worker 3] jepsen.generator.interpreter: Process 13 crashed
java.lang.IllegalArgumentException: Wrong object type used with protocol message reflection.
Field number: 1, field java type: MESSAGE, value type: clojure.lang.PersistentArrayMap

	at com.google.protobuf.FieldSet$Builder.verifyType(FieldSet.java:1232)
	at com.google.protobuf.FieldSet$Builder.setField(FieldSet.java:1099)
	at com.google.protobuf.DynamicMessage$Builder.setField(DynamicMessage.java:523)
	at jepsen.coord.proto$watch_req.invokeStatic(proto.clj:347)
	at jepsen.coord.proto$watch_req.invoke(proto.clj:342)
	at jepsen.coord.proto$open_watch.invokeStatic(proto.clj:412)
	at jepsen.coord.proto$open_watch.invoke(proto.clj:403)
	at jepsen.coord.proto$open_watch.invokeStatic(proto.clj:410)
	at jepsen.coord.proto$open_watch.invoke(proto.clj:403)
	at jepsen.coord.client$watch_open_BANG_$fn__540.invoke(client.clj:828)
	at jepsen.coord.client$watch_open_BANG_.invokeStatic(client.clj:827)
	at jepsen.coord.client$watch_open_BANG_.invoke(client.clj:808)
	at jepsen.coord.client$watch_until_BANG_.invokeStatic(client.clj:852)
	at jepsen.coord.client$watch_until_BANG_.invoke(client.clj:846)
	at jepsen.coord.client$invoke_watch_session.invokeStatic(client.clj:900)
	at jepsen.coord.client$invoke_watch_session.invoke(client.clj:877)
	at jepsen.coord.client$invoke_coord_BANG_$attempt__561.invoke(client.clj:944)
	at jepsen.coord.client$invoke_coord_BANG_.invokeStatic(client.clj:955)
	at jepsen.coord.client$invoke_coord_BANG_.invoke(client.clj:930)
	at jepsen.coord.client.CoordClient.invoke_BANG_(client.clj:1014)
	at jepsen.client.Validate.invoke_BANG_(client.clj:87)
	at jepsen.generator.interpreter.ClientWorker.invoke_BANG_(interpreter.clj:74)
	at jepsen.generator.interpreter$spawn_worker$fn__16151$fn__16152.invoke(interpreter.clj:149)
	at jepsen.generator.interpreter$spawn_worker$fn__16151.invoke(interpreter.clj:132)
	at clojure.core$binding_conveyor_fn$fn__5844.invoke(core.clj:2051)
	at clojure.lang.AFn.call(AFn.java:18)
	at java.base/java.util.concurrent.FutureTask.run(FutureTask.java:328)
	at java.base/java.util.concurrent.ThreadPoolExecutor.runWorker(ThreadPoolExecutor.java:1090)
	at java.base/java.util.concurrent.ThreadPoolExecutor$Worker.run(ThreadPoolExecutor.java:614)
	at java.base/java.lang.Thread.run(Thread.java:1474)
2026-09-17 11:14:06,145{GMT}	INFO	[jepsen worker 4] jepsen.print: 9	:invoke	:watch-session	{:key "/jepsen/watch/s618073226", :start-revision 0, :prev-kv? true, :window-ms nil, :max-events nil, :resumes nil}
2026-09-17 11:14:06,145{GMT}	INFO	[jepsen worker 4] jepsen.coord.client: Opening coord client on n2
2026-09-17 11:14:06,263{GMT}	INFO	[jepsen worker 0] jepsen.print: 15	:invoke	:write	"vs618073226-27-x"
2026-09-17 11:14:06,264{GMT}	INFO	[jepsen worker 0] jepsen.coord.client: Opening coord client on n1
2026-09-17 11:14:06,337{GMT}	INFO	[jepsen worker 1] jepsen.print: 11	:invoke	:write	"vs618073226-29-x"
2026-09-17 11:14:06,338{GMT}	INFO	[jepsen worker 1] jepsen.coord.client: Opening coord client on n2
2026-09-17 11:14:06,617{GMT}	INFO	[jepsen worker 3] jepsen.print: 18	:invoke	:write	"vs618073226-31-x"
2026-09-17 11:14:06,618{GMT}	INFO	[jepsen worker 3] jepsen.coord.client: Opening coord client on n1
2026-09-17 11:14:06,681{GMT}	WARN	[jepsen worker 2] jepsen.generator.interpreter: Process 7 crashed
java.lang.IllegalArgumentException: Wrong object type used with protocol message reflection.
Field number: 1, field java type: MESSAGE, value type: clojure.lang.PersistentArrayMap

	at com.google.protobuf.FieldSet$Builder.verifyType(FieldSet.java:1232)
	at com.google.protobuf.FieldSet$Builder.setField(FieldSet.java:1099)
	at com.google.protobuf.DynamicMessage$Builder.setField(DynamicMessage.java:523)
	at jepsen.coord.proto$watch_req.invokeStatic(proto.clj:347)
	at jepsen.coord.proto$watch_req.invoke(proto.clj:342)
	at jepsen.coord.proto$open_watch.invokeStatic(proto.clj:412)
	at jepsen.coord.proto$open_watch.invoke(proto.clj:403)
	at jepsen.coord.proto$open_watch.invokeStatic(proto.clj:410)
	at jepsen.coord.proto$open_watch.invoke(proto.clj:403)
	at jepsen.coord.client$watch_open_BANG_$fn__540.invoke(client.clj:828)
	at jepsen.coord.client$watch_open_BANG_.invokeStatic(client.clj:827)
	at jepsen.coord.client$watch_open_BANG_.invoke(client.clj:808)
	at jepsen.coord.client$watch_until_BANG_.invokeStatic(client.clj:852)
	at jepsen.coord.client$watch_until_BANG_.invoke(client.clj:846)
	at jepsen.coord.client$invoke_watch_session.invokeStatic(client.clj:900)
	at jepsen.coord.client$invoke_watch_session.invoke(client.clj:877)
	at jepsen.coord.client$invoke_coord_BANG_$attempt__561.invoke(client.clj:944)
	at jepsen.coord.client$invoke_coord_BANG_.invokeStatic(client.clj:955)
	at jepsen.coord.client$invoke_coord_BANG_.invoke(client.clj:930)
	at jepsen.coord.client.CoordClient.invoke_BANG_(client.clj:1014)
	at jepsen.client.Validate.invoke_BANG_(client.clj:87)
	at jepsen.generator.interpreter.ClientWorker.invoke_BANG_(interpreter.clj:74)
	at jepsen.generator.interpreter$spawn_worker$fn__16151$fn__16152.invoke(interpreter.clj:149)
	at jepsen.generator.interpreter$spawn_worker$fn__16151.invoke(interpreter.clj:132)
	at clojure.core$binding_conveyor_fn$fn__5844.invoke(core.clj:2051)
	at clojure.lang.AFn.call(AFn.java:18)
	at java.base/java.util.concurrent.FutureTask.run(FutureTask.java:328)
	at java.base/java.util.concurrent.ThreadPoolExecutor.runWorker(ThreadPoolExecutor.java:1090)
	at java.base/java.util.concurrent.ThreadPoolExecutor$Worker.run(ThreadPoolExecutor.java:614)
	at java.base/java.lang.Thread.run(Thread.java:1474)
2026-09-17 11:14:06,706{GMT}	INFO	[jepsen worker 2] jepsen.print: 12	:invoke	:write	"vs618073226-32-x"
2026-09-17 11:14:06,707{GMT}	INFO	[jepsen worker 2] jepsen.coord.client: Opening coord client on n3
2026-09-17 11:14:06,726{GMT}	WARN	[jepsen worker 4] jepsen.generator.interpreter: Process 9 crashed
java.lang.IllegalArgumentException: Wrong object type used with protocol message reflection.
Field number: 1, field java type: MESSAGE, value type: clojure.lang.PersistentArrayMap

	at com.google.protobuf.FieldSet$Builder.verifyType(FieldSet.java:1232)
	at com.google.protobuf.FieldSet$Builder.setField(FieldSet.java:1099)
	at com.google.protobuf.DynamicMessage$Builder.setField(DynamicMessage.java:523)
	at jepsen.coord.proto$watch_req.invokeStatic(proto.clj:347)
	at jepsen.coord.proto$watch_req.invoke(proto.clj:342)
	at jepsen.coord.proto$open_watch.invokeStatic(proto.clj:412)
	at jepsen.coord.proto$open_watch.invoke(proto.clj:403)
	at jepsen.coord.proto$open_watch.invokeStatic(proto.clj:410)
	at jepsen.coord.proto$open_watch.invoke(proto.clj:403)
	at jepsen.coord.client$watch_open_BANG_$fn__540.invoke(client.clj:828)
	at jepsen.coord.client$watch_open_BANG_.invokeStatic(client.clj:827)
	at jepsen.coord.client$watch_open_BANG_.invoke(client.clj:808)
	at jepsen.coord.client$watch_until_BANG_.invokeStatic(client.clj:852)
	at jepsen.coord.client$watch_until_BANG_.invoke(client.clj:846)
	at jepsen.coord.client$invoke_watch_session.invokeStatic(client.clj:900)
	at jepsen.coord.client$invoke_watch_session.invoke(client.clj:877)
	at jepsen.coord.client$invoke_coord_BANG_$attempt__561.invoke(client.clj:944)
	at jepsen.coord.client$invoke_coord_BANG_.invokeStatic(client.clj:955)
	at jepsen.coord.client$invoke_coord_BANG_.invoke(client.clj:930)
	at jepsen.coord.client.CoordClient.invoke_BANG_(client.clj:1014)
	at jepsen.client.Validate.invoke_BANG_(client.clj:87)
	at jepsen.generator.interpreter.ClientWorker.invoke_BANG_(interpreter.clj:74)
	at jepsen.generator.interpreter$spawn_worker$fn__16151$fn__16152.invoke(interpreter.clj:149)
	at jepsen.generator.interpreter$spawn_worker$fn__16151.invoke(interpreter.clj:132)
	at clojure.core$binding_conveyor_fn$fn__5844.invoke(core.clj:2051)
	at clojure.lang.AFn.call(AFn.java:18)
	at java.base/java.util.concurrent.FutureTask.run(FutureTask.java:328)
	at java.base/java.util.concurrent.ThreadPoolExecutor.runWorker(ThreadPoolExecutor.java:1090)
	at java.base/java.util.concurrent.ThreadPoolExecutor$Worker.run(ThreadPoolExecutor.java:614)
	at java.base/java.lang.Thread.run(Thread.java:1474)
2026-09-17 11:14:06,810{GMT}	INFO	[jepsen worker 1] jepsen.print: 11	:ok	:write	"vs618073226-29-x"
2026-09-17 11:14:06,843{GMT}	INFO	[jepsen worker 0] jepsen.print: 15	:ok	:write	"vs618073226-27-x"
2026-09-17 11:14:07,077{GMT}	INFO	[jepsen worker 3] jepsen.print: 18	:ok	:write	"vs618073226-31-x"
2026-09-17 11:14:07,112{GMT}	INFO	[jepsen worker 2] jepsen.print: 12	:ok	:write	"vs618073226-32-x"
2026-09-17 11:14:07,519{GMT}	INFO	[jepsen worker 3] jepsen.print: 18	:invoke	:write	"vs618073226-34-x"
2026-09-17 11:14:07,545{GMT}	INFO	[jepsen worker 3] jepsen.print: 18	:ok	:write	"vs618073226-34-x"
2026-09-17 11:14:08,653{GMT}	INFO	[jepsen worker 4] jepsen.print: 14	:invoke	:watch-session	{:key "/jepsen/watch/s618073226", :start-revision :last, :prev-kv? false, :window-ms nil, :max-events nil, :resumes nil}
2026-09-17 11:14:08,654{GMT}	INFO	[jepsen worker 4] jepsen.coord.client: Opening coord client on n2
2026-09-17 11:14:08,786{GMT}	INFO	[jepsen worker 0] jepsen.print: 15	:invoke	:write	"vs618073226-33-x"
2026-09-17 11:14:08,809{GMT}	WARN	[jepsen worker 4] jepsen.generator.interpreter: Process 14 crashed
java.lang.IllegalArgumentException: Wrong object type used with protocol message reflection.
Field number: 1, field java type: MESSAGE, value type: clojure.lang.PersistentArrayMap

	at com.google.protobuf.FieldSet$Builder.verifyType(FieldSet.java:1232)
	at com.google.protobuf.FieldSet$Builder.setField(FieldSet.java:1099)
	at com.google.protobuf.DynamicMessage$Builder.setField(DynamicMessage.java:523)
	at jepsen.coord.proto$watch_req.invokeStatic(proto.clj:347)
	at jepsen.coord.proto$watch_req.invoke(proto.clj:342)
	at jepsen.coord.proto$open_watch.invokeStatic(proto.clj:412)
	at jepsen.coord.proto$open_watch.invoke(proto.clj:403)
	at jepsen.coord.proto$open_watch.invokeStatic(proto.clj:410)
	at jepsen.coord.proto$open_watch.invoke(proto.clj:403)
	at jepsen.coord.client$watch_open_BANG_$fn__540.invoke(client.clj:828)
	at jepsen.coord.client$watch_open_BANG_.invokeStatic(client.clj:827)
	at jepsen.coord.client$watch_open_BANG_.invoke(client.clj:808)
	at jepsen.coord.client$watch_until_BANG_.invokeStatic(client.clj:852)
	at jepsen.coord.client$watch_until_BANG_.invoke(client.clj:846)
	at jepsen.coord.client$invoke_watch_session.invokeStatic(client.clj:900)
	at jepsen.coord.client$invoke_watch_session.invoke(client.clj:877)
	at jepsen.coord.client$invoke_coord_BANG_$attempt__561.invoke(client.clj:944)
	at jepsen.coord.client$invoke_coord_BANG_.invokeStatic(client.clj:955)
	at jepsen.coord.client$invoke_coord_BANG_.invoke(client.clj:930)
	at jepsen.coord.client.CoordClient.invoke_BANG_(client.clj:1014)
	at jepsen.client.Validate.invoke_BANG_(client.clj:87)
	at jepsen.generator.interpreter.ClientWorker.invoke_BANG_(interpreter.clj:74)
	at jepsen.generator.interpreter$spawn_worker$fn__16151$fn__16152.invoke(interpreter.clj:149)
	at jepsen.generator.interpreter$spawn_worker$fn__16151.invoke(interpreter.clj:132)
	at clojure.core$binding_conveyor_fn$fn__5844.invoke(core.clj:2051)
	at clojure.lang.AFn.call(AFn.java:18)
	at java.base/java.util.concurrent.FutureTask.run(FutureTask.java:328)
	at java.base/java.util.concurrent.ThreadPoolExecutor.runWorker(ThreadPoolExecutor.java:1090)
	at java.base/java.util.concurrent.ThreadPoolExecutor$Worker.run(ThreadPoolExecutor.java:614)
	at java.base/java.lang.Thread.run(Thread.java:1474)
2026-09-17 11:14:08,818{GMT}	INFO	[jepsen worker 0] jepsen.print: 15	:ok	:write	"vs618073226-33-x"
2026-09-17 11:14:09,511{GMT}	INFO	[jepsen worker 0] jepsen.print: 15	:invoke	:write	"vs618073226-38-x"
2026-09-17 11:14:09,538{GMT}	INFO	[jepsen worker 0] jepsen.print: 15	:ok	:write	"vs618073226-38-x"
2026-09-17 11:14:09,610{GMT}	INFO	[jepsen worker 1] jepsen.print: 11	:invoke	:watch-session	{:key "/jepsen/watch/s618073226", :start-revision 0, :prev-kv? true, :window-ms nil, :max-events nil, :resumes nil}
2026-09-17 11:14:09,611{GMT}	WARN	[jepsen worker 1] jepsen.generator.interpreter: Process 11 crashed
java.lang.IllegalArgumentException: Wrong object type used with protocol message reflection.
Field number: 1, field java type: MESSAGE, value type: clojure.lang.PersistentArrayMap

	at com.google.protobuf.FieldSet$Builder.verifyType(FieldSet.java:1232)
	at com.google.protobuf.FieldSet$Builder.setField(FieldSet.java:1099)
	at com.google.protobuf.DynamicMessage$Builder.setField(DynamicMessage.java:523)
	at jepsen.coord.proto$watch_req.invokeStatic(proto.clj:347)
	at jepsen.coord.proto$watch_req.invoke(proto.clj:342)
	at jepsen.coord.proto$open_watch.invokeStatic(proto.clj:412)
	at jepsen.coord.proto$open_watch.invoke(proto.clj:403)
	at jepsen.coord.proto$open_watch.invokeStatic(proto.clj:410)
	at jepsen.coord.proto$open_watch.invoke(proto.clj:403)
	at jepsen.coord.client$watch_open_BANG_$fn__540.invoke(client.clj:828)
	at jepsen.coord.client$watch_open_BANG_.invokeStatic(client.clj:827)
	at jepsen.coord.client$watch_open_BANG_.invoke(client.clj:808)
	at jepsen.coord.client$watch_until_BANG_.invokeStatic(client.clj:852)
	at jepsen.coord.client$watch_until_BANG_.invoke(client.clj:846)
	at jepsen.coord.client$invoke_watch_session.invokeStatic(client.clj:900)
	at jepsen.coord.client$invoke_watch_session.invoke(client.clj:877)
	at jepsen.coord.client$invoke_coord_BANG_$attempt__561.invoke(client.clj:944)
	at jepsen.coord.client$invoke_coord_BANG_.invokeStatic(client.clj:955)
	at jepsen.coord.client$invoke_coord_BANG_.invoke(client.clj:930)
	at jepsen.coord.client.CoordClient.invoke_BANG_(client.clj:1014)
	at jepsen.client.Validate.invoke_BANG_(client.clj:87)
	at jepsen.generator.interpreter.ClientWorker.invoke_BANG_(interpreter.clj:74)
	at jepsen.generator.interpreter$spawn_worker$fn__16151$fn__16152.invoke(interpreter.clj:149)
	at jepsen.generator.interpreter$spawn_worker$fn__16151.invoke(interpreter.clj:132)
	at clojure.core$binding_conveyor_fn$fn__5844.invoke(core.clj:2051)
	at clojure.lang.AFn.call(AFn.java:18)
	at java.base/java.util.concurrent.FutureTask.run(FutureTask.java:328)
	at java.base/java.util.concurrent.ThreadPoolExecutor.runWorker(ThreadPoolExecutor.java:1090)
	at java.base/java.util.concurrent.ThreadPoolExecutor$Worker.run(ThreadPoolExecutor.java:614)
	at java.base/java.lang.Thread.run(Thread.java:1474)
2026-09-17 11:14:09,651{GMT}	INFO	[jepsen worker 2] jepsen.print: 12	:invoke	:watch-session	{:key "/jepsen/watch/s618073226", :start-revision 0, :prev-kv? true, :window-ms nil, :max-events nil, :resumes nil}
2026-09-17 11:14:09,651{GMT}	WARN	[jepsen worker 2] jepsen.generator.interpreter: Process 12 crashed
java.lang.IllegalArgumentException: Wrong object type used with protocol message reflection.
Field number: 1, field java type: MESSAGE, value type: clojure.lang.PersistentArrayMap

	at com.google.protobuf.FieldSet$Builder.verifyType(FieldSet.java:1232)
	at com.google.protobuf.FieldSet$Builder.setField(FieldSet.java:1099)
	at com.google.protobuf.DynamicMessage$Builder.setField(DynamicMessage.java:523)
	at jepsen.coord.proto$watch_req.invokeStatic(proto.clj:347)
	at jepsen.coord.proto$watch_req.invoke(proto.clj:342)
	at jepsen.coord.proto$open_watch.invokeStatic(proto.clj:412)
	at jepsen.coord.proto$open_watch.invoke(proto.clj:403)
	at jepsen.coord.proto$open_watch.invokeStatic(proto.clj:410)
	at jepsen.coord.proto$open_watch.invoke(proto.clj:403)
	at jepsen.coord.client$watch_open_BANG_$fn__540.invoke(client.clj:828)
	at jepsen.coord.client$watch_open_BANG_.invokeStatic(client.clj:827)
	at jepsen.coord.client$watch_open_BANG_.invoke(client.clj:808)
	at jepsen.coord.client$watch_until_BANG_.invokeStatic(client.clj:852)
	at jepsen.coord.client$watch_until_BANG_.invoke(client.clj:846)
	at jepsen.coord.client$invoke_watch_session.invokeStatic(client.clj:900)
	at jepsen.coord.client$invoke_watch_session.invoke(client.clj:877)
	at jepsen.coord.client$invoke_coord_BANG_$attempt__561.invoke(client.clj:944)
	at jepsen.coord.client$invoke_coord_BANG_.invokeStatic(client.clj:955)
	at jepsen.coord.client$invoke_coord_BANG_.invoke(client.clj:930)
	at jepsen.coord.client.CoordClient.invoke_BANG_(client.clj:1014)
	at jepsen.client.Validate.invoke_BANG_(client.clj:87)
	at jepsen.generator.interpreter.ClientWorker.invoke_BANG_(interpreter.clj:74)
	at jepsen.generator.interpreter$spawn_worker$fn__16151$fn__16152.invoke(interpreter.clj:149)
	at jepsen.generator.interpreter$spawn_worker$fn__16151.invoke(interpreter.clj:132)
	at clojure.core$binding_conveyor_fn$fn__5844.invoke(core.clj:2051)
	at clojure.lang.AFn.call(AFn.java:18)
	at java.base/java.util.concurrent.FutureTask.run(FutureTask.java:328)
	at java.base/java.util.concurrent.ThreadPoolExecutor.runWorker(ThreadPoolExecutor.java:1090)
	at java.base/java.util.concurrent.ThreadPoolExecutor$Worker.run(ThreadPoolExecutor.java:614)
	at java.base/java.lang.Thread.run(Thread.java:1474)
2026-09-17 11:14:10,422{GMT}	INFO	[jepsen worker 3] jepsen.print: 18	:invoke	:write	"vs618073226-41-x"
2026-09-17 11:14:10,447{GMT}	INFO	[jepsen worker 3] jepsen.print: 18	:ok	:write	"vs618073226-41-x"
2026-09-17 11:14:10,835{GMT}	INFO	[jepsen worker 4] jepsen.print: 19	:invoke	:write	"vs618073226-44-x"
2026-09-17 11:14:10,836{GMT}	INFO	[jepsen worker 4] jepsen.coord.client: Opening coord client on n2
2026-09-17 11:14:10,900{GMT}	INFO	[jepsen worker nemesis] jepsen.print: :nemesis	:info	:stop	nil
2026-09-17 11:14:10,940{GMT}	INFO	[jepsen node n1] jepsen.coord.db: Restarting coord on n1
2026-09-17 11:14:10,940{GMT}	INFO	[jepsen node n1] jepsen.control.util: Starting coord
2026-09-17 11:14:10,995{GMT}	INFO	[jepsen worker 4] jepsen.print: 19	:ok	:write	"vs618073226-44-x"
2026-09-17 11:14:11,060{GMT}	INFO	[jepsen node n1] jepsen.coord.db: Waiting for coord on n1 to be ready
2026-09-17 11:14:11,167{GMT}	INFO	[jepsen worker 0] jepsen.print: 15	:invoke	:watch-session	{:key "/jepsen/watch/s618073226", :start-revision 0, :prev-kv? true, :window-ms nil, :max-events nil, :resumes nil}
2026-09-17 11:14:11,167{GMT}	WARN	[jepsen worker 0] jepsen.generator.interpreter: Process 15 crashed
java.lang.IllegalArgumentException: Wrong object type used with protocol message reflection.
Field number: 1, field java type: MESSAGE, value type: clojure.lang.PersistentArrayMap

	at com.google.protobuf.FieldSet$Builder.verifyType(FieldSet.java:1232)
	at com.google.protobuf.FieldSet$Builder.setField(FieldSet.java:1099)
	at com.google.protobuf.DynamicMessage$Builder.setField(DynamicMessage.java:523)
	at jepsen.coord.proto$watch_req.invokeStatic(proto.clj:347)
	at jepsen.coord.proto$watch_req.invoke(proto.clj:342)
	at jepsen.coord.proto$open_watch.invokeStatic(proto.clj:412)
	at jepsen.coord.proto$open_watch.invoke(proto.clj:403)
	at jepsen.coord.proto$open_watch.invokeStatic(proto.clj:410)
	at jepsen.coord.proto$open_watch.invoke(proto.clj:403)
	at jepsen.coord.client$watch_open_BANG_$fn__540.invoke(client.clj:828)
	at jepsen.coord.client$watch_open_BANG_.invokeStatic(client.clj:827)
	at jepsen.coord.client$watch_open_BANG_.invoke(client.clj:808)
	at jepsen.coord.client$watch_until_BANG_.invokeStatic(client.clj:852)
	at jepsen.coord.client$watch_until_BANG_.invoke(client.clj:846)
	at jepsen.coord.client$invoke_watch_session.invokeStatic(client.clj:900)
	at jepsen.coord.client$invoke_watch_session.invoke(client.clj:877)
	at jepsen.coord.client$invoke_coord_BANG_$attempt__561.invoke(client.clj:944)
	at jepsen.coord.client$invoke_coord_BANG_.invokeStatic(client.clj:955)
	at jepsen.coord.client$invoke_coord_BANG_.invoke(client.clj:930)
	at jepsen.coord.client.CoordClient.invoke_BANG_(client.clj:1014)
	at jepsen.client.Validate.invoke_BANG_(client.clj:87)
	at jepsen.generator.interpreter.ClientWorker.invoke_BANG_(interpreter.clj:74)
	at jepsen.generator.interpreter$spawn_worker$fn__16151$fn__16152.invoke(interpreter.clj:149)
	at jepsen.generator.interpreter$spawn_worker$fn__16151.invoke(interpreter.clj:132)
	at clojure.core$binding_conveyor_fn$fn__5844.invoke(core.clj:2051)
	at clojure.lang.AFn.call(AFn.java:18)
	at java.base/java.util.concurrent.FutureTask.run(FutureTask.java:328)
	at java.base/java.util.concurrent.ThreadPoolExecutor.runWorker(ThreadPoolExecutor.java:1090)
	at java.base/java.util.concurrent.ThreadPoolExecutor$Worker.run(ThreadPoolExecutor.java:614)
	at java.base/java.lang.Thread.run(Thread.java:1474)
2026-09-17 11:14:11,199{GMT}	INFO	[jepsen node n1] jepsen.coord.db: coord n1 is ready
2026-09-17 11:14:11,200{GMT}	INFO	[jepsen worker nemesis] jepsen.print: :nemesis	:info	:stop	{"n1" [:restarted "n1"]}
2026-09-17 11:14:11,290{GMT}	INFO	[jepsen worker 2] jepsen.print: 17	:invoke	:watch-session	{:key "/jepsen/watch/s618073226", :start-revision :last, :prev-kv? true, :window-ms nil, :max-events nil, :resumes nil}
2026-09-17 11:14:11,291{GMT}	INFO	[jepsen worker 2] jepsen.coord.client: Opening coord client on n3
2026-09-17 11:14:11,420{GMT}	WARN	[jepsen worker 2] jepsen.generator.interpreter: Process 17 crashed
java.lang.IllegalArgumentException: Wrong object type used with protocol message reflection.
Field number: 1, field java type: MESSAGE, value type: clojure.lang.PersistentArrayMap

	at com.google.protobuf.FieldSet$Builder.verifyType(FieldSet.java:1232)
	at com.google.protobuf.FieldSet$Builder.setField(FieldSet.java:1099)
	at com.google.protobuf.DynamicMessage$Builder.setField(DynamicMessage.java:523)
	at jepsen.coord.proto$watch_req.invokeStatic(proto.clj:347)
	at jepsen.coord.proto$watch_req.invoke(proto.clj:342)
	at jepsen.coord.proto$open_watch.invokeStatic(proto.clj:412)
	at jepsen.coord.proto$open_watch.invoke(proto.clj:403)
	at jepsen.coord.proto$open_watch.invokeStatic(proto.clj:410)
	at jepsen.coord.proto$open_watch.invoke(proto.clj:403)
	at jepsen.coord.client$watch_open_BANG_$fn__540.invoke(client.clj:828)
	at jepsen.coord.client$watch_open_BANG_.invokeStatic(client.clj:827)
	at jepsen.coord.client$watch_open_BANG_.invoke(client.clj:808)
	at jepsen.coord.client$watch_until_BANG_.invokeStatic(client.clj:852)
	at jepsen.coord.client$watch_until_BANG_.invoke(client.clj:846)
	at jepsen.coord.client$invoke_watch_session.invokeStatic(client.clj:900)
	at jepsen.coord.client$invoke_watch_session.invoke(client.clj:877)
	at jepsen.coord.client$invoke_coord_BANG_$attempt__561.invoke(client.clj:944)
	at jepsen.coord.client$invoke_coord_BANG_.invokeStatic(client.clj:955)
	at jepsen.coord.client$invoke_coord_BANG_.invoke(client.clj:930)
	at jepsen.coord.client.CoordClient.invoke_BANG_(client.clj:1014)
	at jepsen.client.Validate.invoke_BANG_(client.clj:87)
	at jepsen.generator.interpreter.ClientWorker.invoke_BANG_(interpreter.clj:74)
	at jepsen.generator.interpreter$spawn_worker$fn__16151$fn__16152.invoke(interpreter.clj:149)
	at jepsen.generator.interpreter$spawn_worker$fn__16151.invoke(interpreter.clj:132)
	at clojure.core$binding_conveyor_fn$fn__5844.invoke(core.clj:2051)
	at clojure.lang.AFn.call(AFn.java:18)
	at java.base/java.util.concurrent.FutureTask.run(FutureTask.java:328)
	at java.base/java.util.concurrent.ThreadPoolExecutor.runWorker(ThreadPoolExecutor.java:1090)
	at java.base/java.util.concurrent.ThreadPoolExecutor$Worker.run(ThreadPoolExecutor.java:614)
	at java.base/java.lang.Thread.run(Thread.java:1474)
2026-09-17 11:14:11,969{GMT}	INFO	[jepsen worker 3] jepsen.print: 18	:invoke	:watch-session	{:key "/jepsen/watch/s618073226", :start-revision 0, :prev-kv? false, :window-ms nil, :max-events nil, :resumes nil}
2026-09-17 11:14:11,969{GMT}	WARN	[jepsen worker 3] jepsen.generator.interpreter: Process 18 crashed
java.lang.IllegalArgumentException: Wrong object type used with protocol message reflection.
Field number: 1, field java type: MESSAGE, value type: clojure.lang.PersistentArrayMap

	at com.google.protobuf.FieldSet$Builder.verifyType(FieldSet.java:1232)
	at com.google.protobuf.FieldSet$Builder.setField(FieldSet.java:1099)
	at com.google.protobuf.DynamicMessage$Builder.setField(DynamicMessage.java:523)
	at jepsen.coord.proto$watch_req.invokeStatic(proto.clj:347)
	at jepsen.coord.proto$watch_req.invoke(proto.clj:342)
	at jepsen.coord.proto$open_watch.invokeStatic(proto.clj:412)
	at jepsen.coord.proto$open_watch.invoke(proto.clj:403)
	at jepsen.coord.proto$open_watch.invokeStatic(proto.clj:410)
	at jepsen.coord.proto$open_watch.invoke(proto.clj:403)
	at jepsen.coord.client$watch_open_BANG_$fn__540.invoke(client.clj:828)
	at jepsen.coord.client$watch_open_BANG_.invokeStatic(client.clj:827)
	at jepsen.coord.client$watch_open_BANG_.invoke(client.clj:808)
	at jepsen.coord.client$watch_until_BANG_.invokeStatic(client.clj:852)
	at jepsen.coord.client$watch_until_BANG_.invoke(client.clj:846)
	at jepsen.coord.client$invoke_watch_session.invokeStatic(client.clj:900)
	at jepsen.coord.client$invoke_watch_session.invoke(client.clj:877)
	at jepsen.coord.client$invoke_coord_BANG_$attempt__561.invoke(client.clj:944)
	at jepsen.coord.client$invoke_coord_BANG_.invokeStatic(client.clj:955)
	at jepsen.coord.client$invoke_coord_BANG_.invoke(client.clj:930)
	at jepsen.coord.client.CoordClient.invoke_BANG_(client.clj:1014)
	at jepsen.client.Validate.invoke_BANG_(client.clj:87)
	at jepsen.generator.interpreter.ClientWorker.invoke_BANG_(interpreter.clj:74)
	at jepsen.generator.interpreter$spawn_worker$fn__16151$fn__16152.invoke(interpreter.clj:149)
	at jepsen.generator.interpreter$spawn_worker$fn__16151.invoke(interpreter.clj:132)
	at clojure.core$binding_conveyor_fn$fn__5844.invoke(core.clj:2051)
	at clojure.lang.AFn.call(AFn.java:18)
	at java.base/java.util.concurrent.FutureTask.run(FutureTask.java:328)
	at java.base/java.util.concurrent.ThreadPoolExecutor.runWorker(ThreadPoolExecutor.java:1090)
	at java.base/java.util.concurrent.ThreadPoolExecutor$Worker.run(ThreadPoolExecutor.java:614)
	at java.base/java.lang.Thread.run(Thread.java:1474)
2026-09-17 11:14:12,163{GMT}	INFO	[jepsen worker 4] jepsen.print: 19	:invoke	:write	"vs618073226-47-x"
2026-09-17 11:14:12,192{GMT}	INFO	[jepsen worker 4] jepsen.print: 19	:ok	:write	"vs618073226-47-x"
2026-09-17 11:14:12,199{GMT}	INFO	[jepsen worker 0] jepsen.print: 20	:invoke	:write	"vs618073226-50-x"
2026-09-17 11:14:12,200{GMT}	INFO	[jepsen worker 0] jepsen.coord.client: Opening coord client on n1
2026-09-17 11:14:12,424{GMT}	INFO	[jepsen worker 0] jepsen.print: 20	:ok	:write	"vs618073226-50-x"
2026-09-17 11:14:13,159{GMT}	INFO	[jepsen worker 0] jepsen.print: 20	:invoke	:watch-session	{:key "/jepsen/watch/s618073226", :start-revision 0, :prev-kv? true, :window-ms nil, :max-events nil, :resumes nil}
2026-09-17 11:14:13,160{GMT}	WARN	[jepsen worker 0] jepsen.generator.interpreter: Process 20 crashed
java.lang.IllegalArgumentException: Wrong object type used with protocol message reflection.
Field number: 1, field java type: MESSAGE, value type: clojure.lang.PersistentArrayMap

	at com.google.protobuf.FieldSet$Builder.verifyType(FieldSet.java:1232)
	at com.google.protobuf.FieldSet$Builder.setField(FieldSet.java:1099)
	at com.google.protobuf.DynamicMessage$Builder.setField(DynamicMessage.java:523)
	at jepsen.coord.proto$watch_req.invokeStatic(proto.clj:347)
	at jepsen.coord.proto$watch_req.invoke(proto.clj:342)
	at jepsen.coord.proto$open_watch.invokeStatic(proto.clj:412)
	at jepsen.coord.proto$open_watch.invoke(proto.clj:403)
	at jepsen.coord.proto$open_watch.invokeStatic(proto.clj:410)
	at jepsen.coord.proto$open_watch.invoke(proto.clj:403)
	at jepsen.coord.client$watch_open_BANG_$fn__540.invoke(client.clj:828)
	at jepsen.coord.client$watch_open_BANG_.invokeStatic(client.clj:827)
	at jepsen.coord.client$watch_open_BANG_.invoke(client.clj:808)
	at jepsen.coord.client$watch_until_BANG_.invokeStatic(client.clj:852)
	at jepsen.coord.client$watch_until_BANG_.invoke(client.clj:846)
	at jepsen.coord.client$invoke_watch_session.invokeStatic(client.clj:900)
	at jepsen.coord.client$invoke_watch_session.invoke(client.clj:877)
	at jepsen.coord.client$invoke_coord_BANG_$attempt__561.invoke(client.clj:944)
	at jepsen.coord.client$invoke_coord_BANG_.invokeStatic(client.clj:955)
	at jepsen.coord.client$invoke_coord_BANG_.invoke(client.clj:930)
	at jepsen.coord.client.CoordClient.invoke_BANG_(client.clj:1014)
	at jepsen.client.Validate.invoke_BANG_(client.clj:87)
	at jepsen.generator.interpreter.ClientWorker.invoke_BANG_(interpreter.clj:74)
	at jepsen.generator.interpreter$spawn_worker$fn__16151$fn__16152.invoke(interpreter.clj:149)
	at jepsen.generator.interpreter$spawn_worker$fn__16151.invoke(interpreter.clj:132)
	at clojure.core$binding_conveyor_fn$fn__5844.invoke(core.clj:2051)
	at clojure.lang.AFn.call(AFn.java:18)
	at java.base/java.util.concurrent.FutureTask.run(FutureTask.java:328)
	at java.base/java.util.concurrent.ThreadPoolExecutor.runWorker(ThreadPoolExecutor.java:1090)
	at java.base/java.util.concurrent.ThreadPoolExecutor$Worker.run(ThreadPoolExecutor.java:614)
	at java.base/java.lang.Thread.run(Thread.java:1474)
2026-09-17 11:14:13,680{GMT}	INFO	[jepsen worker 1] jepsen.print: 16	:invoke	:write	"vs618073226-53-x"
2026-09-17 11:14:13,681{GMT}	INFO	[jepsen worker 1] jepsen.coord.client: Opening coord client on n2
2026-09-17 11:14:13,913{GMT}	INFO	[jepsen worker 1] jepsen.print: 16	:ok	:write	"vs618073226-53-x"
2026-09-17 11:14:13,945{GMT}	INFO	[jepsen worker 2] jepsen.print: 22	:invoke	:watch-session	{:key "/jepsen/watch/s618073226", :start-revision :last, :prev-kv? false, :window-ms nil, :max-events nil, :resumes nil}
2026-09-17 11:14:13,946{GMT}	INFO	[jepsen worker 2] jepsen.coord.client: Opening coord client on n3
2026-09-17 11:14:14,086{GMT}	WARN	[jepsen worker 2] jepsen.generator.interpreter: Process 22 crashed
java.lang.IllegalArgumentException: Wrong object type used with protocol message reflection.
Field number: 1, field java type: MESSAGE, value type: clojure.lang.PersistentArrayMap

	at com.google.protobuf.FieldSet$Builder.verifyType(FieldSet.java:1232)
	at com.google.protobuf.FieldSet$Builder.setField(FieldSet.java:1099)
	at com.google.protobuf.DynamicMessage$Builder.setField(DynamicMessage.java:523)
	at jepsen.coord.proto$watch_req.invokeStatic(proto.clj:347)
	at jepsen.coord.proto$watch_req.invoke(proto.clj:342)
	at jepsen.coord.proto$open_watch.invokeStatic(proto.clj:412)
	at jepsen.coord.proto$open_watch.invoke(proto.clj:403)
	at jepsen.coord.proto$open_watch.invokeStatic(proto.clj:410)
	at jepsen.coord.proto$open_watch.invoke(proto.clj:403)
	at jepsen.coord.client$watch_open_BANG_$fn__540.invoke(client.clj:828)
	at jepsen.coord.client$watch_open_BANG_.invokeStatic(client.clj:827)
	at jepsen.coord.client$watch_open_BANG_.invoke(client.clj:808)
	at jepsen.coord.client$watch_until_BANG_.invokeStatic(client.clj:852)
	at jepsen.coord.client$watch_until_BANG_.invoke(client.clj:846)
	at jepsen.coord.client$invoke_watch_session.invokeStatic(client.clj:900)
	at jepsen.coord.client$invoke_watch_session.invoke(client.clj:877)
	at jepsen.coord.client$invoke_coord_BANG_$attempt__561.invoke(client.clj:944)
	at jepsen.coord.client$invoke_coord_BANG_.invokeStatic(client.clj:955)
	at jepsen.coord.client$invoke_coord_BANG_.invoke(client.clj:930)
	at jepsen.coord.client.CoordClient.invoke_BANG_(client.clj:1014)
	at jepsen.client.Validate.invoke_BANG_(client.clj:87)
	at jepsen.generator.interpreter.ClientWorker.invoke_BANG_(interpreter.clj:74)
	at jepsen.generator.interpreter$spawn_worker$fn__16151$fn__16152.invoke(interpreter.clj:149)
	at jepsen.generator.interpreter$spawn_worker$fn__16151.invoke(interpreter.clj:132)
	at clojure.core$binding_conveyor_fn$fn__5844.invoke(core.clj:2051)
	at clojure.lang.AFn.call(AFn.java:18)
	at java.base/java.util.concurrent.FutureTask.run(FutureTask.java:328)
	at java.base/java.util.concurrent.ThreadPoolExecutor.runWorker(ThreadPoolExecutor.java:1090)
	at java.base/java.util.concurrent.ThreadPoolExecutor$Worker.run(ThreadPoolExecutor.java:614)
	at java.base/java.lang.Thread.run(Thread.java:1474)
2026-09-17 11:14:14,303{GMT}	INFO	[jepsen worker 3] jepsen.print: 23	:invoke	:watch-session	{:key "/jepsen/watch/s618073226", :start-revision :last, :prev-kv? false, :window-ms nil, :max-events nil, :resumes nil}
2026-09-17 11:14:14,303{GMT}	INFO	[jepsen worker 3] jepsen.coord.client: Opening coord client on n1
2026-09-17 11:14:14,480{GMT}	WARN	[jepsen worker 3] jepsen.generator.interpreter: Process 23 crashed
java.lang.IllegalArgumentException: Wrong object type used with protocol message reflection.
Field number: 1, field java type: MESSAGE, value type: clojure.lang.PersistentArrayMap

	at com.google.protobuf.FieldSet$Builder.verifyType(FieldSet.java:1232)
	at com.google.protobuf.FieldSet$Builder.setField(FieldSet.java:1099)
	at com.google.protobuf.DynamicMessage$Builder.setField(DynamicMessage.java:523)
	at jepsen.coord.proto$watch_req.invokeStatic(proto.clj:347)
	at jepsen.coord.proto$watch_req.invoke(proto.clj:342)
	at jepsen.coord.proto$open_watch.invokeStatic(proto.clj:412)
	at jepsen.coord.proto$open_watch.invoke(proto.clj:403)
	at jepsen.coord.proto$open_watch.invokeStatic(proto.clj:410)
	at jepsen.coord.proto$open_watch.invoke(proto.clj:403)
	at jepsen.coord.client$watch_open_BANG_$fn__540.invoke(client.clj:828)
	at jepsen.coord.client$watch_open_BANG_.invokeStatic(client.clj:827)
	at jepsen.coord.client$watch_open_BANG_.invoke(client.clj:808)
	at jepsen.coord.client$watch_until_BANG_.invokeStatic(client.clj:852)
	at jepsen.coord.client$watch_until_BANG_.invoke(client.clj:846)
	at jepsen.coord.client$invoke_watch_session.invokeStatic(client.clj:900)
	at jepsen.coord.client$invoke_watch_session.invoke(client.clj:877)
	at jepsen.coord.client$invoke_coord_BANG_$attempt__561.invoke(client.clj:944)
	at jepsen.coord.client$invoke_coord_BANG_.invokeStatic(client.clj:955)
	at jepsen.coord.client$invoke_coord_BANG_.invoke(client.clj:930)
	at jepsen.coord.client.CoordClient.invoke_BANG_(client.clj:1014)
	at jepsen.client.Validate.invoke_BANG_(client.clj:87)
	at jepsen.generator.interpreter.ClientWorker.invoke_BANG_(interpreter.clj:74)
	at jepsen.generator.interpreter$spawn_worker$fn__16151$fn__16152.invoke(interpreter.clj:149)
	at jepsen.generator.interpreter$spawn_worker$fn__16151.invoke(interpreter.clj:132)
	at clojure.core$binding_conveyor_fn$fn__5844.invoke(core.clj:2051)
	at clojure.lang.AFn.call(AFn.java:18)
	at java.base/java.util.concurrent.FutureTask.run(FutureTask.java:328)
	at java.base/java.util.concurrent.ThreadPoolExecutor.runWorker(ThreadPoolExecutor.java:1090)
	at java.base/java.util.concurrent.ThreadPoolExecutor$Worker.run(ThreadPoolExecutor.java:614)
	at java.base/java.lang.Thread.run(Thread.java:1474)
2026-09-17 11:14:14,965{GMT}	INFO	[jepsen worker 4] jepsen.print: 19	:invoke	:write	"vs618073226-56-x"
2026-09-17 11:14:14,999{GMT}	INFO	[jepsen worker 4] jepsen.print: 19	:ok	:write	"vs618073226-56-x"
2026-09-17 11:14:15,096{GMT}	INFO	[jepsen worker 0] jepsen.print: 25	:invoke	:watch-session	{:key "/jepsen/watch/s618073226", :start-revision 0, :prev-kv? true, :window-ms nil, :max-events nil, :resumes nil}
2026-09-17 11:14:15,097{GMT}	INFO	[jepsen worker 0] jepsen.coord.client: Opening coord client on n1
2026-09-17 11:14:15,306{GMT}	WARN	[jepsen worker 0] jepsen.generator.interpreter: Process 25 crashed
java.lang.IllegalArgumentException: Wrong object type used with protocol message reflection.
Field number: 1, field java type: MESSAGE, value type: clojure.lang.PersistentArrayMap

	at com.google.protobuf.FieldSet$Builder.verifyType(FieldSet.java:1232)
	at com.google.protobuf.FieldSet$Builder.setField(FieldSet.java:1099)
	at com.google.protobuf.DynamicMessage$Builder.setField(DynamicMessage.java:523)
	at jepsen.coord.proto$watch_req.invokeStatic(proto.clj:347)
	at jepsen.coord.proto$watch_req.invoke(proto.clj:342)
	at jepsen.coord.proto$open_watch.invokeStatic(proto.clj:412)
	at jepsen.coord.proto$open_watch.invoke(proto.clj:403)
	at jepsen.coord.proto$open_watch.invokeStatic(proto.clj:410)
	at jepsen.coord.proto$open_watch.invoke(proto.clj:403)
	at jepsen.coord.client$watch_open_BANG_$fn__540.invoke(client.clj:828)
	at jepsen.coord.client$watch_open_BANG_.invokeStatic(client.clj:827)
	at jepsen.coord.client$watch_open_BANG_.invoke(client.clj:808)
	at jepsen.coord.client$watch_until_BANG_.invokeStatic(client.clj:852)
	at jepsen.coord.client$watch_until_BANG_.invoke(client.clj:846)
	at jepsen.coord.client$invoke_watch_session.invokeStatic(client.clj:900)
	at jepsen.coord.client$invoke_watch_session.invoke(client.clj:877)
	at jepsen.coord.client$invoke_coord_BANG_$attempt__561.invoke(client.clj:944)
	at jepsen.coord.client$invoke_coord_BANG_.invokeStatic(client.clj:955)
	at jepsen.coord.client$invoke_coord_BANG_.invoke(client.clj:930)
	at jepsen.coord.client.CoordClient.invoke_BANG_(client.clj:1014)
	at jepsen.client.Validate.invoke_BANG_(client.clj:87)
	at jepsen.generator.interpreter.ClientWorker.invoke_BANG_(interpreter.clj:74)
	at jepsen.generator.interpreter$spawn_worker$fn__16151$fn__16152.invoke(interpreter.clj:149)
	at jepsen.generator.interpreter$spawn_worker$fn__16151.invoke(interpreter.clj:132)
	at clojure.core$binding_conveyor_fn$fn__5844.invoke(core.clj:2051)
	at clojure.lang.AFn.call(AFn.java:18)
	at java.base/java.util.concurrent.FutureTask.run(FutureTask.java:328)
	at java.base/java.util.concurrent.ThreadPoolExecutor.runWorker(ThreadPoolExecutor.java:1090)
	at java.base/java.util.concurrent.ThreadPoolExecutor$Worker.run(ThreadPoolExecutor.java:614)
	at java.base/java.lang.Thread.run(Thread.java:1474)
2026-09-17 11:14:15,375{GMT}	INFO	[jepsen worker 0] jepsen.print: 30	:invoke	:watch-session	{:key "/jepsen/watch/s618073226", :start-revision :last, :prev-kv? false, :window-ms nil, :max-events nil, :resumes nil}
2026-09-17 11:14:15,376{GMT}	INFO	[jepsen worker 0] jepsen.coord.client: Opening coord client on n1
2026-09-17 11:14:15,555{GMT}	WARN	[jepsen worker 0] jepsen.generator.interpreter: Process 30 crashed
java.lang.IllegalArgumentException: Wrong object type used with protocol message reflection.
Field number: 1, field java type: MESSAGE, value type: clojure.lang.PersistentArrayMap

	at com.google.protobuf.FieldSet$Builder.verifyType(FieldSet.java:1232)
	at com.google.protobuf.FieldSet$Builder.setField(FieldSet.java:1099)
	at com.google.protobuf.DynamicMessage$Builder.setField(DynamicMessage.java:523)
	at jepsen.coord.proto$watch_req.invokeStatic(proto.clj:347)
	at jepsen.coord.proto$watch_req.invoke(proto.clj:342)
	at jepsen.coord.proto$open_watch.invokeStatic(proto.clj:412)
	at jepsen.coord.proto$open_watch.invoke(proto.clj:403)
	at jepsen.coord.proto$open_watch.invokeStatic(proto.clj:410)
	at jepsen.coord.proto$open_watch.invoke(proto.clj:403)
	at jepsen.coord.client$watch_open_BANG_$fn__540.invoke(client.clj:828)
	at jepsen.coord.client$watch_open_BANG_.invokeStatic(client.clj:827)
	at jepsen.coord.client$watch_open_BANG_.invoke(client.clj:808)
	at jepsen.coord.client$watch_until_BANG_.invokeStatic(client.clj:852)
	at jepsen.coord.client$watch_until_BANG_.invoke(client.clj:846)
	at jepsen.coord.client$invoke_watch_session.invokeStatic(client.clj:900)
	at jepsen.coord.client$invoke_watch_session.invoke(client.clj:877)
	at jepsen.coord.client$invoke_coord_BANG_$attempt__561.invoke(client.clj:944)
	at jepsen.coord.client$invoke_coord_BANG_.invokeStatic(client.clj:955)
	at jepsen.coord.client$invoke_coord_BANG_.invoke(client.clj:930)
	at jepsen.coord.client.CoordClient.invoke_BANG_(client.clj:1014)
	at jepsen.client.Validate.invoke_BANG_(client.clj:87)
	at jepsen.generator.interpreter.ClientWorker.invoke_BANG_(interpreter.clj:74)
	at jepsen.generator.interpreter$spawn_worker$fn__16151$fn__16152.invoke(interpreter.clj:149)
	at jepsen.generator.interpreter$spawn_worker$fn__16151.invoke(interpreter.clj:132)
	at clojure.core$binding_conveyor_fn$fn__5844.invoke(core.clj:2051)
	at clojure.lang.AFn.call(AFn.java:18)
	at java.base/java.util.concurrent.FutureTask.run(FutureTask.java:328)
	at java.base/java.util.concurrent.ThreadPoolExecutor.runWorker(ThreadPoolExecutor.java:1090)
	at java.base/java.util.concurrent.ThreadPoolExecutor$Worker.run(ThreadPoolExecutor.java:614)
	at java.base/java.lang.Thread.run(Thread.java:1474)
2026-09-17 11:14:15,559{GMT}	INFO	[jepsen worker 1] jepsen.print: 16	:invoke	:write	"vs618073226-59-x"
2026-09-17 11:14:15,602{GMT}	INFO	[jepsen worker 1] jepsen.print: 16	:ok	:write	"vs618073226-59-x"
2026-09-17 11:14:15,759{GMT}	INFO	[jepsen worker 2] jepsen.print: 27	:invoke	:watch-session	{:key "/jepsen/watch/s618073226", :start-revision :last, :prev-kv? true, :window-ms nil, :max-events nil, :resumes nil}
2026-09-17 11:14:15,760{GMT}	INFO	[jepsen worker 2] jepsen.coord.client: Opening coord client on n3
2026-09-17 11:14:15,830{GMT}	INFO	[jepsen worker 3] jepsen.print: 28	:invoke	:write	"vs618073226-61-x"
2026-09-17 11:14:15,830{GMT}	INFO	[jepsen worker 3] jepsen.coord.client: Opening coord client on n1
2026-09-17 11:14:15,948{GMT}	WARN	[jepsen worker 2] jepsen.generator.interpreter: Process 27 crashed
java.lang.IllegalArgumentException: Wrong object type used with protocol message reflection.
Field number: 1, field java type: MESSAGE, value type: clojure.lang.PersistentArrayMap

	at com.google.protobuf.FieldSet$Builder.verifyType(FieldSet.java:1232)
	at com.google.protobuf.FieldSet$Builder.setField(FieldSet.java:1099)
	at com.google.protobuf.DynamicMessage$Builder.setField(DynamicMessage.java:523)
	at jepsen.coord.proto$watch_req.invokeStatic(proto.clj:347)
	at jepsen.coord.proto$watch_req.invoke(proto.clj:342)
	at jepsen.coord.proto$open_watch.invokeStatic(proto.clj:412)
	at jepsen.coord.proto$open_watch.invoke(proto.clj:403)
	at jepsen.coord.proto$open_watch.invokeStatic(proto.clj:410)
	at jepsen.coord.proto$open_watch.invoke(proto.clj:403)
	at jepsen.coord.client$watch_open_BANG_$fn__540.invoke(client.clj:828)
	at jepsen.coord.client$watch_open_BANG_.invokeStatic(client.clj:827)
	at jepsen.coord.client$watch_open_BANG_.invoke(client.clj:808)
	at jepsen.coord.client$watch_until_BANG_.invokeStatic(client.clj:852)
	at jepsen.coord.client$watch_until_BANG_.invoke(client.clj:846)
	at jepsen.coord.client$invoke_watch_session.invokeStatic(client.clj:900)
	at jepsen.coord.client$invoke_watch_session.invoke(client.clj:877)
	at jepsen.coord.client$invoke_coord_BANG_$attempt__561.invoke(client.clj:944)
	at jepsen.coord.client$invoke_coord_BANG_.invokeStatic(client.clj:955)
	at jepsen.coord.client$invoke_coord_BANG_.invoke(client.clj:930)
	at jepsen.coord.client.CoordClient.invoke_BANG_(client.clj:1014)
	at jepsen.client.Validate.invoke_BANG_(client.clj:87)
	at jepsen.generator.interpreter.ClientWorker.invoke_BANG_(interpreter.clj:74)
	at jepsen.generator.interpreter$spawn_worker$fn__16151$fn__16152.invoke(interpreter.clj:149)
	at jepsen.generator.interpreter$spawn_worker$fn__16151.invoke(interpreter.clj:132)
	at clojure.core$binding_conveyor_fn$fn__5844.invoke(core.clj:2051)
	at clojure.lang.AFn.call(AFn.java:18)
	at java.base/java.util.concurrent.FutureTask.run(FutureTask.java:328)
	at java.base/java.util.concurrent.ThreadPoolExecutor.runWorker(ThreadPoolExecutor.java:1090)
	at java.base/java.util.concurrent.ThreadPoolExecutor$Worker.run(ThreadPoolExecutor.java:614)
	at java.base/java.lang.Thread.run(Thread.java:1474)
2026-09-17 11:14:16,080{GMT}	INFO	[jepsen worker 3] jepsen.print: 28	:ok	:write	"vs618073226-61-x"
2026-09-17 11:14:16,236{GMT}	INFO	[jepsen worker 4] jepsen.print: 19	:invoke	:write	"vs618073226-65-x"
2026-09-17 11:14:16,269{GMT}	INFO	[jepsen worker 4] jepsen.print: 19	:ok	:write	"vs618073226-65-x"
2026-09-17 11:14:16,464{GMT}	INFO	[jepsen worker 0] jepsen.print: 35	:invoke	:watch-session	{:key "/jepsen/watch/s618073226", :start-revision :last, :prev-kv? false, :window-ms nil, :max-events nil, :resumes nil}
2026-09-17 11:14:16,464{GMT}	INFO	[jepsen worker 0] jepsen.coord.client: Opening coord client on n1
2026-09-17 11:14:16,621{GMT}	INFO	[jepsen worker nemesis] jepsen.print: :nemesis	:info	:start	nil
2026-09-17 11:14:16,632{GMT}	INFO	[jepsen worker nemesis] jepsen.print: :nemesis	:info	:start	{"n3" [:killed "n3"]}
2026-09-17 11:14:16,731{GMT}	INFO	[jepsen worker 2] jepsen.print: 32	:invoke	:watch-session	{:key "/jepsen/watch/s618073226", :start-revision 0, :prev-kv? false, :window-ms nil, :max-events nil, :resumes nil}
2026-09-17 11:14:16,731{GMT}	INFO	[jepsen worker 2] jepsen.coord.client: Opening coord client on n3
2026-09-17 11:14:17,048{GMT}	INFO	[jepsen worker 3] jepsen.print: 28	:invoke	:write	"vs618073226-67-x"
2026-09-17 11:14:17,053{GMT}	INFO	[jepsen worker 3] jepsen.print: 28	:info	:write	"vs618073226-67-x"	:unavailable-maybe-applied
2026-09-17 11:14:17,244{GMT}	WARN	[jepsen worker 0] jepsen.generator.interpreter: Process 35 crashed
java.lang.IllegalArgumentException: Wrong object type used with protocol message reflection.
Field number: 1, field java type: MESSAGE, value type: clojure.lang.PersistentArrayMap

	at com.google.protobuf.FieldSet$Builder.verifyType(FieldSet.java:1232)
	at com.google.protobuf.FieldSet$Builder.setField(FieldSet.java:1099)
	at com.google.protobuf.DynamicMessage$Builder.setField(DynamicMessage.java:523)
	at jepsen.coord.proto$watch_req.invokeStatic(proto.clj:347)
	at jepsen.coord.proto$watch_req.invoke(proto.clj:342)
	at jepsen.coord.proto$open_watch.invokeStatic(proto.clj:412)
	at jepsen.coord.proto$open_watch.invoke(proto.clj:403)
	at jepsen.coord.proto$open_watch.invokeStatic(proto.clj:410)
	at jepsen.coord.proto$open_watch.invoke(proto.clj:403)
	at jepsen.coord.client$watch_open_BANG_$fn__540.invoke(client.clj:828)
	at jepsen.coord.client$watch_open_BANG_.invokeStatic(client.clj:827)
	at jepsen.coord.client$watch_open_BANG_.invoke(client.clj:808)
	at jepsen.coord.client$watch_until_BANG_.invokeStatic(client.clj:852)
	at jepsen.coord.client$watch_until_BANG_.invoke(client.clj:846)
	at jepsen.coord.client$invoke_watch_session.invokeStatic(client.clj:900)
	at jepsen.coord.client$invoke_watch_session.invoke(client.clj:877)
	at jepsen.coord.client$invoke_coord_BANG_$attempt__561.invoke(client.clj:944)
	at jepsen.coord.client$invoke_coord_BANG_.invokeStatic(client.clj:955)
	at jepsen.coord.client$invoke_coord_BANG_.invoke(client.clj:930)
	at jepsen.coord.client.CoordClient.invoke_BANG_(client.clj:1014)
	at jepsen.client.Validate.invoke_BANG_(client.clj:87)
	at jepsen.generator.interpreter.ClientWorker.invoke_BANG_(interpreter.clj:74)
	at jepsen.generator.interpreter$spawn_worker$fn__16151$fn__16152.invoke(interpreter.clj:149)
	at jepsen.generator.interpreter$spawn_worker$fn__16151.invoke(interpreter.clj:132)
	at clojure.core$binding_conveyor_fn$fn__5844.invoke(core.clj:2051)
	at clojure.lang.AFn.call(AFn.java:18)
	at java.base/java.util.concurrent.FutureTask.run(FutureTask.java:328)
	at java.base/java.util.concurrent.ThreadPoolExecutor.runWorker(ThreadPoolExecutor.java:1090)
	at java.base/java.util.concurrent.ThreadPoolExecutor$Worker.run(ThreadPoolExecutor.java:614)
	at java.base/java.lang.Thread.run(Thread.java:1474)
2026-09-17 11:14:17,340{GMT}	WARN	[jepsen worker 2] jepsen.generator.interpreter: Process 32 crashed
java.lang.IllegalArgumentException: Wrong object type used with protocol message reflection.
Field number: 1, field java type: MESSAGE, value type: clojure.lang.PersistentArrayMap

	at com.google.protobuf.FieldSet$Builder.verifyType(FieldSet.java:1232)
	at com.google.protobuf.FieldSet$Builder.setField(FieldSet.java:1099)
	at com.google.protobuf.DynamicMessage$Builder.setField(DynamicMessage.java:523)
	at jepsen.coord.proto$watch_req.invokeStatic(proto.clj:347)
	at jepsen.coord.proto$watch_req.invoke(proto.clj:342)
	at jepsen.coord.proto$open_watch.invokeStatic(proto.clj:412)
	at jepsen.coord.proto$open_watch.invoke(proto.clj:403)
	at jepsen.coord.proto$open_watch.invokeStatic(proto.clj:410)
	at jepsen.coord.proto$open_watch.invoke(proto.clj:403)
	at jepsen.coord.client$watch_open_BANG_$fn__540.invoke(client.clj:828)
	at jepsen.coord.client$watch_open_BANG_.invokeStatic(client.clj:827)
	at jepsen.coord.client$watch_open_BANG_.invoke(client.clj:808)
	at jepsen.coord.client$watch_until_BANG_.invokeStatic(client.clj:852)
	at jepsen.coord.client$watch_until_BANG_.invoke(client.clj:846)
	at jepsen.coord.client$invoke_watch_session.invokeStatic(client.clj:900)
	at jepsen.coord.client$invoke_watch_session.invoke(client.clj:877)
	at jepsen.coord.client$invoke_coord_BANG_$attempt__561.invoke(client.clj:944)
	at jepsen.coord.client$invoke_coord_BANG_.invokeStatic(client.clj:955)
	at jepsen.coord.client$invoke_coord_BANG_.invoke(client.clj:930)
	at jepsen.coord.client.CoordClient.invoke_BANG_(client.clj:1014)
	at jepsen.client.Validate.invoke_BANG_(client.clj:87)
	at jepsen.generator.interpreter.ClientWorker.invoke_BANG_(interpreter.clj:74)
	at jepsen.generator.interpreter$spawn_worker$fn__16151$fn__16152.invoke(interpreter.clj:149)
	at jepsen.generator.interpreter$spawn_worker$fn__16151.invoke(interpreter.clj:132)
	at clojure.core$binding_conveyor_fn$fn__5844.invoke(core.clj:2051)
	at clojure.lang.AFn.call(AFn.java:18)
	at java.base/java.util.concurrent.FutureTask.run(FutureTask.java:328)
	at java.base/java.util.concurrent.ThreadPoolExecutor.runWorker(ThreadPoolExecutor.java:1090)
	at java.base/java.util.concurrent.ThreadPoolExecutor$Worker.run(ThreadPoolExecutor.java:614)
	at java.base/java.lang.Thread.run(Thread.java:1474)
2026-09-17 11:14:17,784{GMT}	INFO	[jepsen worker 4] jepsen.print: 19	:invoke	:watch-session	{:key "/jepsen/watch/s618073226", :start-revision 0, :prev-kv? false, :window-ms nil, :max-events nil, :resumes nil}
2026-09-17 11:14:17,784{GMT}	WARN	[jepsen worker 4] jepsen.generator.interpreter: Process 19 crashed
java.lang.IllegalArgumentException: Wrong object type used with protocol message reflection.
Field number: 1, field java type: MESSAGE, value type: clojure.lang.PersistentArrayMap

	at com.google.protobuf.FieldSet$Builder.verifyType(FieldSet.java:1232)
	at com.google.protobuf.FieldSet$Builder.setField(FieldSet.java:1099)
	at com.google.protobuf.DynamicMessage$Builder.setField(DynamicMessage.java:523)
	at jepsen.coord.proto$watch_req.invokeStatic(proto.clj:347)
	at jepsen.coord.proto$watch_req.invoke(proto.clj:342)
	at jepsen.coord.proto$open_watch.invokeStatic(proto.clj:412)
	at jepsen.coord.proto$open_watch.invoke(proto.clj:403)
	at jepsen.coord.proto$open_watch.invokeStatic(proto.clj:410)
	at jepsen.coord.proto$open_watch.invoke(proto.clj:403)
	at jepsen.coord.client$watch_open_BANG_$fn__540.invoke(client.clj:828)
	at jepsen.coord.client$watch_open_BANG_.invokeStatic(client.clj:827)
	at jepsen.coord.client$watch_open_BANG_.invoke(client.clj:808)
	at jepsen.coord.client$watch_until_BANG_.invokeStatic(client.clj:852)
	at jepsen.coord.client$watch_until_BANG_.invoke(client.clj:846)
	at jepsen.coord.client$invoke_watch_session.invokeStatic(client.clj:900)
	at jepsen.coord.client$invoke_watch_session.invoke(client.clj:877)
	at jepsen.coord.client$invoke_coord_BANG_$attempt__561.invoke(client.clj:944)
	at jepsen.coord.client$invoke_coord_BANG_.invokeStatic(client.clj:955)
	at jepsen.coord.client$invoke_coord_BANG_.invoke(client.clj:930)
	at jepsen.coord.client.CoordClient.invoke_BANG_(client.clj:1014)
	at jepsen.client.Validate.invoke_BANG_(client.clj:87)
	at jepsen.generator.interpreter.ClientWorker.invoke_BANG_(interpreter.clj:74)
	at jepsen.generator.interpreter$spawn_worker$fn__16151$fn__16152.invoke(interpreter.clj:149)
	at jepsen.generator.interpreter$spawn_worker$fn__16151.invoke(interpreter.clj:132)
	at clojure.core$binding_conveyor_fn$fn__5844.invoke(core.clj:2051)
	at clojure.lang.AFn.call(AFn.java:18)
	at java.base/java.util.concurrent.FutureTask.run(FutureTask.java:328)
	at java.base/java.util.concurrent.ThreadPoolExecutor.runWorker(ThreadPoolExecutor.java:1090)
	at java.base/java.util.concurrent.ThreadPoolExecutor$Worker.run(ThreadPoolExecutor.java:614)
	at java.base/java.lang.Thread.run(Thread.java:1474)
2026-09-17 11:14:18,042{GMT}	INFO	[jepsen worker 0] jepsen.print: 40	:invoke	:watch-session	{:key "/jepsen/watch/s618073226", :start-revision 0, :prev-kv? false, :window-ms nil, :max-events nil, :resumes nil}
2026-09-17 11:14:18,043{GMT}	INFO	[jepsen worker 0] jepsen.coord.client: Opening coord client on n1
2026-09-17 11:14:18,094{GMT}	INFO	[jepsen worker 1] jepsen.print: 16	:invoke	:watch-session	{:key "/jepsen/watch/s618073226", :start-revision :last, :prev-kv? false, :window-ms nil, :max-events nil, :resumes nil}
2026-09-17 11:14:18,094{GMT}	WARN	[jepsen worker 1] jepsen.generator.interpreter: Process 16 crashed
java.lang.IllegalArgumentException: Wrong object type used with protocol message reflection.
Field number: 1, field java type: MESSAGE, value type: clojure.lang.PersistentArrayMap

	at com.google.protobuf.FieldSet$Builder.verifyType(FieldSet.java:1232)
	at com.google.protobuf.FieldSet$Builder.setField(FieldSet.java:1099)
	at com.google.protobuf.DynamicMessage$Builder.setField(DynamicMessage.java:523)
	at jepsen.coord.proto$watch_req.invokeStatic(proto.clj:347)
	at jepsen.coord.proto$watch_req.invoke(proto.clj:342)
	at jepsen.coord.proto$open_watch.invokeStatic(proto.clj:412)
	at jepsen.coord.proto$open_watch.invoke(proto.clj:403)
	at jepsen.coord.proto$open_watch.invokeStatic(proto.clj:410)
	at jepsen.coord.proto$open_watch.invoke(proto.clj:403)
	at jepsen.coord.client$watch_open_BANG_$fn__540.invoke(client.clj:828)
	at jepsen.coord.client$watch_open_BANG_.invokeStatic(client.clj:827)
	at jepsen.coord.client$watch_open_BANG_.invoke(client.clj:808)
	at jepsen.coord.client$watch_until_BANG_.invokeStatic(client.clj:852)
	at jepsen.coord.client$watch_until_BANG_.invoke(client.clj:846)
	at jepsen.coord.client$invoke_watch_session.invokeStatic(client.clj:900)
	at jepsen.coord.client$invoke_watch_session.invoke(client.clj:877)
	at jepsen.coord.client$invoke_coord_BANG_$attempt__561.invoke(client.clj:944)
	at jepsen.coord.client$invoke_coord_BANG_.invokeStatic(client.clj:955)
	at jepsen.coord.client$invoke_coord_BANG_.invoke(client.clj:930)
	at jepsen.coord.client.CoordClient.invoke_BANG_(client.clj:1014)
	at jepsen.client.Validate.invoke_BANG_(client.clj:87)
	at jepsen.generator.interpreter.ClientWorker.invoke_BANG_(interpreter.clj:74)
	at jepsen.generator.interpreter$spawn_worker$fn__16151$fn__16152.invoke(interpreter.clj:149)
	at jepsen.generator.interpreter$spawn_worker$fn__16151.invoke(interpreter.clj:132)
	at clojure.core$binding_conveyor_fn$fn__5844.invoke(core.clj:2051)
	at clojure.lang.AFn.call(AFn.java:18)
	at java.base/java.util.concurrent.FutureTask.run(FutureTask.java:328)
	at java.base/java.util.concurrent.ThreadPoolExecutor.runWorker(ThreadPoolExecutor.java:1090)
	at java.base/java.util.concurrent.ThreadPoolExecutor$Worker.run(ThreadPoolExecutor.java:614)
	at java.base/java.lang.Thread.run(Thread.java:1474)
2026-09-17 11:14:18,181{GMT}	INFO	[jepsen worker 1] jepsen.print: 21	:invoke	:write	"vs618073226-70-x"
2026-09-17 11:14:18,182{GMT}	INFO	[jepsen worker 1] jepsen.coord.client: Opening coord client on n2
2026-09-17 11:14:18,187{GMT}	WARN	[jepsen worker 0] jepsen.generator.interpreter: Process 40 crashed
java.lang.IllegalArgumentException: Wrong object type used with protocol message reflection.
Field number: 1, field java type: MESSAGE, value type: clojure.lang.PersistentArrayMap

	at com.google.protobuf.FieldSet$Builder.verifyType(FieldSet.java:1232)
	at com.google.protobuf.FieldSet$Builder.setField(FieldSet.java:1099)
	at com.google.protobuf.DynamicMessage$Builder.setField(DynamicMessage.java:523)
	at jepsen.coord.proto$watch_req.invokeStatic(proto.clj:347)
	at jepsen.coord.proto$watch_req.invoke(proto.clj:342)
	at jepsen.coord.proto$open_watch.invokeStatic(proto.clj:412)
	at jepsen.coord.proto$open_watch.invoke(proto.clj:403)
	at jepsen.coord.proto$open_watch.invokeStatic(proto.clj:410)
	at jepsen.coord.proto$open_watch.invoke(proto.clj:403)
	at jepsen.coord.client$watch_open_BANG_$fn__540.invoke(client.clj:828)
	at jepsen.coord.client$watch_open_BANG_.invokeStatic(client.clj:827)
	at jepsen.coord.client$watch_open_BANG_.invoke(client.clj:808)
	at jepsen.coord.client$watch_until_BANG_.invokeStatic(client.clj:852)
	at jepsen.coord.client$watch_until_BANG_.invoke(client.clj:846)
	at jepsen.coord.client$invoke_watch_session.invokeStatic(client.clj:900)
	at jepsen.coord.client$invoke_watch_session.invoke(client.clj:877)
	at jepsen.coord.client$invoke_coord_BANG_$attempt__561.invoke(client.clj:944)
	at jepsen.coord.client$invoke_coord_BANG_.invokeStatic(client.clj:955)
	at jepsen.coord.client$invoke_coord_BANG_.invoke(client.clj:930)
	at jepsen.coord.client.CoordClient.invoke_BANG_(client.clj:1014)
	at jepsen.client.Validate.invoke_BANG_(client.clj:87)
	at jepsen.generator.interpreter.ClientWorker.invoke_BANG_(interpreter.clj:74)
	at jepsen.generator.interpreter$spawn_worker$fn__16151$fn__16152.invoke(interpreter.clj:149)
	at jepsen.generator.interpreter$spawn_worker$fn__16151.invoke(interpreter.clj:132)
	at clojure.core$binding_conveyor_fn$fn__5844.invoke(core.clj:2051)
	at clojure.lang.AFn.call(AFn.java:18)
	at java.base/java.util.concurrent.FutureTask.run(FutureTask.java:328)
	at java.base/java.util.concurrent.ThreadPoolExecutor.runWorker(ThreadPoolExecutor.java:1090)
	at java.base/java.util.concurrent.ThreadPoolExecutor$Worker.run(ThreadPoolExecutor.java:614)
	at java.base/java.lang.Thread.run(Thread.java:1474)
2026-09-17 11:14:18,350{GMT}	INFO	[jepsen worker 1] jepsen.print: 21	:ok	:write	"vs618073226-70-x"
2026-09-17 11:14:18,428{GMT}	INFO	[jepsen worker 2] jepsen.print: 37	:invoke	:watch-session	{:key "/jepsen/watch/s618073226", :start-revision 0, :prev-kv? false, :window-ms nil, :max-events nil, :resumes nil}
2026-09-17 11:14:18,429{GMT}	INFO	[jepsen worker 2] jepsen.coord.client: Opening coord client on n3
2026-09-17 11:14:18,555{GMT}	WARN	[jepsen worker 2] jepsen.generator.interpreter: Process 37 crashed
java.lang.IllegalArgumentException: Wrong object type used with protocol message reflection.
Field number: 1, field java type: MESSAGE, value type: clojure.lang.PersistentArrayMap

	at com.google.protobuf.FieldSet$Builder.verifyType(FieldSet.java:1232)
	at com.google.protobuf.FieldSet$Builder.setField(FieldSet.java:1099)
	at com.google.protobuf.DynamicMessage$Builder.setField(DynamicMessage.java:523)
	at jepsen.coord.proto$watch_req.invokeStatic(proto.clj:347)
	at jepsen.coord.proto$watch_req.invoke(proto.clj:342)
	at jepsen.coord.proto$open_watch.invokeStatic(proto.clj:412)
	at jepsen.coord.proto$open_watch.invoke(proto.clj:403)
	at jepsen.coord.proto$open_watch.invokeStatic(proto.clj:410)
	at jepsen.coord.proto$open_watch.invoke(proto.clj:403)
	at jepsen.coord.client$watch_open_BANG_$fn__540.invoke(client.clj:828)
	at jepsen.coord.client$watch_open_BANG_.invokeStatic(client.clj:827)
	at jepsen.coord.client$watch_open_BANG_.invoke(client.clj:808)
	at jepsen.coord.client$watch_until_BANG_.invokeStatic(client.clj:852)
	at jepsen.coord.client$watch_until_BANG_.invoke(client.clj:846)
	at jepsen.coord.client$invoke_watch_session.invokeStatic(client.clj:900)
	at jepsen.coord.client$invoke_watch_session.invoke(client.clj:877)
	at jepsen.coord.client$invoke_coord_BANG_$attempt__561.invoke(client.clj:944)
	at jepsen.coord.client$invoke_coord_BANG_.invokeStatic(client.clj:955)
	at jepsen.coord.client$invoke_coord_BANG_.invoke(client.clj:930)
	at jepsen.coord.client.CoordClient.invoke_BANG_(client.clj:1014)
	at jepsen.client.Validate.invoke_BANG_(client.clj:87)
	at jepsen.generator.interpreter.ClientWorker.invoke_BANG_(interpreter.clj:74)
	at jepsen.generator.interpreter$spawn_worker$fn__16151$fn__16152.invoke(interpreter.clj:149)
	at jepsen.generator.interpreter$spawn_worker$fn__16151.invoke(interpreter.clj:132)
	at clojure.core$binding_conveyor_fn$fn__5844.invoke(core.clj:2051)
	at clojure.lang.AFn.call(AFn.java:18)
	at java.base/java.util.concurrent.FutureTask.run(FutureTask.java:328)
	at java.base/java.util.concurrent.ThreadPoolExecutor.runWorker(ThreadPoolExecutor.java:1090)
	at java.base/java.util.concurrent.ThreadPoolExecutor$Worker.run(ThreadPoolExecutor.java:614)
	at java.base/java.lang.Thread.run(Thread.java:1474)
2026-09-17 11:14:18,884{GMT}	INFO	[jepsen worker 3] jepsen.print: 33	:invoke	:write	"vs618073226-73-x"
2026-09-17 11:14:18,885{GMT}	INFO	[jepsen worker 3] jepsen.coord.client: Opening coord client on n1
2026-09-17 11:14:18,915{GMT}	INFO	[jepsen worker 4] jepsen.print: 24	:invoke	:watch-session	{:key "/jepsen/watch/s618073226", :start-revision :last, :prev-kv? true, :window-ms nil, :max-events nil, :resumes nil}
2026-09-17 11:14:18,915{GMT}	INFO	[jepsen worker 4] jepsen.coord.client: Opening coord client on n2
2026-09-17 11:14:19,033{GMT}	WARN	[jepsen worker 4] jepsen.generator.interpreter: Process 24 crashed
java.lang.IllegalArgumentException: Wrong object type used with protocol message reflection.
Field number: 1, field java type: MESSAGE, value type: clojure.lang.PersistentArrayMap

	at com.google.protobuf.FieldSet$Builder.verifyType(FieldSet.java:1232)
	at com.google.protobuf.FieldSet$Builder.setField(FieldSet.java:1099)
	at com.google.protobuf.DynamicMessage$Builder.setField(DynamicMessage.java:523)
	at jepsen.coord.proto$watch_req.invokeStatic(proto.clj:347)
	at jepsen.coord.proto$watch_req.invoke(proto.clj:342)
	at jepsen.coord.proto$open_watch.invokeStatic(proto.clj:412)
	at jepsen.coord.proto$open_watch.invoke(proto.clj:403)
	at jepsen.coord.proto$open_watch.invokeStatic(proto.clj:410)
	at jepsen.coord.proto$open_watch.invoke(proto.clj:403)
	at jepsen.coord.client$watch_open_BANG_$fn__540.invoke(client.clj:828)
	at jepsen.coord.client$watch_open_BANG_.invokeStatic(client.clj:827)
	at jepsen.coord.client$watch_open_BANG_.invoke(client.clj:808)
	at jepsen.coord.client$watch_until_BANG_.invokeStatic(client.clj:852)
	at jepsen.coord.client$watch_until_BANG_.invoke(client.clj:846)
	at jepsen.coord.client$invoke_watch_session.invokeStatic(client.clj:900)
	at jepsen.coord.client$invoke_watch_session.invoke(client.clj:877)
	at jepsen.coord.client$invoke_coord_BANG_$attempt__561.invoke(client.clj:944)
	at jepsen.coord.client$invoke_coord_BANG_.invokeStatic(client.clj:955)
	at jepsen.coord.client$invoke_coord_BANG_.invoke(client.clj:930)
	at jepsen.coord.client.CoordClient.invoke_BANG_(client.clj:1014)
	at jepsen.client.Validate.invoke_BANG_(client.clj:87)
	at jepsen.generator.interpreter.ClientWorker.invoke_BANG_(interpreter.clj:74)
	at jepsen.generator.interpreter$spawn_worker$fn__16151$fn__16152.invoke(interpreter.clj:149)
	at jepsen.generator.interpreter$spawn_worker$fn__16151.invoke(interpreter.clj:132)
	at clojure.core$binding_conveyor_fn$fn__5844.invoke(core.clj:2051)
	at clojure.lang.AFn.call(AFn.java:18)
	at java.base/java.util.concurrent.FutureTask.run(FutureTask.java:328)
	at java.base/java.util.concurrent.ThreadPoolExecutor.runWorker(ThreadPoolExecutor.java:1090)
	at java.base/java.util.concurrent.ThreadPoolExecutor$Worker.run(ThreadPoolExecutor.java:614)
	at java.base/java.lang.Thread.run(Thread.java:1474)
2026-09-17 11:14:19,090{GMT}	INFO	[jepsen worker 3] jepsen.print: 33	:ok	:write	"vs618073226-73-x"
2026-09-17 11:14:19,145{GMT}	INFO	[jepsen worker 0] jepsen.print: 45	:invoke	:write	"vs618073226-77-x"
2026-09-17 11:14:19,146{GMT}	INFO	[jepsen worker 0] jepsen.coord.client: Opening coord client on n1
2026-09-17 11:14:19,276{GMT}	INFO	[jepsen worker 0] jepsen.print: 45	:ok	:write	"vs618073226-77-x"
2026-09-17 11:14:19,318{GMT}	INFO	[jepsen worker 0] jepsen.print: 45	:invoke	:watch-session	{:key "/jepsen/watch/s618073226", :start-revision :last, :prev-kv? false, :window-ms nil, :max-events nil, :resumes nil}
2026-09-17 11:14:19,319{GMT}	WARN	[jepsen worker 0] jepsen.generator.interpreter: Process 45 crashed
java.lang.IllegalArgumentException: Wrong object type used with protocol message reflection.
Field number: 1, field java type: MESSAGE, value type: clojure.lang.PersistentArrayMap

	at com.google.protobuf.FieldSet$Builder.verifyType(FieldSet.java:1232)
	at com.google.protobuf.FieldSet$Builder.setField(FieldSet.java:1099)
	at com.google.protobuf.DynamicMessage$Builder.setField(DynamicMessage.java:523)
	at jepsen.coord.proto$watch_req.invokeStatic(proto.clj:347)
	at jepsen.coord.proto$watch_req.invoke(proto.clj:342)
	at jepsen.coord.proto$open_watch.invokeStatic(proto.clj:412)
	at jepsen.coord.proto$open_watch.invoke(proto.clj:403)
	at jepsen.coord.proto$open_watch.invokeStatic(proto.clj:410)
	at jepsen.coord.proto$open_watch.invoke(proto.clj:403)
	at jepsen.coord.client$watch_open_BANG_$fn__540.invoke(client.clj:828)
	at jepsen.coord.client$watch_open_BANG_.invokeStatic(client.clj:827)
	at jepsen.coord.client$watch_open_BANG_.invoke(client.clj:808)
	at jepsen.coord.client$watch_until_BANG_.invokeStatic(client.clj:852)
	at jepsen.coord.client$watch_until_BANG_.invoke(client.clj:846)
	at jepsen.coord.client$invoke_watch_session.invokeStatic(client.clj:900)
	at jepsen.coord.client$invoke_watch_session.invoke(client.clj:877)
	at jepsen.coord.client$invoke_coord_BANG_$attempt__561.invoke(client.clj:944)
	at jepsen.coord.client$invoke_coord_BANG_.invokeStatic(client.clj:955)
	at jepsen.coord.client$invoke_coord_BANG_.invoke(client.clj:930)
	at jepsen.coord.client.CoordClient.invoke_BANG_(client.clj:1014)
	at jepsen.client.Validate.invoke_BANG_(client.clj:87)
	at jepsen.generator.interpreter.ClientWorker.invoke_BANG_(interpreter.clj:74)
	at jepsen.generator.interpreter$spawn_worker$fn__16151$fn__16152.invoke(interpreter.clj:149)
	at jepsen.generator.interpreter$spawn_worker$fn__16151.invoke(interpreter.clj:132)
	at clojure.core$binding_conveyor_fn$fn__5844.invoke(core.clj:2051)
	at clojure.lang.AFn.call(AFn.java:18)
	at java.base/java.util.concurrent.FutureTask.run(FutureTask.java:328)
	at java.base/java.util.concurrent.ThreadPoolExecutor.runWorker(ThreadPoolExecutor.java:1090)
	at java.base/java.util.concurrent.ThreadPoolExecutor$Worker.run(ThreadPoolExecutor.java:614)
	at java.base/java.lang.Thread.run(Thread.java:1474)
2026-09-17 11:14:19,514{GMT}	INFO	[jepsen worker 1] jepsen.print: 21	:invoke	:write	"vs618073226-80-x"
2026-09-17 11:14:19,574{GMT}	INFO	[jepsen worker 1] jepsen.print: 21	:ok	:write	"vs618073226-80-x"
2026-09-17 11:14:19,735{GMT}	INFO	[jepsen worker 2] jepsen.print: 42	:invoke	:watch-session	{:key "/jepsen/watch/s618073226", :start-revision 0, :prev-kv? false, :window-ms nil, :max-events nil, :resumes nil}
2026-09-17 11:14:19,736{GMT}	INFO	[jepsen worker 2] jepsen.coord.client: Opening coord client on n3
2026-09-17 11:14:19,822{GMT}	WARN	[jepsen worker 2] jepsen.generator.interpreter: Process 42 crashed
java.lang.IllegalArgumentException: Wrong object type used with protocol message reflection.
Field number: 1, field java type: MESSAGE, value type: clojure.lang.PersistentArrayMap

	at com.google.protobuf.FieldSet$Builder.verifyType(FieldSet.java:1232)
	at com.google.protobuf.FieldSet$Builder.setField(FieldSet.java:1099)
	at com.google.protobuf.DynamicMessage$Builder.setField(DynamicMessage.java:523)
	at jepsen.coord.proto$watch_req.invokeStatic(proto.clj:347)
	at jepsen.coord.proto$watch_req.invoke(proto.clj:342)
	at jepsen.coord.proto$open_watch.invokeStatic(proto.clj:412)
	at jepsen.coord.proto$open_watch.invoke(proto.clj:403)
	at jepsen.coord.proto$open_watch.invokeStatic(proto.clj:410)
	at jepsen.coord.proto$open_watch.invoke(proto.clj:403)
	at jepsen.coord.client$watch_open_BANG_$fn__540.invoke(client.clj:828)
	at jepsen.coord.client$watch_open_BANG_.invokeStatic(client.clj:827)
	at jepsen.coord.client$watch_open_BANG_.invoke(client.clj:808)
	at jepsen.coord.client$watch_until_BANG_.invokeStatic(client.clj:852)
	at jepsen.coord.client$watch_until_BANG_.invoke(client.clj:846)
	at jepsen.coord.client$invoke_watch_session.invokeStatic(client.clj:900)
	at jepsen.coord.client$invoke_watch_session.invoke(client.clj:877)
	at jepsen.coord.client$invoke_coord_BANG_$attempt__561.invoke(client.clj:944)
	at jepsen.coord.client$invoke_coord_BANG_.invokeStatic(client.clj:955)
	at jepsen.coord.client$invoke_coord_BANG_.invoke(client.clj:930)
	at jepsen.coord.client.CoordClient.invoke_BANG_(client.clj:1014)
	at jepsen.client.Validate.invoke_BANG_(client.clj:87)
	at jepsen.generator.interpreter.ClientWorker.invoke_BANG_(interpreter.clj:74)
	at jepsen.generator.interpreter$spawn_worker$fn__16151$fn__16152.invoke(interpreter.clj:149)
	at jepsen.generator.interpreter$spawn_worker$fn__16151.invoke(interpreter.clj:132)
	at clojure.core$binding_conveyor_fn$fn__5844.invoke(core.clj:2051)
	at clojure.lang.AFn.call(AFn.java:18)
	at java.base/java.util.concurrent.FutureTask.run(FutureTask.java:328)
	at java.base/java.util.concurrent.ThreadPoolExecutor.runWorker(ThreadPoolExecutor.java:1090)
	at java.base/java.util.concurrent.ThreadPoolExecutor$Worker.run(ThreadPoolExecutor.java:614)
	at java.base/java.lang.Thread.run(Thread.java:1474)
2026-09-17 11:14:19,856{GMT}	INFO	[jepsen worker 3] jepsen.print: 33	:invoke	:write	"vs618073226-83-x"
2026-09-17 11:14:19,880{GMT}	INFO	[jepsen worker 3] jepsen.print: 33	:ok	:write	"vs618073226-83-x"
2026-09-17 11:14:20,025{GMT}	INFO	[jepsen worker 4] jepsen.print: 29	:invoke	:write	"vs618073226-86-x"
2026-09-17 11:14:20,026{GMT}	INFO	[jepsen worker 4] jepsen.coord.client: Opening coord client on n2
2026-09-17 11:14:20,182{GMT}	INFO	[jepsen worker 0] jepsen.print: 50	:invoke	:write	"vs618073226-88-x"
2026-09-17 11:14:20,183{GMT}	INFO	[jepsen worker 0] jepsen.coord.client: Opening coord client on n1
2026-09-17 11:14:20,184{GMT}	INFO	[jepsen worker 4] jepsen.print: 29	:ok	:write	"vs618073226-86-x"
2026-09-17 11:14:20,370{GMT}	INFO	[jepsen worker 0] jepsen.print: 50	:ok	:write	"vs618073226-88-x"
2026-09-17 11:14:20,448{GMT}	INFO	[jepsen worker 0] jepsen.print: 50	:invoke	:write	"vs618073226-92-x"
2026-09-17 11:14:20,479{GMT}	INFO	[jepsen worker 0] jepsen.print: 50	:ok	:write	"vs618073226-92-x"
2026-09-17 11:14:20,585{GMT}	INFO	[jepsen worker 1] jepsen.print: 21	:invoke	:watch-session	{:key "/jepsen/watch/s618073226", :start-revision :last, :prev-kv? false, :window-ms nil, :max-events nil, :resumes nil}
2026-09-17 11:14:20,586{GMT}	WARN	[jepsen worker 1] jepsen.generator.interpreter: Process 21 crashed
java.lang.IllegalArgumentException: Wrong object type used with protocol message reflection.
Field number: 1, field java type: MESSAGE, value type: clojure.lang.PersistentArrayMap

	at com.google.protobuf.FieldSet$Builder.verifyType(FieldSet.java:1232)
	at com.google.protobuf.FieldSet$Builder.setField(FieldSet.java:1099)
	at com.google.protobuf.DynamicMessage$Builder.setField(DynamicMessage.java:523)
	at jepsen.coord.proto$watch_req.invokeStatic(proto.clj:347)
	at jepsen.coord.proto$watch_req.invoke(proto.clj:342)
	at jepsen.coord.proto$open_watch.invokeStatic(proto.clj:412)
	at jepsen.coord.proto$open_watch.invoke(proto.clj:403)
	at jepsen.coord.proto$open_watch.invokeStatic(proto.clj:410)
	at jepsen.coord.proto$open_watch.invoke(proto.clj:403)
	at jepsen.coord.client$watch_open_BANG_$fn__540.invoke(client.clj:828)
	at jepsen.coord.client$watch_open_BANG_.invokeStatic(client.clj:827)
	at jepsen.coord.client$watch_open_BANG_.invoke(client.clj:808)
	at jepsen.coord.client$watch_until_BANG_.invokeStatic(client.clj:852)
	at jepsen.coord.client$watch_until_BANG_.invoke(client.clj:846)
	at jepsen.coord.client$invoke_watch_session.invokeStatic(client.clj:900)
	at jepsen.coord.client$invoke_watch_session.invoke(client.clj:877)
	at jepsen.coord.client$invoke_coord_BANG_$attempt__561.invoke(client.clj:944)
	at jepsen.coord.client$invoke_coord_BANG_.invokeStatic(client.clj:955)
	at jepsen.coord.client$invoke_coord_BANG_.invoke(client.clj:930)
	at jepsen.coord.client.CoordClient.invoke_BANG_(client.clj:1014)
	at jepsen.client.Validate.invoke_BANG_(client.clj:87)
	at jepsen.generator.interpreter.ClientWorker.invoke_BANG_(interpreter.clj:74)
	at jepsen.generator.interpreter$spawn_worker$fn__16151$fn__16152.invoke(interpreter.clj:149)
	at jepsen.generator.interpreter$spawn_worker$fn__16151.invoke(interpreter.clj:132)
	at clojure.core$binding_conveyor_fn$fn__5844.invoke(core.clj:2051)
	at clojure.lang.AFn.call(AFn.java:18)
	at java.base/java.util.concurrent.FutureTask.run(FutureTask.java:328)
	at java.base/java.util.concurrent.ThreadPoolExecutor.runWorker(ThreadPoolExecutor.java:1090)
	at java.base/java.util.concurrent.ThreadPoolExecutor$Worker.run(ThreadPoolExecutor.java:614)
	at java.base/java.lang.Thread.run(Thread.java:1474)
2026-09-17 11:14:21,270{GMT}	INFO	[jepsen worker 2] jepsen.print: 47	:invoke	:watch-session	{:key "/jepsen/watch/s618073226", :start-revision :last, :prev-kv? true, :window-ms nil, :max-events nil, :resumes nil}
2026-09-17 11:14:21,271{GMT}	INFO	[jepsen worker 2] jepsen.coord.client: Opening coord client on n3
2026-09-17 11:14:21,351{GMT}	WARN	[jepsen worker 2] jepsen.generator.interpreter: Process 47 crashed
java.lang.IllegalArgumentException: Wrong object type used with protocol message reflection.
Field number: 1, field java type: MESSAGE, value type: clojure.lang.PersistentArrayMap

	at com.google.protobuf.FieldSet$Builder.verifyType(FieldSet.java:1232)
	at com.google.protobuf.FieldSet$Builder.setField(FieldSet.java:1099)
	at com.google.protobuf.DynamicMessage$Builder.setField(DynamicMessage.java:523)
	at jepsen.coord.proto$watch_req.invokeStatic(proto.clj:347)
	at jepsen.coord.proto$watch_req.invoke(proto.clj:342)
	at jepsen.coord.proto$open_watch.invokeStatic(proto.clj:412)
	at jepsen.coord.proto$open_watch.invoke(proto.clj:403)
	at jepsen.coord.proto$open_watch.invokeStatic(proto.clj:410)
	at jepsen.coord.proto$open_watch.invoke(proto.clj:403)
	at jepsen.coord.client$watch_open_BANG_$fn__540.invoke(client.clj:828)
	at jepsen.coord.client$watch_open_BANG_.invokeStatic(client.clj:827)
	at jepsen.coord.client$watch_open_BANG_.invoke(client.clj:808)
	at jepsen.coord.client$watch_until_BANG_.invokeStatic(client.clj:852)
	at jepsen.coord.client$watch_until_BANG_.invoke(client.clj:846)
	at jepsen.coord.client$invoke_watch_session.invokeStatic(client.clj:900)
	at jepsen.coord.client$invoke_watch_session.invoke(client.clj:877)
	at jepsen.coord.client$invoke_coord_BANG_$attempt__561.invoke(client.clj:944)
	at jepsen.coord.client$invoke_coord_BANG_.invokeStatic(client.clj:955)
	at jepsen.coord.client$invoke_coord_BANG_.invoke(client.clj:930)
	at jepsen.coord.client.CoordClient.invoke_BANG_(client.clj:1014)
	at jepsen.client.Validate.invoke_BANG_(client.clj:87)
	at jepsen.generator.interpreter.ClientWorker.invoke_BANG_(interpreter.clj:74)
	at jepsen.generator.interpreter$spawn_worker$fn__16151$fn__16152.invoke(interpreter.clj:149)
	at jepsen.generator.interpreter$spawn_worker$fn__16151.invoke(interpreter.clj:132)
	at clojure.core$binding_conveyor_fn$fn__5844.invoke(core.clj:2051)
	at clojure.lang.AFn.call(AFn.java:18)
	at java.base/java.util.concurrent.FutureTask.run(FutureTask.java:328)
	at java.base/java.util.concurrent.ThreadPoolExecutor.runWorker(ThreadPoolExecutor.java:1090)
	at java.base/java.util.concurrent.ThreadPoolExecutor$Worker.run(ThreadPoolExecutor.java:614)
	at java.base/java.lang.Thread.run(Thread.java:1474)
2026-09-17 11:14:21,465{GMT}	INFO	[jepsen worker nemesis] jepsen.print: :nemesis	:info	:stop	nil
2026-09-17 11:14:21,511{GMT}	INFO	[jepsen node n3] jepsen.coord.db: Restarting coord on n3
2026-09-17 11:14:21,512{GMT}	INFO	[jepsen node n3] jepsen.control.util: Starting coord
2026-09-17 11:14:21,632{GMT}	INFO	[jepsen node n3] jepsen.coord.db: Waiting for coord on n3 to be ready
2026-09-17 11:14:21,730{GMT}	INFO	[jepsen node n3] jepsen.coord.db: coord n3 is ready
2026-09-17 11:14:21,730{GMT}	INFO	[jepsen worker nemesis] jepsen.print: :nemesis	:info	:stop	{"n3" [:restarted "n3"]}
2026-09-17 11:14:21,736{GMT}	INFO	[jepsen worker 0] jepsen.print: 50	:invoke	:write	"vs618073226-99-x"
2026-09-17 11:14:21,805{GMT}	INFO	[jepsen worker 1] jepsen.print: 26	:invoke	:watch-session	{:key "/jepsen/watch/s618073226", :start-revision :last, :prev-kv? false, :window-ms nil, :max-events nil, :resumes nil}
2026-09-17 11:14:21,805{GMT}	INFO	[jepsen worker 1] jepsen.coord.client: Opening coord client on n2
2026-09-17 11:14:21,811{GMT}	INFO	[jepsen worker 0] jepsen.print: 50	:ok	:write	"vs618073226-99-x"
2026-09-17 11:14:21,935{GMT}	WARN	[jepsen worker 1] jepsen.generator.interpreter: Process 26 crashed
java.lang.IllegalArgumentException: Wrong object type used with protocol message reflection.
Field number: 1, field java type: MESSAGE, value type: clojure.lang.PersistentArrayMap

	at com.google.protobuf.FieldSet$Builder.verifyType(FieldSet.java:1232)
	at com.google.protobuf.FieldSet$Builder.setField(FieldSet.java:1099)
	at com.google.protobuf.DynamicMessage$Builder.setField(DynamicMessage.java:523)
	at jepsen.coord.proto$watch_req.invokeStatic(proto.clj:347)
	at jepsen.coord.proto$watch_req.invoke(proto.clj:342)
	at jepsen.coord.proto$open_watch.invokeStatic(proto.clj:412)
	at jepsen.coord.proto$open_watch.invoke(proto.clj:403)
	at jepsen.coord.proto$open_watch.invokeStatic(proto.clj:410)
	at jepsen.coord.proto$open_watch.invoke(proto.clj:403)
	at jepsen.coord.client$watch_open_BANG_$fn__540.invoke(client.clj:828)
	at jepsen.coord.client$watch_open_BANG_.invokeStatic(client.clj:827)
	at jepsen.coord.client$watch_open_BANG_.invoke(client.clj:808)
	at jepsen.coord.client$watch_until_BANG_.invokeStatic(client.clj:852)
	at jepsen.coord.client$watch_until_BANG_.invoke(client.clj:846)
	at jepsen.coord.client$invoke_watch_session.invokeStatic(client.clj:900)
	at jepsen.coord.client$invoke_watch_session.invoke(client.clj:877)
	at jepsen.coord.client$invoke_coord_BANG_$attempt__561.invoke(client.clj:944)
	at jepsen.coord.client$invoke_coord_BANG_.invokeStatic(client.clj:955)
	at jepsen.coord.client$invoke_coord_BANG_.invoke(client.clj:930)
	at jepsen.coord.client.CoordClient.invoke_BANG_(client.clj:1014)
	at jepsen.client.Validate.invoke_BANG_(client.clj:87)
	at jepsen.generator.interpreter.ClientWorker.invoke_BANG_(interpreter.clj:74)
	at jepsen.generator.interpreter$spawn_worker$fn__16151$fn__16152.invoke(interpreter.clj:149)
	at jepsen.generator.interpreter$spawn_worker$fn__16151.invoke(interpreter.clj:132)
	at clojure.core$binding_conveyor_fn$fn__5844.invoke(core.clj:2051)
	at clojure.lang.AFn.call(AFn.java:18)
	at java.base/java.util.concurrent.FutureTask.run(FutureTask.java:328)
	at java.base/java.util.concurrent.ThreadPoolExecutor.runWorker(ThreadPoolExecutor.java:1090)
	at java.base/java.util.concurrent.ThreadPoolExecutor$Worker.run(ThreadPoolExecutor.java:614)
	at java.base/java.lang.Thread.run(Thread.java:1474)
2026-09-17 11:14:23,038{GMT}	INFO	[jepsen worker 1] jepsen.print: 31	:invoke	:watch-session	{:key "/jepsen/watch/s618073226", :start-revision :last, :prev-kv? true, :window-ms nil, :max-events nil, :resumes nil}
2026-09-17 11:14:23,039{GMT}	INFO	[jepsen worker 1] jepsen.coord.client: Opening coord client on n2
2026-09-17 11:14:23,100{GMT}	INFO	[jepsen worker 2] jepsen.print: 52	:invoke	:watch-session	{:key "/jepsen/watch/s618073226", :start-revision 0, :prev-kv? true, :window-ms nil, :max-events nil, :resumes nil}
2026-09-17 11:14:23,101{GMT}	INFO	[jepsen worker 2] jepsen.coord.client: Opening coord client on n3
2026-09-17 11:14:23,193{GMT}	WARN	[jepsen worker 1] jepsen.generator.interpreter: Process 31 crashed
java.lang.IllegalArgumentException: Wrong object type used with protocol message reflection.
Field number: 1, field java type: MESSAGE, value type: clojure.lang.PersistentArrayMap

	at com.google.protobuf.FieldSet$Builder.verifyType(FieldSet.java:1232)
	at com.google.protobuf.FieldSet$Builder.setField(FieldSet.java:1099)
	at com.google.protobuf.DynamicMessage$Builder.setField(DynamicMessage.java:523)
	at jepsen.coord.proto$watch_req.invokeStatic(proto.clj:347)
	at jepsen.coord.proto$watch_req.invoke(proto.clj:342)
	at jepsen.coord.proto$open_watch.invokeStatic(proto.clj:412)
	at jepsen.coord.proto$open_watch.invoke(proto.clj:403)
	at jepsen.coord.proto$open_watch.invokeStatic(proto.clj:410)
	at jepsen.coord.proto$open_watch.invoke(proto.clj:403)
	at jepsen.coord.client$watch_open_BANG_$fn__540.invoke(client.clj:828)
	at jepsen.coord.client$watch_open_BANG_.invokeStatic(client.clj:827)
	at jepsen.coord.client$watch_open_BANG_.invoke(client.clj:808)
	at jepsen.coord.client$watch_until_BANG_.invokeStatic(client.clj:852)
	at jepsen.coord.client$watch_until_BANG_.invoke(client.clj:846)
	at jepsen.coord.client$invoke_watch_session.invokeStatic(client.clj:900)
	at jepsen.coord.client$invoke_watch_session.invoke(client.clj:877)
	at jepsen.coord.client$invoke_coord_BANG_$attempt__561.invoke(client.clj:944)
	at jepsen.coord.client$invoke_coord_BANG_.invokeStatic(client.clj:955)
	at jepsen.coord.client$invoke_coord_BANG_.invoke(client.clj:930)
	at jepsen.coord.client.CoordClient.invoke_BANG_(client.clj:1014)
	at jepsen.client.Validate.invoke_BANG_(client.clj:87)
	at jepsen.generator.interpreter.ClientWorker.invoke_BANG_(interpreter.clj:74)
	at jepsen.generator.interpreter$spawn_worker$fn__16151$fn__16152.invoke(interpreter.clj:149)
	at jepsen.generator.interpreter$spawn_worker$fn__16151.invoke(interpreter.clj:132)
	at clojure.core$binding_conveyor_fn$fn__5844.invoke(core.clj:2051)
	at clojure.lang.AFn.call(AFn.java:18)
	at java.base/java.util.concurrent.FutureTask.run(FutureTask.java:328)
	at java.base/java.util.concurrent.ThreadPoolExecutor.runWorker(ThreadPoolExecutor.java:1090)
	at java.base/java.util.concurrent.ThreadPoolExecutor$Worker.run(ThreadPoolExecutor.java:614)
	at java.base/java.lang.Thread.run(Thread.java:1474)
2026-09-17 11:14:23,257{GMT}	WARN	[jepsen worker 2] jepsen.generator.interpreter: Process 52 crashed
java.lang.IllegalArgumentException: Wrong object type used with protocol message reflection.
Field number: 1, field java type: MESSAGE, value type: clojure.lang.PersistentArrayMap

	at com.google.protobuf.FieldSet$Builder.verifyType(FieldSet.java:1232)
	at com.google.protobuf.FieldSet$Builder.setField(FieldSet.java:1099)
	at com.google.protobuf.DynamicMessage$Builder.setField(DynamicMessage.java:523)
	at jepsen.coord.proto$watch_req.invokeStatic(proto.clj:347)
	at jepsen.coord.proto$watch_req.invoke(proto.clj:342)
	at jepsen.coord.proto$open_watch.invokeStatic(proto.clj:412)
	at jepsen.coord.proto$open_watch.invoke(proto.clj:403)
	at jepsen.coord.proto$open_watch.invokeStatic(proto.clj:410)
	at jepsen.coord.proto$open_watch.invoke(proto.clj:403)
	at jepsen.coord.client$watch_open_BANG_$fn__540.invoke(client.clj:828)
	at jepsen.coord.client$watch_open_BANG_.invokeStatic(client.clj:827)
	at jepsen.coord.client$watch_open_BANG_.invoke(client.clj:808)
	at jepsen.coord.client$watch_until_BANG_.invokeStatic(client.clj:852)
	at jepsen.coord.client$watch_until_BANG_.invoke(client.clj:846)
	at jepsen.coord.client$invoke_watch_session.invokeStatic(client.clj:900)
	at jepsen.coord.client$invoke_watch_session.invoke(client.clj:877)
	at jepsen.coord.client$invoke_coord_BANG_$attempt__561.invoke(client.clj:944)
	at jepsen.coord.client$invoke_coord_BANG_.invokeStatic(client.clj:955)
	at jepsen.coord.client$invoke_coord_BANG_.invoke(client.clj:930)
	at jepsen.coord.client.CoordClient.invoke_BANG_(client.clj:1014)
	at jepsen.client.Validate.invoke_BANG_(client.clj:87)
	at jepsen.generator.interpreter.ClientWorker.invoke_BANG_(interpreter.clj:74)
	at jepsen.generator.interpreter$spawn_worker$fn__16151$fn__16152.invoke(interpreter.clj:149)
	at jepsen.generator.interpreter$spawn_worker$fn__16151.invoke(interpreter.clj:132)
	at clojure.core$binding_conveyor_fn$fn__5844.invoke(core.clj:2051)
	at clojure.lang.AFn.call(AFn.java:18)
	at java.base/java.util.concurrent.FutureTask.run(FutureTask.java:328)
	at java.base/java.util.concurrent.ThreadPoolExecutor.runWorker(ThreadPoolExecutor.java:1090)
	at java.base/java.util.concurrent.ThreadPoolExecutor$Worker.run(ThreadPoolExecutor.java:614)
	at java.base/java.lang.Thread.run(Thread.java:1474)
2026-09-17 11:14:23,374{GMT}	INFO	[jepsen worker 3] jepsen.print: 33	:invoke	:write	"vs618073226-103-"
2026-09-17 11:14:23,385{GMT}	INFO	[jepsen worker 4] jepsen.print: 29	:invoke	:watch-session	{:key "/jepsen/watch/s618073226", :start-revision :last, :prev-kv? true, :window-ms nil, :max-events nil, :resumes nil}
2026-09-17 11:14:23,386{GMT}	WARN	[jepsen worker 4] jepsen.generator.interpreter: Process 29 crashed
java.lang.IllegalArgumentException: Wrong object type used with protocol message reflection.
Field number: 1, field java type: MESSAGE, value type: clojure.lang.PersistentArrayMap

	at com.google.protobuf.FieldSet$Builder.verifyType(FieldSet.java:1232)
	at com.google.protobuf.FieldSet$Builder.setField(FieldSet.java:1099)
	at com.google.protobuf.DynamicMessage$Builder.setField(DynamicMessage.java:523)
	at jepsen.coord.proto$watch_req.invokeStatic(proto.clj:347)
	at jepsen.coord.proto$watch_req.invoke(proto.clj:342)
	at jepsen.coord.proto$open_watch.invokeStatic(proto.clj:412)
	at jepsen.coord.proto$open_watch.invoke(proto.clj:403)
	at jepsen.coord.proto$open_watch.invokeStatic(proto.clj:410)
	at jepsen.coord.proto$open_watch.invoke(proto.clj:403)
	at jepsen.coord.client$watch_open_BANG_$fn__540.invoke(client.clj:828)
	at jepsen.coord.client$watch_open_BANG_.invokeStatic(client.clj:827)
	at jepsen.coord.client$watch_open_BANG_.invoke(client.clj:808)
	at jepsen.coord.client$watch_until_BANG_.invokeStatic(client.clj:852)
	at jepsen.coord.client$watch_until_BANG_.invoke(client.clj:846)
	at jepsen.coord.client$invoke_watch_session.invokeStatic(client.clj:900)
	at jepsen.coord.client$invoke_watch_session.invoke(client.clj:877)
	at jepsen.coord.client$invoke_coord_BANG_$attempt__561.invoke(client.clj:944)
	at jepsen.coord.client$invoke_coord_BANG_.invokeStatic(client.clj:955)
	at jepsen.coord.client$invoke_coord_BANG_.invoke(client.clj:930)
	at jepsen.coord.client.CoordClient.invoke_BANG_(client.clj:1014)
	at jepsen.client.Validate.invoke_BANG_(client.clj:87)
	at jepsen.generator.interpreter.ClientWorker.invoke_BANG_(interpreter.clj:74)
	at jepsen.generator.interpreter$spawn_worker$fn__16151$fn__16152.invoke(interpreter.clj:149)
	at jepsen.generator.interpreter$spawn_worker$fn__16151.invoke(interpreter.clj:132)
	at clojure.core$binding_conveyor_fn$fn__5844.invoke(core.clj:2051)
	at clojure.lang.AFn.call(AFn.java:18)
	at java.base/java.util.concurrent.FutureTask.run(FutureTask.java:328)
	at java.base/java.util.concurrent.ThreadPoolExecutor.runWorker(ThreadPoolExecutor.java:1090)
	at java.base/java.util.concurrent.ThreadPoolExecutor$Worker.run(ThreadPoolExecutor.java:614)
	at java.base/java.lang.Thread.run(Thread.java:1474)
2026-09-17 11:14:23,451{GMT}	INFO	[jepsen worker 3] jepsen.print: 33	:ok	:write	"vs618073226-103-"
2026-09-17 11:14:23,482{GMT}	INFO	[jepsen worker 0] jepsen.print: 50	:invoke	:write	"vs618073226-107-"
2026-09-17 11:14:23,521{GMT}	INFO	[jepsen worker 0] jepsen.print: 50	:ok	:write	"vs618073226-107-"
2026-09-17 11:14:23,547{GMT}	INFO	[jepsen worker 0] jepsen.print: 50	:invoke	:write	"vs618073226-110-"
2026-09-17 11:14:23,575{GMT}	INFO	[jepsen worker 0] jepsen.print: 50	:ok	:write	"vs618073226-110-"
2026-09-17 11:14:24,229{GMT}	INFO	[jepsen worker 1] jepsen.print: 36	:invoke	:write	"vs618073226-113-"
2026-09-17 11:14:24,229{GMT}	INFO	[jepsen worker 1] jepsen.coord.client: Opening coord client on n2
2026-09-17 11:14:24,405{GMT}	INFO	[jepsen worker 1] jepsen.print: 36	:ok	:write	"vs618073226-113-"
2026-09-17 11:14:24,502{GMT}	INFO	[jepsen worker 2] jepsen.print: 57	:invoke	:write	"vs618073226-116-"
2026-09-17 11:14:24,503{GMT}	INFO	[jepsen worker 2] jepsen.coord.client: Opening coord client on n3
2026-09-17 11:14:24,547{GMT}	INFO	[jepsen worker 3] jepsen.print: 33	:invoke	:write	"vs618073226-118-"
2026-09-17 11:14:24,559{GMT}	INFO	[jepsen worker 4] jepsen.print: 34	:invoke	:write	"vs618073226-120-"
2026-09-17 11:14:24,559{GMT}	INFO	[jepsen worker 4] jepsen.coord.client: Opening coord client on n2
2026-09-17 11:14:24,642{GMT}	INFO	[jepsen worker 3] jepsen.print: 33	:ok	:write	"vs618073226-118-"
2026-09-17 11:14:24,707{GMT}	INFO	[jepsen worker 2] jepsen.print: 57	:ok	:write	"vs618073226-116-"
2026-09-17 11:14:24,818{GMT}	INFO	[jepsen worker 4] jepsen.print: 34	:ok	:write	"vs618073226-120-"
2026-09-17 11:14:25,109{GMT}	INFO	[jepsen worker 0] jepsen.print: 50	:invoke	:write	"vs618073226-125-"
2026-09-17 11:14:25,137{GMT}	INFO	[jepsen worker 0] jepsen.print: 50	:ok	:write	"vs618073226-125-"
2026-09-17 11:14:25,232{GMT}	INFO	[jepsen worker 0] jepsen.print: 50	:invoke	:write	"vs618073226-128-"
2026-09-17 11:14:25,264{GMT}	INFO	[jepsen worker 0] jepsen.print: 50	:ok	:write	"vs618073226-128-"
2026-09-17 11:14:25,375{GMT}	INFO	[jepsen worker 1] jepsen.print: 36	:invoke	:watch-session	{:key "/jepsen/watch/s618073226", :start-revision :last, :prev-kv? true, :window-ms nil, :max-events nil, :resumes nil}
2026-09-17 11:14:25,375{GMT}	WARN	[jepsen worker 1] jepsen.generator.interpreter: Process 36 crashed
java.lang.IllegalArgumentException: Wrong object type used with protocol message reflection.
Field number: 1, field java type: MESSAGE, value type: clojure.lang.PersistentArrayMap

	at com.google.protobuf.FieldSet$Builder.verifyType(FieldSet.java:1232)
	at com.google.protobuf.FieldSet$Builder.setField(FieldSet.java:1099)
	at com.google.protobuf.DynamicMessage$Builder.setField(DynamicMessage.java:523)
	at jepsen.coord.proto$watch_req.invokeStatic(proto.clj:347)
	at jepsen.coord.proto$watch_req.invoke(proto.clj:342)
	at jepsen.coord.proto$open_watch.invokeStatic(proto.clj:412)
	at jepsen.coord.proto$open_watch.invoke(proto.clj:403)
	at jepsen.coord.proto$open_watch.invokeStatic(proto.clj:410)
	at jepsen.coord.proto$open_watch.invoke(proto.clj:403)
	at jepsen.coord.client$watch_open_BANG_$fn__540.invoke(client.clj:828)
	at jepsen.coord.client$watch_open_BANG_.invokeStatic(client.clj:827)
	at jepsen.coord.client$watch_open_BANG_.invoke(client.clj:808)
	at jepsen.coord.client$watch_until_BANG_.invokeStatic(client.clj:852)
	at jepsen.coord.client$watch_until_BANG_.invoke(client.clj:846)
	at jepsen.coord.client$invoke_watch_session.invokeStatic(client.clj:900)
	at jepsen.coord.client$invoke_watch_session.invoke(client.clj:877)
	at jepsen.coord.client$invoke_coord_BANG_$attempt__561.invoke(client.clj:944)
	at jepsen.coord.client$invoke_coord_BANG_.invokeStatic(client.clj:955)
	at jepsen.coord.client$invoke_coord_BANG_.invoke(client.clj:930)
	at jepsen.coord.client.CoordClient.invoke_BANG_(client.clj:1014)
	at jepsen.client.Validate.invoke_BANG_(client.clj:87)
	at jepsen.generator.interpreter.ClientWorker.invoke_BANG_(interpreter.clj:74)
	at jepsen.generator.interpreter$spawn_worker$fn__16151$fn__16152.invoke(interpreter.clj:149)
	at jepsen.generator.interpreter$spawn_worker$fn__16151.invoke(interpreter.clj:132)
	at clojure.core$binding_conveyor_fn$fn__5844.invoke(core.clj:2051)
	at clojure.lang.AFn.call(AFn.java:18)
	at java.base/java.util.concurrent.FutureTask.run(FutureTask.java:328)
	at java.base/java.util.concurrent.ThreadPoolExecutor.runWorker(ThreadPoolExecutor.java:1090)
	at java.base/java.util.concurrent.ThreadPoolExecutor$Worker.run(ThreadPoolExecutor.java:614)
	at java.base/java.lang.Thread.run(Thread.java:1474)
2026-09-17 11:14:25,393{GMT}	INFO	[jepsen worker 2] jepsen.print: 57	:invoke	:watch-session	{:key "/jepsen/watch/s618073226", :start-revision 0, :prev-kv? false, :window-ms nil, :max-events nil, :resumes nil}
2026-09-17 11:14:25,393{GMT}	WARN	[jepsen worker 2] jepsen.generator.interpreter: Process 57 crashed
java.lang.IllegalArgumentException: Wrong object type used with protocol message reflection.
Field number: 1, field java type: MESSAGE, value type: clojure.lang.PersistentArrayMap

	at com.google.protobuf.FieldSet$Builder.verifyType(FieldSet.java:1232)
	at com.google.protobuf.FieldSet$Builder.setField(FieldSet.java:1099)
	at com.google.protobuf.DynamicMessage$Builder.setField(DynamicMessage.java:523)
	at jepsen.coord.proto$watch_req.invokeStatic(proto.clj:347)
	at jepsen.coord.proto$watch_req.invoke(proto.clj:342)
	at jepsen.coord.proto$open_watch.invokeStatic(proto.clj:412)
	at jepsen.coord.proto$open_watch.invoke(proto.clj:403)
	at jepsen.coord.proto$open_watch.invokeStatic(proto.clj:410)
	at jepsen.coord.proto$open_watch.invoke(proto.clj:403)
	at jepsen.coord.client$watch_open_BANG_$fn__540.invoke(client.clj:828)
	at jepsen.coord.client$watch_open_BANG_.invokeStatic(client.clj:827)
	at jepsen.coord.client$watch_open_BANG_.invoke(client.clj:808)
	at jepsen.coord.client$watch_until_BANG_.invokeStatic(client.clj:852)
	at jepsen.coord.client$watch_until_BANG_.invoke(client.clj:846)
	at jepsen.coord.client$invoke_watch_session.invokeStatic(client.clj:900)
	at jepsen.coord.client$invoke_watch_session.invoke(client.clj:877)
	at jepsen.coord.client$invoke_coord_BANG_$attempt__561.invoke(client.clj:944)
	at jepsen.coord.client$invoke_coord_BANG_.invokeStatic(client.clj:955)
	at jepsen.coord.client$invoke_coord_BANG_.invoke(client.clj:930)
	at jepsen.coord.client.CoordClient.invoke_BANG_(client.clj:1014)
	at jepsen.client.Validate.invoke_BANG_(client.clj:87)
	at jepsen.generator.interpreter.ClientWorker.invoke_BANG_(interpreter.clj:74)
	at jepsen.generator.interpreter$spawn_worker$fn__16151$fn__16152.invoke(interpreter.clj:149)
	at jepsen.generator.interpreter$spawn_worker$fn__16151.invoke(interpreter.clj:132)
	at clojure.core$binding_conveyor_fn$fn__5844.invoke(core.clj:2051)
	at clojure.lang.AFn.call(AFn.java:18)
	at java.base/java.util.concurrent.FutureTask.run(FutureTask.java:328)
	at java.base/java.util.concurrent.ThreadPoolExecutor.runWorker(ThreadPoolExecutor.java:1090)
	at java.base/java.util.concurrent.ThreadPoolExecutor$Worker.run(ThreadPoolExecutor.java:614)
	at java.base/java.lang.Thread.run(Thread.java:1474)
2026-09-17 11:14:25,923{GMT}	INFO	[jepsen worker 3] jepsen.print: 33	:invoke	:watch-session	{:key "/jepsen/watch/s618073226", :start-revision 0, :prev-kv? false, :window-ms nil, :max-events nil, :resumes nil}
2026-09-17 11:14:25,923{GMT}	WARN	[jepsen worker 3] jepsen.generator.interpreter: Process 33 crashed
java.lang.IllegalArgumentException: Wrong object type used with protocol message reflection.
Field number: 1, field java type: MESSAGE, value type: clojure.lang.PersistentArrayMap

	at com.google.protobuf.FieldSet$Builder.verifyType(FieldSet.java:1232)
	at com.google.protobuf.FieldSet$Builder.setField(FieldSet.java:1099)
	at com.google.protobuf.DynamicMessage$Builder.setField(DynamicMessage.java:523)
	at jepsen.coord.proto$watch_req.invokeStatic(proto.clj:347)
	at jepsen.coord.proto$watch_req.invoke(proto.clj:342)
	at jepsen.coord.proto$open_watch.invokeStatic(proto.clj:412)
	at jepsen.coord.proto$open_watch.invoke(proto.clj:403)
	at jepsen.coord.proto$open_watch.invokeStatic(proto.clj:410)
	at jepsen.coord.proto$open_watch.invoke(proto.clj:403)
	at jepsen.coord.client$watch_open_BANG_$fn__540.invoke(client.clj:828)
	at jepsen.coord.client$watch_open_BANG_.invokeStatic(client.clj:827)
	at jepsen.coord.client$watch_open_BANG_.invoke(client.clj:808)
	at jepsen.coord.client$watch_until_BANG_.invokeStatic(client.clj:852)
	at jepsen.coord.client$watch_until_BANG_.invoke(client.clj:846)
	at jepsen.coord.client$invoke_watch_session.invokeStatic(client.clj:900)
	at jepsen.coord.client$invoke_watch_session.invoke(client.clj:877)
	at jepsen.coord.client$invoke_coord_BANG_$attempt__561.invoke(client.clj:944)
	at jepsen.coord.client$invoke_coord_BANG_.invokeStatic(client.clj:955)
	at jepsen.coord.client$invoke_coord_BANG_.invoke(client.clj:930)
	at jepsen.coord.client.CoordClient.invoke_BANG_(client.clj:1014)
	at jepsen.client.Validate.invoke_BANG_(client.clj:87)
	at jepsen.generator.interpreter.ClientWorker.invoke_BANG_(interpreter.clj:74)
	at jepsen.generator.interpreter$spawn_worker$fn__16151$fn__16152.invoke(interpreter.clj:149)
	at jepsen.generator.interpreter$spawn_worker$fn__16151.invoke(interpreter.clj:132)
	at clojure.core$binding_conveyor_fn$fn__5844.invoke(core.clj:2051)
	at clojure.lang.AFn.call(AFn.java:18)
	at java.base/java.util.concurrent.FutureTask.run(FutureTask.java:328)
	at java.base/java.util.concurrent.ThreadPoolExecutor.runWorker(ThreadPoolExecutor.java:1090)
	at java.base/java.util.concurrent.ThreadPoolExecutor$Worker.run(ThreadPoolExecutor.java:614)
	at java.base/java.lang.Thread.run(Thread.java:1474)
2026-09-17 11:14:25,966{GMT}	INFO	[jepsen worker 4] jepsen.print: 34	:invoke	:watch-session	{:key "/jepsen/watch/s618073226", :start-revision 0, :prev-kv? true, :window-ms nil, :max-events nil, :resumes nil}
2026-09-17 11:14:25,967{GMT}	WARN	[jepsen worker 4] jepsen.generator.interpreter: Process 34 crashed
java.lang.IllegalArgumentException: Wrong object type used with protocol message reflection.
Field number: 1, field java type: MESSAGE, value type: clojure.lang.PersistentArrayMap

	at com.google.protobuf.FieldSet$Builder.verifyType(FieldSet.java:1232)
	at com.google.protobuf.FieldSet$Builder.setField(FieldSet.java:1099)
	at com.google.protobuf.DynamicMessage$Builder.setField(DynamicMessage.java:523)
	at jepsen.coord.proto$watch_req.invokeStatic(proto.clj:347)
	at jepsen.coord.proto$watch_req.invoke(proto.clj:342)
	at jepsen.coord.proto$open_watch.invokeStatic(proto.clj:412)
	at jepsen.coord.proto$open_watch.invoke(proto.clj:403)
	at jepsen.coord.proto$open_watch.invokeStatic(proto.clj:410)
	at jepsen.coord.proto$open_watch.invoke(proto.clj:403)
	at jepsen.coord.client$watch_open_BANG_$fn__540.invoke(client.clj:828)
	at jepsen.coord.client$watch_open_BANG_.invokeStatic(client.clj:827)
	at jepsen.coord.client$watch_open_BANG_.invoke(client.clj:808)
	at jepsen.coord.client$watch_until_BANG_.invokeStatic(client.clj:852)
	at jepsen.coord.client$watch_until_BANG_.invoke(client.clj:846)
	at jepsen.coord.client$invoke_watch_session.invokeStatic(client.clj:900)
	at jepsen.coord.client$invoke_watch_session.invoke(client.clj:877)
	at jepsen.coord.client$invoke_coord_BANG_$attempt__561.invoke(client.clj:944)
	at jepsen.coord.client$invoke_coord_BANG_.invokeStatic(client.clj:955)
	at jepsen.coord.client$invoke_coord_BANG_.invoke(client.clj:930)
	at jepsen.coord.client.CoordClient.invoke_BANG_(client.clj:1014)
	at jepsen.client.Validate.invoke_BANG_(client.clj:87)
	at jepsen.generator.interpreter.ClientWorker.invoke_BANG_(interpreter.clj:74)
	at jepsen.generator.interpreter$spawn_worker$fn__16151$fn__16152.invoke(interpreter.clj:149)
	at jepsen.generator.interpreter$spawn_worker$fn__16151.invoke(interpreter.clj:132)
	at clojure.core$binding_conveyor_fn$fn__5844.invoke(core.clj:2051)
	at clojure.lang.AFn.call(AFn.java:18)
	at java.base/java.util.concurrent.FutureTask.run(FutureTask.java:328)
	at java.base/java.util.concurrent.ThreadPoolExecutor.runWorker(ThreadPoolExecutor.java:1090)
	at java.base/java.util.concurrent.ThreadPoolExecutor$Worker.run(ThreadPoolExecutor.java:614)
	at java.base/java.lang.Thread.run(Thread.java:1474)
2026-09-17 11:14:26,405{GMT}	INFO	[jepsen worker 0] jepsen.print: 50	:invoke	:write	"vs618073226-131-"
2026-09-17 11:14:26,438{GMT}	INFO	[jepsen worker 0] jepsen.print: 50	:ok	:write	"vs618073226-131-"
2026-09-17 11:14:26,444{GMT}	INFO	[jepsen worker 0] jepsen.print: 50	:invoke	:write	"vs618073226-134-"
2026-09-17 11:14:26,529{GMT}	INFO	[jepsen worker 0] jepsen.print: 50	:ok	:write	"vs618073226-134-"
2026-09-17 11:14:27,105{GMT}	INFO	[jepsen worker 1] jepsen.print: 41	:invoke	:write	"vs618073226-137-"
2026-09-17 11:14:27,106{GMT}	INFO	[jepsen worker 1] jepsen.coord.client: Opening coord client on n2
2026-09-17 11:14:27,369{GMT}	INFO	[jepsen worker 1] jepsen.print: 41	:ok	:write	"vs618073226-137-"
2026-09-17 11:14:27,722{GMT}	INFO	[jepsen worker nemesis] jepsen.print: :nemesis	:info	:start	nil
2026-09-17 11:14:27,733{GMT}	INFO	[jepsen worker nemesis] jepsen.print: :nemesis	:info	:start	{"n3" [:killed "n3"]}
2026-09-17 11:14:27,869{GMT}	INFO	[jepsen worker 4] jepsen.print: 39	:invoke	:write	"vs618073226-144-"
2026-09-17 11:14:27,870{GMT}	INFO	[jepsen worker 4] jepsen.coord.client: Opening coord client on n2
2026-09-17 11:14:27,949{GMT}	INFO	[jepsen worker 0] jepsen.print: 50	:invoke	:watch-session	{:key "/jepsen/watch/s618073226", :start-revision :last, :prev-kv? true, :window-ms nil, :max-events nil, :resumes nil}
2026-09-17 11:14:27,950{GMT}	WARN	[jepsen worker 0] jepsen.generator.interpreter: Process 50 crashed
java.lang.IllegalArgumentException: Wrong object type used with protocol message reflection.
Field number: 1, field java type: MESSAGE, value type: clojure.lang.PersistentArrayMap

	at com.google.protobuf.FieldSet$Builder.verifyType(FieldSet.java:1232)
	at com.google.protobuf.FieldSet$Builder.setField(FieldSet.java:1099)
	at com.google.protobuf.DynamicMessage$Builder.setField(DynamicMessage.java:523)
	at jepsen.coord.proto$watch_req.invokeStatic(proto.clj:347)
	at jepsen.coord.proto$watch_req.invoke(proto.clj:342)
	at jepsen.coord.proto$open_watch.invokeStatic(proto.clj:412)
	at jepsen.coord.proto$open_watch.invoke(proto.clj:403)
	at jepsen.coord.proto$open_watch.invokeStatic(proto.clj:410)
	at jepsen.coord.proto$open_watch.invoke(proto.clj:403)
	at jepsen.coord.client$watch_open_BANG_$fn__540.invoke(client.clj:828)
	at jepsen.coord.client$watch_open_BANG_.invokeStatic(client.clj:827)
	at jepsen.coord.client$watch_open_BANG_.invoke(client.clj:808)
	at jepsen.coord.client$watch_until_BANG_.invokeStatic(client.clj:852)
	at jepsen.coord.client$watch_until_BANG_.invoke(client.clj:846)
	at jepsen.coord.client$invoke_watch_session.invokeStatic(client.clj:900)
	at jepsen.coord.client$invoke_watch_session.invoke(client.clj:877)
	at jepsen.coord.client$invoke_coord_BANG_$attempt__561.invoke(client.clj:944)
	at jepsen.coord.client$invoke_coord_BANG_.invokeStatic(client.clj:955)
	at jepsen.coord.client$invoke_coord_BANG_.invoke(client.clj:930)
	at jepsen.coord.client.CoordClient.invoke_BANG_(client.clj:1014)
	at jepsen.client.Validate.invoke_BANG_(client.clj:87)
	at jepsen.generator.interpreter.ClientWorker.invoke_BANG_(interpreter.clj:74)
	at jepsen.generator.interpreter$spawn_worker$fn__16151$fn__16152.invoke(interpreter.clj:149)
	at jepsen.generator.interpreter$spawn_worker$fn__16151.invoke(interpreter.clj:132)
	at clojure.core$binding_conveyor_fn$fn__5844.invoke(core.clj:2051)
	at clojure.lang.AFn.call(AFn.java:18)
	at java.base/java.util.concurrent.FutureTask.run(FutureTask.java:328)
	at java.base/java.util.concurrent.ThreadPoolExecutor.runWorker(ThreadPoolExecutor.java:1090)
	at java.base/java.util.concurrent.ThreadPoolExecutor$Worker.run(ThreadPoolExecutor.java:614)
	at java.base/java.lang.Thread.run(Thread.java:1474)
2026-09-17 11:14:28,025{GMT}	INFO	[jepsen worker 4] jepsen.print: 39	:ok	:write	"vs618073226-144-"
2026-09-17 11:14:28,225{GMT}	INFO	[jepsen worker 0] jepsen.print: 55	:invoke	:watch-session	{:key "/jepsen/watch/s618073226", :start-revision 0, :prev-kv? true, :window-ms nil, :max-events nil, :resumes nil}
2026-09-17 11:14:28,225{GMT}	INFO	[jepsen worker 0] jepsen.coord.client: Opening coord client on n1
2026-09-17 11:14:28,311{GMT}	WARN	[jepsen worker 0] jepsen.generator.interpreter: Process 55 crashed
java.lang.IllegalArgumentException: Wrong object type used with protocol message reflection.
Field number: 1, field java type: MESSAGE, value type: clojure.lang.PersistentArrayMap

	at com.google.protobuf.FieldSet$Builder.verifyType(FieldSet.java:1232)
	at com.google.protobuf.FieldSet$Builder.setField(FieldSet.java:1099)
	at com.google.protobuf.DynamicMessage$Builder.setField(DynamicMessage.java:523)
	at jepsen.coord.proto$watch_req.invokeStatic(proto.clj:347)
	at jepsen.coord.proto$watch_req.invoke(proto.clj:342)
	at jepsen.coord.proto$open_watch.invokeStatic(proto.clj:412)
	at jepsen.coord.proto$open_watch.invoke(proto.clj:403)
	at jepsen.coord.proto$open_watch.invokeStatic(proto.clj:410)
	at jepsen.coord.proto$open_watch.invoke(proto.clj:403)
	at jepsen.coord.client$watch_open_BANG_$fn__540.invoke(client.clj:828)
	at jepsen.coord.client$watch_open_BANG_.invokeStatic(client.clj:827)
	at jepsen.coord.client$watch_open_BANG_.invoke(client.clj:808)
	at jepsen.coord.client$watch_until_BANG_.invokeStatic(client.clj:852)
	at jepsen.coord.client$watch_until_BANG_.invoke(client.clj:846)
	at jepsen.coord.client$invoke_watch_session.invokeStatic(client.clj:900)
	at jepsen.coord.client$invoke_watch_session.invoke(client.clj:877)
	at jepsen.coord.client$invoke_coord_BANG_$attempt__561.invoke(client.clj:944)
	at jepsen.coord.client$invoke_coord_BANG_.invokeStatic(client.clj:955)
	at jepsen.coord.client$invoke_coord_BANG_.invoke(client.clj:930)
	at jepsen.coord.client.CoordClient.invoke_BANG_(client.clj:1014)
	at jepsen.client.Validate.invoke_BANG_(client.clj:87)
	at jepsen.generator.interpreter.ClientWorker.invoke_BANG_(interpreter.clj:74)
	at jepsen.generator.interpreter$spawn_worker$fn__16151$fn__16152.invoke(interpreter.clj:149)
	at jepsen.generator.interpreter$spawn_worker$fn__16151.invoke(interpreter.clj:132)
	at clojure.core$binding_conveyor_fn$fn__5844.invoke(core.clj:2051)
	at clojure.lang.AFn.call(AFn.java:18)
	at java.base/java.util.concurrent.FutureTask.run(FutureTask.java:328)
	at java.base/java.util.concurrent.ThreadPoolExecutor.runWorker(ThreadPoolExecutor.java:1090)
	at java.base/java.util.concurrent.ThreadPoolExecutor$Worker.run(ThreadPoolExecutor.java:614)
	at java.base/java.lang.Thread.run(Thread.java:1474)
2026-09-17 11:14:28,431{GMT}	INFO	[jepsen worker 1] jepsen.print: 41	:invoke	:write	"vs618073226-147-"
2026-09-17 11:14:28,457{GMT}	INFO	[jepsen worker 1] jepsen.print: 41	:ok	:write	"vs618073226-147-"
2026-09-17 11:14:28,486{GMT}	INFO	[jepsen worker 2] jepsen.print: 62	:invoke	:watch-session	{:key "/jepsen/watch/s618073226", :start-revision :last, :prev-kv? true, :window-ms nil, :max-events nil, :resumes nil}
2026-09-17 11:14:28,487{GMT}	INFO	[jepsen worker 2] jepsen.coord.client: Opening coord client on n3
2026-09-17 11:14:28,631{GMT}	WARN	[jepsen worker 2] jepsen.generator.interpreter: Process 62 crashed
java.lang.IllegalArgumentException: Wrong object type used with protocol message reflection.
Field number: 1, field java type: MESSAGE, value type: clojure.lang.PersistentArrayMap

	at com.google.protobuf.FieldSet$Builder.verifyType(FieldSet.java:1232)
	at com.google.protobuf.FieldSet$Builder.setField(FieldSet.java:1099)
	at com.google.protobuf.DynamicMessage$Builder.setField(DynamicMessage.java:523)
	at jepsen.coord.proto$watch_req.invokeStatic(proto.clj:347)
	at jepsen.coord.proto$watch_req.invoke(proto.clj:342)
	at jepsen.coord.proto$open_watch.invokeStatic(proto.clj:412)
	at jepsen.coord.proto$open_watch.invoke(proto.clj:403)
	at jepsen.coord.proto$open_watch.invokeStatic(proto.clj:410)
	at jepsen.coord.proto$open_watch.invoke(proto.clj:403)
	at jepsen.coord.client$watch_open_BANG_$fn__540.invoke(client.clj:828)
	at jepsen.coord.client$watch_open_BANG_.invokeStatic(client.clj:827)
	at jepsen.coord.client$watch_open_BANG_.invoke(client.clj:808)
	at jepsen.coord.client$watch_until_BANG_.invokeStatic(client.clj:852)
	at jepsen.coord.client$watch_until_BANG_.invoke(client.clj:846)
	at jepsen.coord.client$invoke_watch_session.invokeStatic(client.clj:900)
	at jepsen.coord.client$invoke_watch_session.invoke(client.clj:877)
	at jepsen.coord.client$invoke_coord_BANG_$attempt__561.invoke(client.clj:944)
	at jepsen.coord.client$invoke_coord_BANG_.invokeStatic(client.clj:955)
	at jepsen.coord.client$invoke_coord_BANG_.invoke(client.clj:930)
	at jepsen.coord.client.CoordClient.invoke_BANG_(client.clj:1014)
	at jepsen.client.Validate.invoke_BANG_(client.clj:87)
	at jepsen.generator.interpreter.ClientWorker.invoke_BANG_(interpreter.clj:74)
	at jepsen.generator.interpreter$spawn_worker$fn__16151$fn__16152.invoke(interpreter.clj:149)
	at jepsen.generator.interpreter$spawn_worker$fn__16151.invoke(interpreter.clj:132)
	at clojure.core$binding_conveyor_fn$fn__5844.invoke(core.clj:2051)
	at clojure.lang.AFn.call(AFn.java:18)
	at java.base/java.util.concurrent.FutureTask.run(FutureTask.java:328)
	at java.base/java.util.concurrent.ThreadPoolExecutor.runWorker(ThreadPoolExecutor.java:1090)
	at java.base/java.util.concurrent.ThreadPoolExecutor$Worker.run(ThreadPoolExecutor.java:614)
	at java.base/java.lang.Thread.run(Thread.java:1474)
2026-09-17 11:14:29,417{GMT}	INFO	[jepsen worker 3] jepsen.print: 38	:invoke	:write	"vs618073226-150-"
2026-09-17 11:14:29,418{GMT}	INFO	[jepsen worker 3] jepsen.coord.client: Opening coord client on n1
2026-09-17 11:14:29,545{GMT}	INFO	[jepsen worker 3] jepsen.print: 38	:ok	:write	"vs618073226-150-"
2026-09-17 11:14:30,253{GMT}	INFO	[jepsen worker 4] jepsen.print: 39	:invoke	:watch-session	{:key "/jepsen/watch/s618073226", :start-revision :last, :prev-kv? false, :window-ms nil, :max-events nil, :resumes nil}
2026-09-17 11:14:30,253{GMT}	WARN	[jepsen worker 4] jepsen.generator.interpreter: Process 39 crashed
java.lang.IllegalArgumentException: Wrong object type used with protocol message reflection.
Field number: 1, field java type: MESSAGE, value type: clojure.lang.PersistentArrayMap

	at com.google.protobuf.FieldSet$Builder.verifyType(FieldSet.java:1232)
	at com.google.protobuf.FieldSet$Builder.setField(FieldSet.java:1099)
	at com.google.protobuf.DynamicMessage$Builder.setField(DynamicMessage.java:523)
	at jepsen.coord.proto$watch_req.invokeStatic(proto.clj:347)
	at jepsen.coord.proto$watch_req.invoke(proto.clj:342)
	at jepsen.coord.proto$open_watch.invokeStatic(proto.clj:412)
	at jepsen.coord.proto$open_watch.invoke(proto.clj:403)
	at jepsen.coord.proto$open_watch.invokeStatic(proto.clj:410)
	at jepsen.coord.proto$open_watch.invoke(proto.clj:403)
	at jepsen.coord.client$watch_open_BANG_$fn__540.invoke(client.clj:828)
	at jepsen.coord.client$watch_open_BANG_.invokeStatic(client.clj:827)
	at jepsen.coord.client$watch_open_BANG_.invoke(client.clj:808)
	at jepsen.coord.client$watch_until_BANG_.invokeStatic(client.clj:852)
	at jepsen.coord.client$watch_until_BANG_.invoke(client.clj:846)
	at jepsen.coord.client$invoke_watch_session.invokeStatic(client.clj:900)
	at jepsen.coord.client$invoke_watch_session.invoke(client.clj:877)
	at jepsen.coord.client$invoke_coord_BANG_$attempt__561.invoke(client.clj:944)
	at jepsen.coord.client$invoke_coord_BANG_.invokeStatic(client.clj:955)
	at jepsen.coord.client$invoke_coord_BANG_.invoke(client.clj:930)
	at jepsen.coord.client.CoordClient.invoke_BANG_(client.clj:1014)
	at jepsen.client.Validate.invoke_BANG_(client.clj:87)
	at jepsen.generator.interpreter.ClientWorker.invoke_BANG_(interpreter.clj:74)
	at jepsen.generator.interpreter$spawn_worker$fn__16151$fn__16152.invoke(interpreter.clj:149)
	at jepsen.generator.interpreter$spawn_worker$fn__16151.invoke(interpreter.clj:132)
	at clojure.core$binding_conveyor_fn$fn__5844.invoke(core.clj:2051)
	at clojure.lang.AFn.call(AFn.java:18)
	at java.base/java.util.concurrent.FutureTask.run(FutureTask.java:328)
	at java.base/java.util.concurrent.ThreadPoolExecutor.runWorker(ThreadPoolExecutor.java:1090)
	at java.base/java.util.concurrent.ThreadPoolExecutor$Worker.run(ThreadPoolExecutor.java:614)
	at java.base/java.lang.Thread.run(Thread.java:1474)
2026-09-17 11:14:31,140{GMT}	INFO	[jepsen worker 0] jepsen.print: 60	:invoke	:watch-session	{:key "/jepsen/watch/s618073226", :start-revision 0, :prev-kv? false, :window-ms nil, :max-events nil, :resumes nil}
2026-09-17 11:14:31,140{GMT}	INFO	[jepsen worker 0] jepsen.coord.client: Opening coord client on n1
2026-09-17 11:14:31,231{GMT}	WARN	[jepsen worker 0] jepsen.generator.interpreter: Process 60 crashed
java.lang.IllegalArgumentException: Wrong object type used with protocol message reflection.
Field number: 1, field java type: MESSAGE, value type: clojure.lang.PersistentArrayMap

	at com.google.protobuf.FieldSet$Builder.verifyType(FieldSet.java:1232)
	at com.google.protobuf.FieldSet$Builder.setField(FieldSet.java:1099)
	at com.google.protobuf.DynamicMessage$Builder.setField(DynamicMessage.java:523)
	at jepsen.coord.proto$watch_req.invokeStatic(proto.clj:347)
	at jepsen.coord.proto$watch_req.invoke(proto.clj:342)
	at jepsen.coord.proto$open_watch.invokeStatic(proto.clj:412)
	at jepsen.coord.proto$open_watch.invoke(proto.clj:403)
	at jepsen.coord.proto$open_watch.invokeStatic(proto.clj:410)
	at jepsen.coord.proto$open_watch.invoke(proto.clj:403)
	at jepsen.coord.client$watch_open_BANG_$fn__540.invoke(client.clj:828)
	at jepsen.coord.client$watch_open_BANG_.invokeStatic(client.clj:827)
	at jepsen.coord.client$watch_open_BANG_.invoke(client.clj:808)
	at jepsen.coord.client$watch_until_BANG_.invokeStatic(client.clj:852)
	at jepsen.coord.client$watch_until_BANG_.invoke(client.clj:846)
	at jepsen.coord.client$invoke_watch_session.invokeStatic(client.clj:900)
	at jepsen.coord.client$invoke_watch_session.invoke(client.clj:877)
	at jepsen.coord.client$invoke_coord_BANG_$attempt__561.invoke(client.clj:944)
	at jepsen.coord.client$invoke_coord_BANG_.invokeStatic(client.clj:955)
	at jepsen.coord.client$invoke_coord_BANG_.invoke(client.clj:930)
	at jepsen.coord.client.CoordClient.invoke_BANG_(client.clj:1014)
	at jepsen.client.Validate.invoke_BANG_(client.clj:87)
	at jepsen.generator.interpreter.ClientWorker.invoke_BANG_(interpreter.clj:74)
	at jepsen.generator.interpreter$spawn_worker$fn__16151$fn__16152.invoke(interpreter.clj:149)
	at jepsen.generator.interpreter$spawn_worker$fn__16151.invoke(interpreter.clj:132)
	at clojure.core$binding_conveyor_fn$fn__5844.invoke(core.clj:2051)
	at clojure.lang.AFn.call(AFn.java:18)
	at java.base/java.util.concurrent.FutureTask.run(FutureTask.java:328)
	at java.base/java.util.concurrent.ThreadPoolExecutor.runWorker(ThreadPoolExecutor.java:1090)
	at java.base/java.util.concurrent.ThreadPoolExecutor$Worker.run(ThreadPoolExecutor.java:614)
	at java.base/java.lang.Thread.run(Thread.java:1474)
2026-09-17 11:14:31,611{GMT}	INFO	[jepsen worker 0] jepsen.print: 65	:invoke	:write	"vs618073226-153-"
2026-09-17 11:14:31,611{GMT}	INFO	[jepsen worker 0] jepsen.coord.client: Opening coord client on n1
2026-09-17 11:14:31,668{GMT}	INFO	[jepsen worker nemesis] jepsen.print: :nemesis	:info	:stop	nil
2026-09-17 11:14:31,792{GMT}	INFO	[jepsen node n3] jepsen.coord.db: Restarting coord on n3
2026-09-17 11:14:31,792{GMT}	INFO	[jepsen node n3] jepsen.control.util: Starting coord
2026-09-17 11:14:31,801{GMT}	INFO	[jepsen worker 0] jepsen.print: 65	:ok	:write	"vs618073226-153-"
2026-09-17 11:14:31,905{GMT}	INFO	[jepsen node n3] jepsen.coord.db: Waiting for coord on n3 to be ready
2026-09-17 11:14:32,018{GMT}	INFO	[jepsen worker 2] jepsen.print: 67	:invoke	:watch-session	{:key "/jepsen/watch/s618073226", :start-revision 0, :prev-kv? true, :window-ms nil, :max-events nil, :resumes nil}
2026-09-17 11:14:32,018{GMT}	INFO	[jepsen worker 2] jepsen.coord.client: Opening coord client on n3
2026-09-17 11:14:32,138{GMT}	WARN	[jepsen worker 2] jepsen.generator.interpreter: Process 67 crashed
java.lang.IllegalArgumentException: Wrong object type used with protocol message reflection.
Field number: 1, field java type: MESSAGE, value type: clojure.lang.PersistentArrayMap

	at com.google.protobuf.FieldSet$Builder.verifyType(FieldSet.java:1232)
	at com.google.protobuf.FieldSet$Builder.setField(FieldSet.java:1099)
	at com.google.protobuf.DynamicMessage$Builder.setField(DynamicMessage.java:523)
	at jepsen.coord.proto$watch_req.invokeStatic(proto.clj:347)
	at jepsen.coord.proto$watch_req.invoke(proto.clj:342)
	at jepsen.coord.proto$open_watch.invokeStatic(proto.clj:412)
	at jepsen.coord.proto$open_watch.invoke(proto.clj:403)
	at jepsen.coord.proto$open_watch.invokeStatic(proto.clj:410)
	at jepsen.coord.proto$open_watch.invoke(proto.clj:403)
	at jepsen.coord.client$watch_open_BANG_$fn__540.invoke(client.clj:828)
	at jepsen.coord.client$watch_open_BANG_.invokeStatic(client.clj:827)
	at jepsen.coord.client$watch_open_BANG_.invoke(client.clj:808)
	at jepsen.coord.client$watch_until_BANG_.invokeStatic(client.clj:852)
	at jepsen.coord.client$watch_until_BANG_.invoke(client.clj:846)
	at jepsen.coord.client$invoke_watch_session.invokeStatic(client.clj:900)
	at jepsen.coord.client$invoke_watch_session.invoke(client.clj:877)
	at jepsen.coord.client$invoke_coord_BANG_$attempt__561.invoke(client.clj:944)
	at jepsen.coord.client$invoke_coord_BANG_.invokeStatic(client.clj:955)
	at jepsen.coord.client$invoke_coord_BANG_.invoke(client.clj:930)
	at jepsen.coord.client.CoordClient.invoke_BANG_(client.clj:1014)
	at jepsen.client.Validate.invoke_BANG_(client.clj:87)
	at jepsen.generator.interpreter.ClientWorker.invoke_BANG_(interpreter.clj:74)
	at jepsen.generator.interpreter$spawn_worker$fn__16151$fn__16152.invoke(interpreter.clj:149)
	at jepsen.generator.interpreter$spawn_worker$fn__16151.invoke(interpreter.clj:132)
	at clojure.core$binding_conveyor_fn$fn__5844.invoke(core.clj:2051)
	at clojure.lang.AFn.call(AFn.java:18)
	at java.base/java.util.concurrent.FutureTask.run(FutureTask.java:328)
	at java.base/java.util.concurrent.ThreadPoolExecutor.runWorker(ThreadPoolExecutor.java:1090)
	at java.base/java.util.concurrent.ThreadPoolExecutor$Worker.run(ThreadPoolExecutor.java:614)
	at java.base/java.lang.Thread.run(Thread.java:1474)
2026-09-17 11:14:32,885{GMT}	INFO	[jepsen worker 3] jepsen.print: 38	:invoke	:watch-session	{:key "/jepsen/watch/s618073226", :start-revision :last, :prev-kv? false, :window-ms nil, :max-events nil, :resumes nil}
2026-09-17 11:14:32,887{GMT}	WARN	[jepsen worker 3] jepsen.generator.interpreter: Process 38 crashed
java.lang.IllegalArgumentException: Wrong object type used with protocol message reflection.
Field number: 1, field java type: MESSAGE, value type: clojure.lang.PersistentArrayMap

	at com.google.protobuf.FieldSet$Builder.verifyType(FieldSet.java:1232)
	at com.google.protobuf.FieldSet$Builder.setField(FieldSet.java:1099)
	at com.google.protobuf.DynamicMessage$Builder.setField(DynamicMessage.java:523)
	at jepsen.coord.proto$watch_req.invokeStatic(proto.clj:347)
	at jepsen.coord.proto$watch_req.invoke(proto.clj:342)
	at jepsen.coord.proto$open_watch.invokeStatic(proto.clj:412)
	at jepsen.coord.proto$open_watch.invoke(proto.clj:403)
	at jepsen.coord.proto$open_watch.invokeStatic(proto.clj:410)
	at jepsen.coord.proto$open_watch.invoke(proto.clj:403)
	at jepsen.coord.client$watch_open_BANG_$fn__540.invoke(client.clj:828)
	at jepsen.coord.client$watch_open_BANG_.invokeStatic(client.clj:827)
	at jepsen.coord.client$watch_open_BANG_.invoke(client.clj:808)
	at jepsen.coord.client$watch_until_BANG_.invokeStatic(client.clj:852)
	at jepsen.coord.client$watch_until_BANG_.invoke(client.clj:846)
	at jepsen.coord.client$invoke_watch_session.invokeStatic(client.clj:900)
	at jepsen.coord.client$invoke_watch_session.invoke(client.clj:877)
	at jepsen.coord.client$invoke_coord_BANG_$attempt__561.invoke(client.clj:944)
	at jepsen.coord.client$invoke_coord_BANG_.invokeStatic(client.clj:955)
	at jepsen.coord.client$invoke_coord_BANG_.invoke(client.clj:930)
	at jepsen.coord.client.CoordClient.invoke_BANG_(client.clj:1014)
	at jepsen.client.Validate.invoke_BANG_(client.clj:87)
	at jepsen.generator.interpreter.ClientWorker.invoke_BANG_(interpreter.clj:74)
	at jepsen.generator.interpreter$spawn_worker$fn__16151$fn__16152.invoke(interpreter.clj:149)
	at jepsen.generator.interpreter$spawn_worker$fn__16151.invoke(interpreter.clj:132)
	at clojure.core$binding_conveyor_fn$fn__5844.invoke(core.clj:2051)
	at clojure.lang.AFn.call(AFn.java:18)
	at java.base/java.util.concurrent.FutureTask.run(FutureTask.java:328)
	at java.base/java.util.concurrent.ThreadPoolExecutor.runWorker(ThreadPoolExecutor.java:1090)
	at java.base/java.util.concurrent.ThreadPoolExecutor$Worker.run(ThreadPoolExecutor.java:614)
	at java.base/java.lang.Thread.run(Thread.java:1474)
2026-09-17 11:14:32,918{GMT}	INFO	[jepsen node n3] jepsen.coord.db: coord n3 is ready
2026-09-17 11:14:32,918{GMT}	INFO	[jepsen worker nemesis] jepsen.print: :nemesis	:info	:stop	{"n3" [:restarted "n3"]}
2026-09-17 11:14:32,935{GMT}	INFO	[jepsen worker 0] jepsen.print: 65	:invoke	:watch-session	{:key "/jepsen/watch/s618073226", :start-revision :last, :prev-kv? true, :window-ms nil, :max-events nil, :resumes nil}
2026-09-17 11:14:32,935{GMT}	WARN	[jepsen worker 0] jepsen.generator.interpreter: Process 65 crashed
java.lang.IllegalArgumentException: Wrong object type used with protocol message reflection.
Field number: 1, field java type: MESSAGE, value type: clojure.lang.PersistentArrayMap

	at com.google.protobuf.FieldSet$Builder.verifyType(FieldSet.java:1232)
	at com.google.protobuf.FieldSet$Builder.setField(FieldSet.java:1099)
	at com.google.protobuf.DynamicMessage$Builder.setField(DynamicMessage.java:523)
	at jepsen.coord.proto$watch_req.invokeStatic(proto.clj:347)
	at jepsen.coord.proto$watch_req.invoke(proto.clj:342)
	at jepsen.coord.proto$open_watch.invokeStatic(proto.clj:412)
	at jepsen.coord.proto$open_watch.invoke(proto.clj:403)
	at jepsen.coord.proto$open_watch.invokeStatic(proto.clj:410)
	at jepsen.coord.proto$open_watch.invoke(proto.clj:403)
	at jepsen.coord.client$watch_open_BANG_$fn__540.invoke(client.clj:828)
	at jepsen.coord.client$watch_open_BANG_.invokeStatic(client.clj:827)
	at jepsen.coord.client$watch_open_BANG_.invoke(client.clj:808)
	at jepsen.coord.client$watch_until_BANG_.invokeStatic(client.clj:852)
	at jepsen.coord.client$watch_until_BANG_.invoke(client.clj:846)
	at jepsen.coord.client$invoke_watch_session.invokeStatic(client.clj:900)
	at jepsen.coord.client$invoke_watch_session.invoke(client.clj:877)
	at jepsen.coord.client$invoke_coord_BANG_$attempt__561.invoke(client.clj:944)
	at jepsen.coord.client$invoke_coord_BANG_.invokeStatic(client.clj:955)
	at jepsen.coord.client$invoke_coord_BANG_.invoke(client.clj:930)
	at jepsen.coord.client.CoordClient.invoke_BANG_(client.clj:1014)
	at jepsen.client.Validate.invoke_BANG_(client.clj:87)
	at jepsen.generator.interpreter.ClientWorker.invoke_BANG_(interpreter.clj:74)
	at jepsen.generator.interpreter$spawn_worker$fn__16151$fn__16152.invoke(interpreter.clj:149)
	at jepsen.generator.interpreter$spawn_worker$fn__16151.invoke(interpreter.clj:132)
	at clojure.core$binding_conveyor_fn$fn__5844.invoke(core.clj:2051)
	at clojure.lang.AFn.call(AFn.java:18)
	at java.base/java.util.concurrent.FutureTask.run(FutureTask.java:328)
	at java.base/java.util.concurrent.ThreadPoolExecutor.runWorker(ThreadPoolExecutor.java:1090)
	at java.base/java.util.concurrent.ThreadPoolExecutor$Worker.run(ThreadPoolExecutor.java:614)
	at java.base/java.lang.Thread.run(Thread.java:1474)
2026-09-17 11:14:33,057{GMT}	INFO	[jepsen worker 0] jepsen.print: 70	:invoke	:write	"vs618073226-156-"
2026-09-17 11:14:33,057{GMT}	INFO	[jepsen worker 0] jepsen.coord.client: Opening coord client on n1
2026-09-17 11:14:33,138{GMT}	INFO	[jepsen worker 1] jepsen.print: 41	:invoke	:watch-session	{:key "/jepsen/watch/s618073226", :start-revision 0, :prev-kv? false, :window-ms nil, :max-events nil, :resumes nil}
2026-09-17 11:14:33,138{GMT}	WARN	[jepsen worker 1] jepsen.generator.interpreter: Process 41 crashed
java.lang.IllegalArgumentException: Wrong object type used with protocol message reflection.
Field number: 1, field java type: MESSAGE, value type: clojure.lang.PersistentArrayMap

	at com.google.protobuf.FieldSet$Builder.verifyType(FieldSet.java:1232)
	at com.google.protobuf.FieldSet$Builder.setField(FieldSet.java:1099)
	at com.google.protobuf.DynamicMessage$Builder.setField(DynamicMessage.java:523)
	at jepsen.coord.proto$watch_req.invokeStatic(proto.clj:347)
	at jepsen.coord.proto$watch_req.invoke(proto.clj:342)
	at jepsen.coord.proto$open_watch.invokeStatic(proto.clj:412)
	at jepsen.coord.proto$open_watch.invoke(proto.clj:403)
	at jepsen.coord.proto$open_watch.invokeStatic(proto.clj:410)
	at jepsen.coord.proto$open_watch.invoke(proto.clj:403)
	at jepsen.coord.client$watch_open_BANG_$fn__540.invoke(client.clj:828)
	at jepsen.coord.client$watch_open_BANG_.invokeStatic(client.clj:827)
	at jepsen.coord.client$watch_open_BANG_.invoke(client.clj:808)
	at jepsen.coord.client$watch_until_BANG_.invokeStatic(client.clj:852)
	at jepsen.coord.client$watch_until_BANG_.invoke(client.clj:846)
	at jepsen.coord.client$invoke_watch_session.invokeStatic(client.clj:900)
	at jepsen.coord.client$invoke_watch_session.invoke(client.clj:877)
	at jepsen.coord.client$invoke_coord_BANG_$attempt__561.invoke(client.clj:944)
	at jepsen.coord.client$invoke_coord_BANG_.invokeStatic(client.clj:955)
	at jepsen.coord.client$invoke_coord_BANG_.invoke(client.clj:930)
	at jepsen.coord.client.CoordClient.invoke_BANG_(client.clj:1014)
	at jepsen.client.Validate.invoke_BANG_(client.clj:87)
	at jepsen.generator.interpreter.ClientWorker.invoke_BANG_(interpreter.clj:74)
	at jepsen.generator.interpreter$spawn_worker$fn__16151$fn__16152.invoke(interpreter.clj:149)
	at jepsen.generator.interpreter$spawn_worker$fn__16151.invoke(interpreter.clj:132)
	at clojure.core$binding_conveyor_fn$fn__5844.invoke(core.clj:2051)
	at clojure.lang.AFn.call(AFn.java:18)
	at java.base/java.util.concurrent.FutureTask.run(FutureTask.java:328)
	at java.base/java.util.concurrent.ThreadPoolExecutor.runWorker(ThreadPoolExecutor.java:1090)
	at java.base/java.util.concurrent.ThreadPoolExecutor$Worker.run(ThreadPoolExecutor.java:614)
	at java.base/java.lang.Thread.run(Thread.java:1474)
2026-09-17 11:14:33,222{GMT}	INFO	[jepsen worker 0] jepsen.print: 70	:ok	:write	"vs618073226-156-"
2026-09-17 11:14:33,517{GMT}	INFO	[jepsen worker 2] jepsen.print: 72	:invoke	:write	"vs618073226-160-"
2026-09-17 11:14:33,518{GMT}	INFO	[jepsen worker 2] jepsen.coord.client: Opening coord client on n3
2026-09-17 11:14:33,696{GMT}	INFO	[jepsen worker 2] jepsen.print: 72	:ok	:write	"vs618073226-160-"
2026-09-17 11:14:33,713{GMT}	INFO	[jepsen worker 3] jepsen.print: 43	:invoke	:write	"vs618073226-163-"
2026-09-17 11:14:33,713{GMT}	INFO	[jepsen worker 3] jepsen.coord.client: Opening coord client on n1
2026-09-17 11:14:33,880{GMT}	INFO	[jepsen worker 3] jepsen.print: 43	:ok	:write	"vs618073226-163-"
2026-09-17 11:14:34,001{GMT}	INFO	[jepsen worker 4] jepsen.print: 44	:invoke	:write	"vs618073226-166-"
2026-09-17 11:14:34,002{GMT}	INFO	[jepsen worker 4] jepsen.coord.client: Opening coord client on n2
2026-09-17 11:14:34,177{GMT}	INFO	[jepsen worker 4] jepsen.print: 44	:ok	:write	"vs618073226-166-"
2026-09-17 11:14:34,249{GMT}	INFO	[jepsen worker 0] jepsen.print: 70	:invoke	:write	"vs618073226-169-"
2026-09-17 11:14:34,290{GMT}	INFO	[jepsen worker 0] jepsen.print: 70	:ok	:write	"vs618073226-169-"
2026-09-17 11:14:34,971{GMT}	INFO	[jepsen worker 0] jepsen.print: 70	:invoke	:watch-session	{:key "/jepsen/watch/s618073226", :start-revision 0, :prev-kv? false, :window-ms nil, :max-events nil, :resumes nil}
2026-09-17 11:14:34,971{GMT}	WARN	[jepsen worker 0] jepsen.generator.interpreter: Process 70 crashed
java.lang.IllegalArgumentException: Wrong object type used with protocol message reflection.
Field number: 1, field java type: MESSAGE, value type: clojure.lang.PersistentArrayMap

	at com.google.protobuf.FieldSet$Builder.verifyType(FieldSet.java:1232)
	at com.google.protobuf.FieldSet$Builder.setField(FieldSet.java:1099)
	at com.google.protobuf.DynamicMessage$Builder.setField(DynamicMessage.java:523)
	at jepsen.coord.proto$watch_req.invokeStatic(proto.clj:347)
	at jepsen.coord.proto$watch_req.invoke(proto.clj:342)
	at jepsen.coord.proto$open_watch.invokeStatic(proto.clj:412)
	at jepsen.coord.proto$open_watch.invoke(proto.clj:403)
	at jepsen.coord.proto$open_watch.invokeStatic(proto.clj:410)
	at jepsen.coord.proto$open_watch.invoke(proto.clj:403)
	at jepsen.coord.client$watch_open_BANG_$fn__540.invoke(client.clj:828)
	at jepsen.coord.client$watch_open_BANG_.invokeStatic(client.clj:827)
	at jepsen.coord.client$watch_open_BANG_.invoke(client.clj:808)
	at jepsen.coord.client$watch_until_BANG_.invokeStatic(client.clj:852)
	at jepsen.coord.client$watch_until_BANG_.invoke(client.clj:846)
	at jepsen.coord.client$invoke_watch_session.invokeStatic(client.clj:900)
	at jepsen.coord.client$invoke_watch_session.invoke(client.clj:877)
	at jepsen.coord.client$invoke_coord_BANG_$attempt__561.invoke(client.clj:944)
	at jepsen.coord.client$invoke_coord_BANG_.invokeStatic(client.clj:955)
	at jepsen.coord.client$invoke_coord_BANG_.invoke(client.clj:930)
	at jepsen.coord.client.CoordClient.invoke_BANG_(client.clj:1014)
	at jepsen.client.Validate.invoke_BANG_(client.clj:87)
	at jepsen.generator.interpreter.ClientWorker.invoke_BANG_(interpreter.clj:74)
	at jepsen.generator.interpreter$spawn_worker$fn__16151$fn__16152.invoke(interpreter.clj:149)
	at jepsen.generator.interpreter$spawn_worker$fn__16151.invoke(interpreter.clj:132)
	at clojure.core$binding_conveyor_fn$fn__5844.invoke(core.clj:2051)
	at clojure.lang.AFn.call(AFn.java:18)
	at java.base/java.util.concurrent.FutureTask.run(FutureTask.java:328)
	at java.base/java.util.concurrent.ThreadPoolExecutor.runWorker(ThreadPoolExecutor.java:1090)
	at java.base/java.util.concurrent.ThreadPoolExecutor$Worker.run(ThreadPoolExecutor.java:614)
	at java.base/java.lang.Thread.run(Thread.java:1474)
2026-09-17 11:14:35,009{GMT}	INFO	[jepsen worker 1] jepsen.print: 46	:invoke	:watch-session	{:key "/jepsen/watch/s618073226", :start-revision 0, :prev-kv? true, :window-ms nil, :max-events nil, :resumes nil}
2026-09-17 11:14:35,010{GMT}	INFO	[jepsen worker 1] jepsen.coord.client: Opening coord client on n2
2026-09-17 11:14:35,148{GMT}	WARN	[jepsen worker 1] jepsen.generator.interpreter: Process 46 crashed
java.lang.IllegalArgumentException: Wrong object type used with protocol message reflection.
Field number: 1, field java type: MESSAGE, value type: clojure.lang.PersistentArrayMap

	at com.google.protobuf.FieldSet$Builder.verifyType(FieldSet.java:1232)
	at com.google.protobuf.FieldSet$Builder.setField(FieldSet.java:1099)
	at com.google.protobuf.DynamicMessage$Builder.setField(DynamicMessage.java:523)
	at jepsen.coord.proto$watch_req.invokeStatic(proto.clj:347)
	at jepsen.coord.proto$watch_req.invoke(proto.clj:342)
	at jepsen.coord.proto$open_watch.invokeStatic(proto.clj:412)
	at jepsen.coord.proto$open_watch.invoke(proto.clj:403)
	at jepsen.coord.proto$open_watch.invokeStatic(proto.clj:410)
	at jepsen.coord.proto$open_watch.invoke(proto.clj:403)
	at jepsen.coord.client$watch_open_BANG_$fn__540.invoke(client.clj:828)
	at jepsen.coord.client$watch_open_BANG_.invokeStatic(client.clj:827)
	at jepsen.coord.client$watch_open_BANG_.invoke(client.clj:808)
	at jepsen.coord.client$watch_until_BANG_.invokeStatic(client.clj:852)
	at jepsen.coord.client$watch_until_BANG_.invoke(client.clj:846)
	at jepsen.coord.client$invoke_watch_session.invokeStatic(client.clj:900)
	at jepsen.coord.client$invoke_watch_session.invoke(client.clj:877)
	at jepsen.coord.client$invoke_coord_BANG_$attempt__561.invoke(client.clj:944)
	at jepsen.coord.client$invoke_coord_BANG_.invokeStatic(client.clj:955)
	at jepsen.coord.client$invoke_coord_BANG_.invoke(client.clj:930)
	at jepsen.coord.client.CoordClient.invoke_BANG_(client.clj:1014)
	at jepsen.client.Validate.invoke_BANG_(client.clj:87)
	at jepsen.generator.interpreter.ClientWorker.invoke_BANG_(interpreter.clj:74)
	at jepsen.generator.interpreter$spawn_worker$fn__16151$fn__16152.invoke(interpreter.clj:149)
	at jepsen.generator.interpreter$spawn_worker$fn__16151.invoke(interpreter.clj:132)
	at clojure.core$binding_conveyor_fn$fn__5844.invoke(core.clj:2051)
	at clojure.lang.AFn.call(AFn.java:18)
	at java.base/java.util.concurrent.FutureTask.run(FutureTask.java:328)
	at java.base/java.util.concurrent.ThreadPoolExecutor.runWorker(ThreadPoolExecutor.java:1090)
	at java.base/java.util.concurrent.ThreadPoolExecutor$Worker.run(ThreadPoolExecutor.java:614)
	at java.base/java.lang.Thread.run(Thread.java:1474)
2026-09-17 11:14:35,275{GMT}	INFO	[jepsen worker 2] jepsen.print: 72	:invoke	:write	"vs618073226-172-"
2026-09-17 11:14:35,307{GMT}	INFO	[jepsen worker 2] jepsen.print: 72	:ok	:write	"vs618073226-172-"
2026-09-17 11:14:35,347{GMT}	INFO	[jepsen worker 3] jepsen.print: 43	:invoke	:watch-session	{:key "/jepsen/watch/s618073226", :start-revision :last, :prev-kv? false, :window-ms nil, :max-events nil, :resumes nil}
2026-09-17 11:14:35,347{GMT}	WARN	[jepsen worker 3] jepsen.generator.interpreter: Process 43 crashed
java.lang.IllegalArgumentException: Wrong object type used with protocol message reflection.
Field number: 1, field java type: MESSAGE, value type: clojure.lang.PersistentArrayMap

	at com.google.protobuf.FieldSet$Builder.verifyType(FieldSet.java:1232)
	at com.google.protobuf.FieldSet$Builder.setField(FieldSet.java:1099)
	at com.google.protobuf.DynamicMessage$Builder.setField(DynamicMessage.java:523)
	at jepsen.coord.proto$watch_req.invokeStatic(proto.clj:347)
	at jepsen.coord.proto$watch_req.invoke(proto.clj:342)
	at jepsen.coord.proto$open_watch.invokeStatic(proto.clj:412)
	at jepsen.coord.proto$open_watch.invoke(proto.clj:403)
	at jepsen.coord.proto$open_watch.invokeStatic(proto.clj:410)
	at jepsen.coord.proto$open_watch.invoke(proto.clj:403)
	at jepsen.coord.client$watch_open_BANG_$fn__540.invoke(client.clj:828)
	at jepsen.coord.client$watch_open_BANG_.invokeStatic(client.clj:827)
	at jepsen.coord.client$watch_open_BANG_.invoke(client.clj:808)
	at jepsen.coord.client$watch_until_BANG_.invokeStatic(client.clj:852)
	at jepsen.coord.client$watch_until_BANG_.invoke(client.clj:846)
	at jepsen.coord.client$invoke_watch_session.invokeStatic(client.clj:900)
	at jepsen.coord.client$invoke_watch_session.invoke(client.clj:877)
	at jepsen.coord.client$invoke_coord_BANG_$attempt__561.invoke(client.clj:944)
	at jepsen.coord.client$invoke_coord_BANG_.invokeStatic(client.clj:955)
	at jepsen.coord.client$invoke_coord_BANG_.invoke(client.clj:930)
	at jepsen.coord.client.CoordClient.invoke_BANG_(client.clj:1014)
	at jepsen.client.Validate.invoke_BANG_(client.clj:87)
	at jepsen.generator.interpreter.ClientWorker.invoke_BANG_(interpreter.clj:74)
	at jepsen.generator.interpreter$spawn_worker$fn__16151$fn__16152.invoke(interpreter.clj:149)
	at jepsen.generator.interpreter$spawn_worker$fn__16151.invoke(interpreter.clj:132)
	at clojure.core$binding_conveyor_fn$fn__5844.invoke(core.clj:2051)
	at clojure.lang.AFn.call(AFn.java:18)
	at java.base/java.util.concurrent.FutureTask.run(FutureTask.java:328)
	at java.base/java.util.concurrent.ThreadPoolExecutor.runWorker(ThreadPoolExecutor.java:1090)
	at java.base/java.util.concurrent.ThreadPoolExecutor$Worker.run(ThreadPoolExecutor.java:614)
	at java.base/java.lang.Thread.run(Thread.java:1474)
2026-09-17 11:14:35,348{GMT}	INFO	[jepsen worker 4] jepsen.print: 44	:invoke	:watch-session	{:key "/jepsen/watch/s618073226", :start-revision :last, :prev-kv? true, :window-ms nil, :max-events nil, :resumes nil}
2026-09-17 11:14:35,348{GMT}	WARN	[jepsen worker 4] jepsen.generator.interpreter: Process 44 crashed
java.lang.IllegalArgumentException: Wrong object type used with protocol message reflection.
Field number: 1, field java type: MESSAGE, value type: clojure.lang.PersistentArrayMap

	at com.google.protobuf.FieldSet$Builder.verifyType(FieldSet.java:1232)
	at com.google.protobuf.FieldSet$Builder.setField(FieldSet.java:1099)
	at com.google.protobuf.DynamicMessage$Builder.setField(DynamicMessage.java:523)
	at jepsen.coord.proto$watch_req.invokeStatic(proto.clj:347)
	at jepsen.coord.proto$watch_req.invoke(proto.clj:342)
	at jepsen.coord.proto$open_watch.invokeStatic(proto.clj:412)
	at jepsen.coord.proto$open_watch.invoke(proto.clj:403)
	at jepsen.coord.proto$open_watch.invokeStatic(proto.clj:410)
	at jepsen.coord.proto$open_watch.invoke(proto.clj:403)
	at jepsen.coord.client$watch_open_BANG_$fn__540.invoke(client.clj:828)
	at jepsen.coord.client$watch_open_BANG_.invokeStatic(client.clj:827)
	at jepsen.coord.client$watch_open_BANG_.invoke(client.clj:808)
	at jepsen.coord.client$watch_until_BANG_.invokeStatic(client.clj:852)
	at jepsen.coord.client$watch_until_BANG_.invoke(client.clj:846)
	at jepsen.coord.client$invoke_watch_session.invokeStatic(client.clj:900)
	at jepsen.coord.client$invoke_watch_session.invoke(client.clj:877)
	at jepsen.coord.client$invoke_coord_BANG_$attempt__561.invoke(client.clj:944)
	at jepsen.coord.client$invoke_coord_BANG_.invokeStatic(client.clj:955)
	at jepsen.coord.client$invoke_coord_BANG_.invoke(client.clj:930)
	at jepsen.coord.client.CoordClient.invoke_BANG_(client.clj:1014)
	at jepsen.client.Validate.invoke_BANG_(client.clj:87)
	at jepsen.generator.interpreter.ClientWorker.invoke_BANG_(interpreter.clj:74)
	at jepsen.generator.interpreter$spawn_worker$fn__16151$fn__16152.invoke(interpreter.clj:149)
	at jepsen.generator.interpreter$spawn_worker$fn__16151.invoke(interpreter.clj:132)
	at clojure.core$binding_conveyor_fn$fn__5844.invoke(core.clj:2051)
	at clojure.lang.AFn.call(AFn.java:18)
	at java.base/java.util.concurrent.FutureTask.run(FutureTask.java:328)
	at java.base/java.util.concurrent.ThreadPoolExecutor.runWorker(ThreadPoolExecutor.java:1090)
	at java.base/java.util.concurrent.ThreadPoolExecutor$Worker.run(ThreadPoolExecutor.java:614)
	at java.base/java.lang.Thread.run(Thread.java:1474)
2026-09-17 11:14:35,707{GMT}	INFO	[jepsen worker 0] jepsen.print: 75	:invoke	:watch-session	{:key "/jepsen/watch/s618073226", :start-revision 0, :prev-kv? false, :window-ms nil, :max-events nil, :resumes nil}
2026-09-17 11:14:35,707{GMT}	INFO	[jepsen worker 0] jepsen.coord.client: Opening coord client on n1
2026-09-17 11:14:35,757{GMT}	INFO	[jepsen worker 1] jepsen.print: 51	:invoke	:watch-session	{:key "/jepsen/watch/s618073226", :start-revision :last, :prev-kv? false, :window-ms nil, :max-events nil, :resumes nil}
2026-09-17 11:14:35,757{GMT}	INFO	[jepsen worker 1] jepsen.coord.client: Opening coord client on n2
2026-09-17 11:14:35,857{GMT}	WARN	[jepsen worker 0] jepsen.generator.interpreter: Process 75 crashed
java.lang.IllegalArgumentException: Wrong object type used with protocol message reflection.
Field number: 1, field java type: MESSAGE, value type: clojure.lang.PersistentArrayMap

	at com.google.protobuf.FieldSet$Builder.verifyType(FieldSet.java:1232)
	at com.google.protobuf.FieldSet$Builder.setField(FieldSet.java:1099)
	at com.google.protobuf.DynamicMessage$Builder.setField(DynamicMessage.java:523)
	at jepsen.coord.proto$watch_req.invokeStatic(proto.clj:347)
	at jepsen.coord.proto$watch_req.invoke(proto.clj:342)
	at jepsen.coord.proto$open_watch.invokeStatic(proto.clj:412)
	at jepsen.coord.proto$open_watch.invoke(proto.clj:403)
	at jepsen.coord.proto$open_watch.invokeStatic(proto.clj:410)
	at jepsen.coord.proto$open_watch.invoke(proto.clj:403)
	at jepsen.coord.client$watch_open_BANG_$fn__540.invoke(client.clj:828)
	at jepsen.coord.client$watch_open_BANG_.invokeStatic(client.clj:827)
	at jepsen.coord.client$watch_open_BANG_.invoke(client.clj:808)
	at jepsen.coord.client$watch_until_BANG_.invokeStatic(client.clj:852)
	at jepsen.coord.client$watch_until_BANG_.invoke(client.clj:846)
	at jepsen.coord.client$invoke_watch_session.invokeStatic(client.clj:900)
	at jepsen.coord.client$invoke_watch_session.invoke(client.clj:877)
	at jepsen.coord.client$invoke_coord_BANG_$attempt__561.invoke(client.clj:944)
	at jepsen.coord.client$invoke_coord_BANG_.invokeStatic(client.clj:955)
	at jepsen.coord.client$invoke_coord_BANG_.invoke(client.clj:930)
	at jepsen.coord.client.CoordClient.invoke_BANG_(client.clj:1014)
	at jepsen.client.Validate.invoke_BANG_(client.clj:87)
	at jepsen.generator.interpreter.ClientWorker.invoke_BANG_(interpreter.clj:74)
	at jepsen.generator.interpreter$spawn_worker$fn__16151$fn__16152.invoke(interpreter.clj:149)
	at jepsen.generator.interpreter$spawn_worker$fn__16151.invoke(interpreter.clj:132)
	at clojure.core$binding_conveyor_fn$fn__5844.invoke(core.clj:2051)
	at clojure.lang.AFn.call(AFn.java:18)
	at java.base/java.util.concurrent.FutureTask.run(FutureTask.java:328)
	at java.base/java.util.concurrent.ThreadPoolExecutor.runWorker(ThreadPoolExecutor.java:1090)
	at java.base/java.util.concurrent.ThreadPoolExecutor$Worker.run(ThreadPoolExecutor.java:614)
	at java.base/java.lang.Thread.run(Thread.java:1474)
2026-09-17 11:14:35,891{GMT}	WARN	[jepsen worker 1] jepsen.generator.interpreter: Process 51 crashed
java.lang.IllegalArgumentException: Wrong object type used with protocol message reflection.
Field number: 1, field java type: MESSAGE, value type: clojure.lang.PersistentArrayMap

	at com.google.protobuf.FieldSet$Builder.verifyType(FieldSet.java:1232)
	at com.google.protobuf.FieldSet$Builder.setField(FieldSet.java:1099)
	at com.google.protobuf.DynamicMessage$Builder.setField(DynamicMessage.java:523)
	at jepsen.coord.proto$watch_req.invokeStatic(proto.clj:347)
	at jepsen.coord.proto$watch_req.invoke(proto.clj:342)
	at jepsen.coord.proto$open_watch.invokeStatic(proto.clj:412)
	at jepsen.coord.proto$open_watch.invoke(proto.clj:403)
	at jepsen.coord.proto$open_watch.invokeStatic(proto.clj:410)
	at jepsen.coord.proto$open_watch.invoke(proto.clj:403)
	at jepsen.coord.client$watch_open_BANG_$fn__540.invoke(client.clj:828)
	at jepsen.coord.client$watch_open_BANG_.invokeStatic(client.clj:827)
	at jepsen.coord.client$watch_open_BANG_.invoke(client.clj:808)
	at jepsen.coord.client$watch_until_BANG_.invokeStatic(client.clj:852)
	at jepsen.coord.client$watch_until_BANG_.invoke(client.clj:846)
	at jepsen.coord.client$invoke_watch_session.invokeStatic(client.clj:900)
	at jepsen.coord.client$invoke_watch_session.invoke(client.clj:877)
	at jepsen.coord.client$invoke_coord_BANG_$attempt__561.invoke(client.clj:944)
	at jepsen.coord.client$invoke_coord_BANG_.invokeStatic(client.clj:955)
	at jepsen.coord.client$invoke_coord_BANG_.invoke(client.clj:930)
	at jepsen.coord.client.CoordClient.invoke_BANG_(client.clj:1014)
	at jepsen.client.Validate.invoke_BANG_(client.clj:87)
	at jepsen.generator.interpreter.ClientWorker.invoke_BANG_(interpreter.clj:74)
	at jepsen.generator.interpreter$spawn_worker$fn__16151$fn__16152.invoke(interpreter.clj:149)
	at jepsen.generator.interpreter$spawn_worker$fn__16151.invoke(interpreter.clj:132)
	at clojure.core$binding_conveyor_fn$fn__5844.invoke(core.clj:2051)
	at clojure.lang.AFn.call(AFn.java:18)
	at java.base/java.util.concurrent.FutureTask.run(FutureTask.java:328)
	at java.base/java.util.concurrent.ThreadPoolExecutor.runWorker(ThreadPoolExecutor.java:1090)
	at java.base/java.util.concurrent.ThreadPoolExecutor$Worker.run(ThreadPoolExecutor.java:614)
	at java.base/java.lang.Thread.run(Thread.java:1474)
2026-09-17 11:14:36,035{GMT}	INFO	[jepsen worker 1] jepsen.print: 56	:invoke	:write	"vs618073226-176-"
2026-09-17 11:14:36,036{GMT}	INFO	[jepsen worker 1] jepsen.coord.client: Opening coord client on n2
2026-09-17 11:14:36,160{GMT}	INFO	[jepsen worker nemesis] jepsen.print: :nemesis	:info	:start	nil
2026-09-17 11:14:36,184{GMT}	INFO	[jepsen worker nemesis] jepsen.print: :nemesis	:info	:start	{"n1" [:killed "n1"]}
2026-09-17 11:14:36,206{GMT}	INFO	[jepsen worker 1] jepsen.print: 56	:info	:write	"vs618073226-176-"	:unavailable-maybe-applied
2026-09-17 11:14:36,402{GMT}	INFO	[jepsen worker 4] jepsen.print: 49	:invoke	:watch-session	{:key "/jepsen/watch/s618073226", :start-revision :last, :prev-kv? true, :window-ms nil, :max-events nil, :resumes nil}
2026-09-17 11:14:36,402{GMT}	INFO	[jepsen worker 4] jepsen.coord.client: Opening coord client on n2
2026-09-17 11:14:36,893{GMT}	WARN	[jepsen worker 4] jepsen.generator.interpreter: Process 49 crashed
java.lang.IllegalArgumentException: Wrong object type used with protocol message reflection.
Field number: 1, field java type: MESSAGE, value type: clojure.lang.PersistentArrayMap

	at com.google.protobuf.FieldSet$Builder.verifyType(FieldSet.java:1232)
	at com.google.protobuf.FieldSet$Builder.setField(FieldSet.java:1099)
	at com.google.protobuf.DynamicMessage$Builder.setField(DynamicMessage.java:523)
	at jepsen.coord.proto$watch_req.invokeStatic(proto.clj:347)
	at jepsen.coord.proto$watch_req.invoke(proto.clj:342)
	at jepsen.coord.proto$open_watch.invokeStatic(proto.clj:412)
	at jepsen.coord.proto$open_watch.invoke(proto.clj:403)
	at jepsen.coord.proto$open_watch.invokeStatic(proto.clj:410)
	at jepsen.coord.proto$open_watch.invoke(proto.clj:403)
	at jepsen.coord.client$watch_open_BANG_$fn__540.invoke(client.clj:828)
	at jepsen.coord.client$watch_open_BANG_.invokeStatic(client.clj:827)
	at jepsen.coord.client$watch_open_BANG_.invoke(client.clj:808)
	at jepsen.coord.client$watch_until_BANG_.invokeStatic(client.clj:852)
	at jepsen.coord.client$watch_until_BANG_.invoke(client.clj:846)
	at jepsen.coord.client$invoke_watch_session.invokeStatic(client.clj:900)
	at jepsen.coord.client$invoke_watch_session.invoke(client.clj:877)
	at jepsen.coord.client$invoke_coord_BANG_$attempt__561.invoke(client.clj:944)
	at jepsen.coord.client$invoke_coord_BANG_.invokeStatic(client.clj:955)
	at jepsen.coord.client$invoke_coord_BANG_.invoke(client.clj:930)
	at jepsen.coord.client.CoordClient.invoke_BANG_(client.clj:1014)
	at jepsen.client.Validate.invoke_BANG_(client.clj:87)
	at jepsen.generator.interpreter.ClientWorker.invoke_BANG_(interpreter.clj:74)
	at jepsen.generator.interpreter$spawn_worker$fn__16151$fn__16152.invoke(interpreter.clj:149)
	at jepsen.generator.interpreter$spawn_worker$fn__16151.invoke(interpreter.clj:132)
	at clojure.core$binding_conveyor_fn$fn__5844.invoke(core.clj:2051)
	at clojure.lang.AFn.call(AFn.java:18)
	at java.base/java.util.concurrent.FutureTask.run(FutureTask.java:328)
	at java.base/java.util.concurrent.ThreadPoolExecutor.runWorker(ThreadPoolExecutor.java:1090)
	at java.base/java.util.concurrent.ThreadPoolExecutor$Worker.run(ThreadPoolExecutor.java:614)
	at java.base/java.lang.Thread.run(Thread.java:1474)
2026-09-17 11:14:36,904{GMT}	INFO	[jepsen worker 0] jepsen.print: 80	:invoke	:watch-session	{:key "/jepsen/watch/s618073226", :start-revision :last, :prev-kv? true, :window-ms nil, :max-events nil, :resumes nil}
2026-09-17 11:14:36,904{GMT}	INFO	[jepsen worker 0] jepsen.coord.client: Opening coord client on n1
2026-09-17 11:14:37,015{GMT}	WARN	[jepsen worker 0] jepsen.generator.interpreter: Process 80 crashed
java.lang.IllegalArgumentException: Wrong object type used with protocol message reflection.
Field number: 1, field java type: MESSAGE, value type: clojure.lang.PersistentArrayMap

	at com.google.protobuf.FieldSet$Builder.verifyType(FieldSet.java:1232)
	at com.google.protobuf.FieldSet$Builder.setField(FieldSet.java:1099)
	at com.google.protobuf.DynamicMessage$Builder.setField(DynamicMessage.java:523)
	at jepsen.coord.proto$watch_req.invokeStatic(proto.clj:347)
	at jepsen.coord.proto$watch_req.invoke(proto.clj:342)
	at jepsen.coord.proto$open_watch.invokeStatic(proto.clj:412)
	at jepsen.coord.proto$open_watch.invoke(proto.clj:403)
	at jepsen.coord.proto$open_watch.invokeStatic(proto.clj:410)
	at jepsen.coord.proto$open_watch.invoke(proto.clj:403)
	at jepsen.coord.client$watch_open_BANG_$fn__540.invoke(client.clj:828)
	at jepsen.coord.client$watch_open_BANG_.invokeStatic(client.clj:827)
	at jepsen.coord.client$watch_open_BANG_.invoke(client.clj:808)
	at jepsen.coord.client$watch_until_BANG_.invokeStatic(client.clj:852)
	at jepsen.coord.client$watch_until_BANG_.invoke(client.clj:846)
	at jepsen.coord.client$invoke_watch_session.invokeStatic(client.clj:900)
	at jepsen.coord.client$invoke_watch_session.invoke(client.clj:877)
	at jepsen.coord.client$invoke_coord_BANG_$attempt__561.invoke(client.clj:944)
	at jepsen.coord.client$invoke_coord_BANG_.invokeStatic(client.clj:955)
	at jepsen.coord.client$invoke_coord_BANG_.invoke(client.clj:930)
	at jepsen.coord.client.CoordClient.invoke_BANG_(client.clj:1014)
	at jepsen.client.Validate.invoke_BANG_(client.clj:87)
	at jepsen.generator.interpreter.ClientWorker.invoke_BANG_(interpreter.clj:74)
	at jepsen.generator.interpreter$spawn_worker$fn__16151$fn__16152.invoke(interpreter.clj:149)
	at jepsen.generator.interpreter$spawn_worker$fn__16151.invoke(interpreter.clj:132)
	at clojure.core$binding_conveyor_fn$fn__5844.invoke(core.clj:2051)
	at clojure.lang.AFn.call(AFn.java:18)
	at java.base/java.util.concurrent.FutureTask.run(FutureTask.java:328)
	at java.base/java.util.concurrent.ThreadPoolExecutor.runWorker(ThreadPoolExecutor.java:1090)
	at java.base/java.util.concurrent.ThreadPoolExecutor$Worker.run(ThreadPoolExecutor.java:614)
	at java.base/java.lang.Thread.run(Thread.java:1474)
2026-09-17 11:14:37,316{GMT}	INFO	[jepsen worker 0] jepsen.print: 85	:invoke	:write	"vs618073226-179-"
2026-09-17 11:14:37,316{GMT}	INFO	[jepsen worker 0] jepsen.coord.client: Opening coord client on n1
2026-09-17 11:14:37,328{GMT}	INFO	[jepsen worker 1] jepsen.print: 61	:invoke	:watch-session	{:key "/jepsen/watch/s618073226", :start-revision :last, :prev-kv? false, :window-ms nil, :max-events nil, :resumes nil}
2026-09-17 11:14:37,329{GMT}	INFO	[jepsen worker 1] jepsen.coord.client: Opening coord client on n2
2026-09-17 11:14:37,452{GMT}	INFO	[jepsen worker 2] jepsen.print: 72	:invoke	:write	"vs618073226-181-"
2026-09-17 11:14:37,514{GMT}	WARN	[jepsen worker 1] jepsen.generator.interpreter: Process 61 crashed
java.lang.IllegalArgumentException: Wrong object type used with protocol message reflection.
Field number: 1, field java type: MESSAGE, value type: clojure.lang.PersistentArrayMap

	at com.google.protobuf.FieldSet$Builder.verifyType(FieldSet.java:1232)
	at com.google.protobuf.FieldSet$Builder.setField(FieldSet.java:1099)
	at com.google.protobuf.DynamicMessage$Builder.setField(DynamicMessage.java:523)
	at jepsen.coord.proto$watch_req.invokeStatic(proto.clj:347)
	at jepsen.coord.proto$watch_req.invoke(proto.clj:342)
	at jepsen.coord.proto$open_watch.invokeStatic(proto.clj:412)
	at jepsen.coord.proto$open_watch.invoke(proto.clj:403)
	at jepsen.coord.proto$open_watch.invokeStatic(proto.clj:410)
	at jepsen.coord.proto$open_watch.invoke(proto.clj:403)
	at jepsen.coord.client$watch_open_BANG_$fn__540.invoke(client.clj:828)
	at jepsen.coord.client$watch_open_BANG_.invokeStatic(client.clj:827)
	at jepsen.coord.client$watch_open_BANG_.invoke(client.clj:808)
	at jepsen.coord.client$watch_until_BANG_.invokeStatic(client.clj:852)
	at jepsen.coord.client$watch_until_BANG_.invoke(client.clj:846)
	at jepsen.coord.client$invoke_watch_session.invokeStatic(client.clj:900)
	at jepsen.coord.client$invoke_watch_session.invoke(client.clj:877)
	at jepsen.coord.client$invoke_coord_BANG_$attempt__561.invoke(client.clj:944)
	at jepsen.coord.client$invoke_coord_BANG_.invokeStatic(client.clj:955)
	at jepsen.coord.client$invoke_coord_BANG_.invoke(client.clj:930)
	at jepsen.coord.client.CoordClient.invoke_BANG_(client.clj:1014)
	at jepsen.client.Validate.invoke_BANG_(client.clj:87)
	at jepsen.generator.interpreter.ClientWorker.invoke_BANG_(interpreter.clj:74)
	at jepsen.generator.interpreter$spawn_worker$fn__16151$fn__16152.invoke(interpreter.clj:149)
	at jepsen.generator.interpreter$spawn_worker$fn__16151.invoke(interpreter.clj:132)
	at clojure.core$binding_conveyor_fn$fn__5844.invoke(core.clj:2051)
	at clojure.lang.AFn.call(AFn.java:18)
	at java.base/java.util.concurrent.FutureTask.run(FutureTask.java:328)
	at java.base/java.util.concurrent.ThreadPoolExecutor.runWorker(ThreadPoolExecutor.java:1090)
	at java.base/java.util.concurrent.ThreadPoolExecutor$Worker.run(ThreadPoolExecutor.java:614)
	at java.base/java.lang.Thread.run(Thread.java:1474)
2026-09-17 11:14:37,538{GMT}	INFO	[jepsen worker 0] jepsen.print: 85	:ok	:write	"vs618073226-179-"
2026-09-17 11:14:37,538{GMT}	INFO	[jepsen worker 2] jepsen.print: 72	:ok	:write	"vs618073226-181-"
2026-09-17 11:14:37,594{GMT}	INFO	[jepsen worker 3] jepsen.print: 48	:invoke	:watch-session	{:key "/jepsen/watch/s618073226", :start-revision 0, :prev-kv? true, :window-ms nil, :max-events nil, :resumes nil}
2026-09-17 11:14:37,595{GMT}	INFO	[jepsen worker 3] jepsen.coord.client: Opening coord client on n1
2026-09-17 11:14:37,693{GMT}	WARN	[jepsen worker 3] jepsen.generator.interpreter: Process 48 crashed
java.lang.IllegalArgumentException: Wrong object type used with protocol message reflection.
Field number: 1, field java type: MESSAGE, value type: clojure.lang.PersistentArrayMap

	at com.google.protobuf.FieldSet$Builder.verifyType(FieldSet.java:1232)
	at com.google.protobuf.FieldSet$Builder.setField(FieldSet.java:1099)
	at com.google.protobuf.DynamicMessage$Builder.setField(DynamicMessage.java:523)
	at jepsen.coord.proto$watch_req.invokeStatic(proto.clj:347)
	at jepsen.coord.proto$watch_req.invoke(proto.clj:342)
	at jepsen.coord.proto$open_watch.invokeStatic(proto.clj:412)
	at jepsen.coord.proto$open_watch.invoke(proto.clj:403)
	at jepsen.coord.proto$open_watch.invokeStatic(proto.clj:410)
	at jepsen.coord.proto$open_watch.invoke(proto.clj:403)
	at jepsen.coord.client$watch_open_BANG_$fn__540.invoke(client.clj:828)
	at jepsen.coord.client$watch_open_BANG_.invokeStatic(client.clj:827)
	at jepsen.coord.client$watch_open_BANG_.invoke(client.clj:808)
	at jepsen.coord.client$watch_until_BANG_.invokeStatic(client.clj:852)
	at jepsen.coord.client$watch_until_BANG_.invoke(client.clj:846)
	at jepsen.coord.client$invoke_watch_session.invokeStatic(client.clj:900)
	at jepsen.coord.client$invoke_watch_session.invoke(client.clj:877)
	at jepsen.coord.client$invoke_coord_BANG_$attempt__561.invoke(client.clj:944)
	at jepsen.coord.client$invoke_coord_BANG_.invokeStatic(client.clj:955)
	at jepsen.coord.client$invoke_coord_BANG_.invoke(client.clj:930)
	at jepsen.coord.client.CoordClient.invoke_BANG_(client.clj:1014)
	at jepsen.client.Validate.invoke_BANG_(client.clj:87)
	at jepsen.generator.interpreter.ClientWorker.invoke_BANG_(interpreter.clj:74)
	at jepsen.generator.interpreter$spawn_worker$fn__16151$fn__16152.invoke(interpreter.clj:149)
	at jepsen.generator.interpreter$spawn_worker$fn__16151.invoke(interpreter.clj:132)
	at clojure.core$binding_conveyor_fn$fn__5844.invoke(core.clj:2051)
	at clojure.lang.AFn.call(AFn.java:18)
	at java.base/java.util.concurrent.FutureTask.run(FutureTask.java:328)
	at java.base/java.util.concurrent.ThreadPoolExecutor.runWorker(ThreadPoolExecutor.java:1090)
	at java.base/java.util.concurrent.ThreadPoolExecutor$Worker.run(ThreadPoolExecutor.java:614)
	at java.base/java.lang.Thread.run(Thread.java:1474)
2026-09-17 11:14:37,946{GMT}	INFO	[jepsen worker 4] jepsen.print: 54	:invoke	:watch-session	{:key "/jepsen/watch/s618073226", :start-revision :last, :prev-kv? false, :window-ms nil, :max-events nil, :resumes nil}
2026-09-17 11:14:37,947{GMT}	INFO	[jepsen worker 4] jepsen.coord.client: Opening coord client on n2
2026-09-17 11:14:38,032{GMT}	WARN	[jepsen worker 4] jepsen.generator.interpreter: Process 54 crashed
java.lang.IllegalArgumentException: Wrong object type used with protocol message reflection.
Field number: 1, field java type: MESSAGE, value type: clojure.lang.PersistentArrayMap

	at com.google.protobuf.FieldSet$Builder.verifyType(FieldSet.java:1232)
	at com.google.protobuf.FieldSet$Builder.setField(FieldSet.java:1099)
	at com.google.protobuf.DynamicMessage$Builder.setField(DynamicMessage.java:523)
	at jepsen.coord.proto$watch_req.invokeStatic(proto.clj:347)
	at jepsen.coord.proto$watch_req.invoke(proto.clj:342)
	at jepsen.coord.proto$open_watch.invokeStatic(proto.clj:412)
	at jepsen.coord.proto$open_watch.invoke(proto.clj:403)
	at jepsen.coord.proto$open_watch.invokeStatic(proto.clj:410)
	at jepsen.coord.proto$open_watch.invoke(proto.clj:403)
	at jepsen.coord.client$watch_open_BANG_$fn__540.invoke(client.clj:828)
	at jepsen.coord.client$watch_open_BANG_.invokeStatic(client.clj:827)
	at jepsen.coord.client$watch_open_BANG_.invoke(client.clj:808)
	at jepsen.coord.client$watch_until_BANG_.invokeStatic(client.clj:852)
	at jepsen.coord.client$watch_until_BANG_.invoke(client.clj:846)
	at jepsen.coord.client$invoke_watch_session.invokeStatic(client.clj:900)
	at jepsen.coord.client$invoke_watch_session.invoke(client.clj:877)
	at jepsen.coord.client$invoke_coord_BANG_$attempt__561.invoke(client.clj:944)
	at jepsen.coord.client$invoke_coord_BANG_.invokeStatic(client.clj:955)
	at jepsen.coord.client$invoke_coord_BANG_.invoke(client.clj:930)
	at jepsen.coord.client.CoordClient.invoke_BANG_(client.clj:1014)
	at jepsen.client.Validate.invoke_BANG_(client.clj:87)
	at jepsen.generator.interpreter.ClientWorker.invoke_BANG_(interpreter.clj:74)
	at jepsen.generator.interpreter$spawn_worker$fn__16151$fn__16152.invoke(interpreter.clj:149)
	at jepsen.generator.interpreter$spawn_worker$fn__16151.invoke(interpreter.clj:132)
	at clojure.core$binding_conveyor_fn$fn__5844.invoke(core.clj:2051)
	at clojure.lang.AFn.call(AFn.java:18)
	at java.base/java.util.concurrent.FutureTask.run(FutureTask.java:328)
	at java.base/java.util.concurrent.ThreadPoolExecutor.runWorker(ThreadPoolExecutor.java:1090)
	at java.base/java.util.concurrent.ThreadPoolExecutor$Worker.run(ThreadPoolExecutor.java:614)
	at java.base/java.lang.Thread.run(Thread.java:1474)
2026-09-17 11:14:38,321{GMT}	INFO	[jepsen worker 0] jepsen.print: 85	:invoke	:watch-session	{:key "/jepsen/watch/s618073226", :start-revision 0, :prev-kv? true, :window-ms nil, :max-events nil, :resumes nil}
2026-09-17 11:14:38,321{GMT}	WARN	[jepsen worker 0] jepsen.generator.interpreter: Process 85 crashed
java.lang.IllegalArgumentException: Wrong object type used with protocol message reflection.
Field number: 1, field java type: MESSAGE, value type: clojure.lang.PersistentArrayMap

	at com.google.protobuf.FieldSet$Builder.verifyType(FieldSet.java:1232)
	at com.google.protobuf.FieldSet$Builder.setField(FieldSet.java:1099)
	at com.google.protobuf.DynamicMessage$Builder.setField(DynamicMessage.java:523)
	at jepsen.coord.proto$watch_req.invokeStatic(proto.clj:347)
	at jepsen.coord.proto$watch_req.invoke(proto.clj:342)
	at jepsen.coord.proto$open_watch.invokeStatic(proto.clj:412)
	at jepsen.coord.proto$open_watch.invoke(proto.clj:403)
	at jepsen.coord.proto$open_watch.invokeStatic(proto.clj:410)
	at jepsen.coord.proto$open_watch.invoke(proto.clj:403)
	at jepsen.coord.client$watch_open_BANG_$fn__540.invoke(client.clj:828)
	at jepsen.coord.client$watch_open_BANG_.invokeStatic(client.clj:827)
	at jepsen.coord.client$watch_open_BANG_.invoke(client.clj:808)
	at jepsen.coord.client$watch_until_BANG_.invokeStatic(client.clj:852)
	at jepsen.coord.client$watch_until_BANG_.invoke(client.clj:846)
	at jepsen.coord.client$invoke_watch_session.invokeStatic(client.clj:900)
	at jepsen.coord.client$invoke_watch_session.invoke(client.clj:877)
	at jepsen.coord.client$invoke_coord_BANG_$attempt__561.invoke(client.clj:944)
	at jepsen.coord.client$invoke_coord_BANG_.invokeStatic(client.clj:955)
	at jepsen.coord.client$invoke_coord_BANG_.invoke(client.clj:930)
	at jepsen.coord.client.CoordClient.invoke_BANG_(client.clj:1014)
	at jepsen.client.Validate.invoke_BANG_(client.clj:87)
	at jepsen.generator.interpreter.ClientWorker.invoke_BANG_(interpreter.clj:74)
	at jepsen.generator.interpreter$spawn_worker$fn__16151$fn__16152.invoke(interpreter.clj:149)
	at jepsen.generator.interpreter$spawn_worker$fn__16151.invoke(interpreter.clj:132)
	at clojure.core$binding_conveyor_fn$fn__5844.invoke(core.clj:2051)
	at clojure.lang.AFn.call(AFn.java:18)
	at java.base/java.util.concurrent.FutureTask.run(FutureTask.java:328)
	at java.base/java.util.concurrent.ThreadPoolExecutor.runWorker(ThreadPoolExecutor.java:1090)
	at java.base/java.util.concurrent.ThreadPoolExecutor$Worker.run(ThreadPoolExecutor.java:614)
	at java.base/java.lang.Thread.run(Thread.java:1474)
2026-09-17 11:14:38,578{GMT}	INFO	[jepsen worker 0] jepsen.print: 90	:invoke	:watch-session	{:key "/jepsen/watch/s618073226", :start-revision 0, :prev-kv? false, :window-ms nil, :max-events nil, :resumes nil}
2026-09-17 11:14:38,579{GMT}	INFO	[jepsen worker 0] jepsen.coord.client: Opening coord client on n1
2026-09-17 11:14:38,671{GMT}	WARN	[jepsen worker 0] jepsen.generator.interpreter: Process 90 crashed
java.lang.IllegalArgumentException: Wrong object type used with protocol message reflection.
Field number: 1, field java type: MESSAGE, value type: clojure.lang.PersistentArrayMap

	at com.google.protobuf.FieldSet$Builder.verifyType(FieldSet.java:1232)
	at com.google.protobuf.FieldSet$Builder.setField(FieldSet.java:1099)
	at com.google.protobuf.DynamicMessage$Builder.setField(DynamicMessage.java:523)
	at jepsen.coord.proto$watch_req.invokeStatic(proto.clj:347)
	at jepsen.coord.proto$watch_req.invoke(proto.clj:342)
	at jepsen.coord.proto$open_watch.invokeStatic(proto.clj:412)
	at jepsen.coord.proto$open_watch.invoke(proto.clj:403)
	at jepsen.coord.proto$open_watch.invokeStatic(proto.clj:410)
	at jepsen.coord.proto$open_watch.invoke(proto.clj:403)
	at jepsen.coord.client$watch_open_BANG_$fn__540.invoke(client.clj:828)
	at jepsen.coord.client$watch_open_BANG_.invokeStatic(client.clj:827)
	at jepsen.coord.client$watch_open_BANG_.invoke(client.clj:808)
	at jepsen.coord.client$watch_until_BANG_.invokeStatic(client.clj:852)
	at jepsen.coord.client$watch_until_BANG_.invoke(client.clj:846)
	at jepsen.coord.client$invoke_watch_session.invokeStatic(client.clj:900)
	at jepsen.coord.client$invoke_watch_session.invoke(client.clj:877)
	at jepsen.coord.client$invoke_coord_BANG_$attempt__561.invoke(client.clj:944)
	at jepsen.coord.client$invoke_coord_BANG_.invokeStatic(client.clj:955)
	at jepsen.coord.client$invoke_coord_BANG_.invoke(client.clj:930)
	at jepsen.coord.client.CoordClient.invoke_BANG_(client.clj:1014)
	at jepsen.client.Validate.invoke_BANG_(client.clj:87)
	at jepsen.generator.interpreter.ClientWorker.invoke_BANG_(interpreter.clj:74)
	at jepsen.generator.interpreter$spawn_worker$fn__16151$fn__16152.invoke(interpreter.clj:149)
	at jepsen.generator.interpreter$spawn_worker$fn__16151.invoke(interpreter.clj:132)
	at clojure.core$binding_conveyor_fn$fn__5844.invoke(core.clj:2051)
	at clojure.lang.AFn.call(AFn.java:18)
	at java.base/java.util.concurrent.FutureTask.run(FutureTask.java:328)
	at java.base/java.util.concurrent.ThreadPoolExecutor.runWorker(ThreadPoolExecutor.java:1090)
	at java.base/java.util.concurrent.ThreadPoolExecutor$Worker.run(ThreadPoolExecutor.java:614)
	at java.base/java.lang.Thread.run(Thread.java:1474)
2026-09-17 11:14:38,861{GMT}	INFO	[jepsen worker 1] jepsen.print: 66	:invoke	:watch-session	{:key "/jepsen/watch/s618073226", :start-revision :last, :prev-kv? false, :window-ms nil, :max-events nil, :resumes nil}
2026-09-17 11:14:38,862{GMT}	INFO	[jepsen worker 1] jepsen.coord.client: Opening coord client on n2
2026-09-17 11:14:38,944{GMT}	WARN	[jepsen worker 1] jepsen.generator.interpreter: Process 66 crashed
java.lang.IllegalArgumentException: Wrong object type used with protocol message reflection.
Field number: 1, field java type: MESSAGE, value type: clojure.lang.PersistentArrayMap

	at com.google.protobuf.FieldSet$Builder.verifyType(FieldSet.java:1232)
	at com.google.protobuf.FieldSet$Builder.setField(FieldSet.java:1099)
	at com.google.protobuf.DynamicMessage$Builder.setField(DynamicMessage.java:523)
	at jepsen.coord.proto$watch_req.invokeStatic(proto.clj:347)
	at jepsen.coord.proto$watch_req.invoke(proto.clj:342)
	at jepsen.coord.proto$open_watch.invokeStatic(proto.clj:412)
	at jepsen.coord.proto$open_watch.invoke(proto.clj:403)
	at jepsen.coord.proto$open_watch.invokeStatic(proto.clj:410)
	at jepsen.coord.proto$open_watch.invoke(proto.clj:403)
	at jepsen.coord.client$watch_open_BANG_$fn__540.invoke(client.clj:828)
	at jepsen.coord.client$watch_open_BANG_.invokeStatic(client.clj:827)
	at jepsen.coord.client$watch_open_BANG_.invoke(client.clj:808)
	at jepsen.coord.client$watch_until_BANG_.invokeStatic(client.clj:852)
	at jepsen.coord.client$watch_until_BANG_.invoke(client.clj:846)
	at jepsen.coord.client$invoke_watch_session.invokeStatic(client.clj:900)
	at jepsen.coord.client$invoke_watch_session.invoke(client.clj:877)
	at jepsen.coord.client$invoke_coord_BANG_$attempt__561.invoke(client.clj:944)
	at jepsen.coord.client$invoke_coord_BANG_.invokeStatic(client.clj:955)
	at jepsen.coord.client$invoke_coord_BANG_.invoke(client.clj:930)
	at jepsen.coord.client.CoordClient.invoke_BANG_(client.clj:1014)
	at jepsen.client.Validate.invoke_BANG_(client.clj:87)
	at jepsen.generator.interpreter.ClientWorker.invoke_BANG_(interpreter.clj:74)
	at jepsen.generator.interpreter$spawn_worker$fn__16151$fn__16152.invoke(interpreter.clj:149)
	at jepsen.generator.interpreter$spawn_worker$fn__16151.invoke(interpreter.clj:132)
	at clojure.core$binding_conveyor_fn$fn__5844.invoke(core.clj:2051)
	at clojure.lang.AFn.call(AFn.java:18)
	at java.base/java.util.concurrent.FutureTask.run(FutureTask.java:328)
	at java.base/java.util.concurrent.ThreadPoolExecutor.runWorker(ThreadPoolExecutor.java:1090)
	at java.base/java.util.concurrent.ThreadPoolExecutor$Worker.run(ThreadPoolExecutor.java:614)
	at java.base/java.lang.Thread.run(Thread.java:1474)
2026-09-17 11:14:39,013{GMT}	INFO	[jepsen worker 2] jepsen.print: 72	:invoke	:write	"vs618073226-184-"
2026-09-17 11:14:39,033{GMT}	INFO	[jepsen worker 2] jepsen.print: 72	:ok	:write	"vs618073226-184-"
2026-09-17 11:14:39,095{GMT}	INFO	[jepsen worker 3] jepsen.print: 53	:invoke	:write	"vs618073226-187-"
2026-09-17 11:14:39,096{GMT}	INFO	[jepsen worker 3] jepsen.coord.client: Opening coord client on n1
2026-09-17 11:14:39,189{GMT}	INFO	[jepsen worker 4] jepsen.print: 59	:invoke	:watch-session	{:key "/jepsen/watch/s618073226", :start-revision 0, :prev-kv? true, :window-ms nil, :max-events nil, :resumes nil}
2026-09-17 11:14:39,189{GMT}	INFO	[jepsen worker 4] jepsen.coord.client: Opening coord client on n2
2026-09-17 11:14:39,359{GMT}	WARN	[jepsen worker 4] jepsen.generator.interpreter: Process 59 crashed
java.lang.IllegalArgumentException: Wrong object type used with protocol message reflection.
Field number: 1, field java type: MESSAGE, value type: clojure.lang.PersistentArrayMap

	at com.google.protobuf.FieldSet$Builder.verifyType(FieldSet.java:1232)
	at com.google.protobuf.FieldSet$Builder.setField(FieldSet.java:1099)
	at com.google.protobuf.DynamicMessage$Builder.setField(DynamicMessage.java:523)
	at jepsen.coord.proto$watch_req.invokeStatic(proto.clj:347)
	at jepsen.coord.proto$watch_req.invoke(proto.clj:342)
	at jepsen.coord.proto$open_watch.invokeStatic(proto.clj:412)
	at jepsen.coord.proto$open_watch.invoke(proto.clj:403)
	at jepsen.coord.proto$open_watch.invokeStatic(proto.clj:410)
	at jepsen.coord.proto$open_watch.invoke(proto.clj:403)
	at jepsen.coord.client$watch_open_BANG_$fn__540.invoke(client.clj:828)
	at jepsen.coord.client$watch_open_BANG_.invokeStatic(client.clj:827)
	at jepsen.coord.client$watch_open_BANG_.invoke(client.clj:808)
	at jepsen.coord.client$watch_until_BANG_.invokeStatic(client.clj:852)
	at jepsen.coord.client$watch_until_BANG_.invoke(client.clj:846)
	at jepsen.coord.client$invoke_watch_session.invokeStatic(client.clj:900)
	at jepsen.coord.client$invoke_watch_session.invoke(client.clj:877)
	at jepsen.coord.client$invoke_coord_BANG_$attempt__561.invoke(client.clj:944)
	at jepsen.coord.client$invoke_coord_BANG_.invokeStatic(client.clj:955)
	at jepsen.coord.client$invoke_coord_BANG_.invoke(client.clj:930)
	at jepsen.coord.client.CoordClient.invoke_BANG_(client.clj:1014)
	at jepsen.client.Validate.invoke_BANG_(client.clj:87)
	at jepsen.generator.interpreter.ClientWorker.invoke_BANG_(interpreter.clj:74)
	at jepsen.generator.interpreter$spawn_worker$fn__16151$fn__16152.invoke(interpreter.clj:149)
	at jepsen.generator.interpreter$spawn_worker$fn__16151.invoke(interpreter.clj:132)
	at clojure.core$binding_conveyor_fn$fn__5844.invoke(core.clj:2051)
	at clojure.lang.AFn.call(AFn.java:18)
	at java.base/java.util.concurrent.FutureTask.run(FutureTask.java:328)
	at java.base/java.util.concurrent.ThreadPoolExecutor.runWorker(ThreadPoolExecutor.java:1090)
	at java.base/java.util.concurrent.ThreadPoolExecutor$Worker.run(ThreadPoolExecutor.java:614)
	at java.base/java.lang.Thread.run(Thread.java:1474)
2026-09-17 11:14:39,384{GMT}	INFO	[jepsen worker 3] jepsen.print: 53	:ok	:write	"vs618073226-187-"
2026-09-17 11:14:39,422{GMT}	INFO	[jepsen worker 0] jepsen.print: 95	:invoke	:watch-session	{:key "/jepsen/watch/s618073226", :start-revision 0, :prev-kv? false, :window-ms nil, :max-events nil, :resumes nil}
2026-09-17 11:14:39,423{GMT}	INFO	[jepsen worker 0] jepsen.coord.client: Opening coord client on n1
2026-09-17 11:14:39,517{GMT}	WARN	[jepsen worker 0] jepsen.generator.interpreter: Process 95 crashed
java.lang.IllegalArgumentException: Wrong object type used with protocol message reflection.
Field number: 1, field java type: MESSAGE, value type: clojure.lang.PersistentArrayMap

	at com.google.protobuf.FieldSet$Builder.verifyType(FieldSet.java:1232)
	at com.google.protobuf.FieldSet$Builder.setField(FieldSet.java:1099)
	at com.google.protobuf.DynamicMessage$Builder.setField(DynamicMessage.java:523)
	at jepsen.coord.proto$watch_req.invokeStatic(proto.clj:347)
	at jepsen.coord.proto$watch_req.invoke(proto.clj:342)
	at jepsen.coord.proto$open_watch.invokeStatic(proto.clj:412)
	at jepsen.coord.proto$open_watch.invoke(proto.clj:403)
	at jepsen.coord.proto$open_watch.invokeStatic(proto.clj:410)
	at jepsen.coord.proto$open_watch.invoke(proto.clj:403)
	at jepsen.coord.client$watch_open_BANG_$fn__540.invoke(client.clj:828)
	at jepsen.coord.client$watch_open_BANG_.invokeStatic(client.clj:827)
	at jepsen.coord.client$watch_open_BANG_.invoke(client.clj:808)
	at jepsen.coord.client$watch_until_BANG_.invokeStatic(client.clj:852)
	at jepsen.coord.client$watch_until_BANG_.invoke(client.clj:846)
	at jepsen.coord.client$invoke_watch_session.invokeStatic(client.clj:900)
	at jepsen.coord.client$invoke_watch_session.invoke(client.clj:877)
	at jepsen.coord.client$invoke_coord_BANG_$attempt__561.invoke(client.clj:944)
	at jepsen.coord.client$invoke_coord_BANG_.invokeStatic(client.clj:955)
	at jepsen.coord.client$invoke_coord_BANG_.invoke(client.clj:930)
	at jepsen.coord.client.CoordClient.invoke_BANG_(client.clj:1014)
	at jepsen.client.Validate.invoke_BANG_(client.clj:87)
	at jepsen.generator.interpreter.ClientWorker.invoke_BANG_(interpreter.clj:74)
	at jepsen.generator.interpreter$spawn_worker$fn__16151$fn__16152.invoke(interpreter.clj:149)
	at jepsen.generator.interpreter$spawn_worker$fn__16151.invoke(interpreter.clj:132)
	at clojure.core$binding_conveyor_fn$fn__5844.invoke(core.clj:2051)
	at clojure.lang.AFn.call(AFn.java:18)
	at java.base/java.util.concurrent.FutureTask.run(FutureTask.java:328)
	at java.base/java.util.concurrent.ThreadPoolExecutor.runWorker(ThreadPoolExecutor.java:1090)
	at java.base/java.util.concurrent.ThreadPoolExecutor$Worker.run(ThreadPoolExecutor.java:614)
	at java.base/java.lang.Thread.run(Thread.java:1474)
2026-09-17 11:14:39,588{GMT}	INFO	[jepsen worker 0] jepsen.print: 100	:invoke	:write	"vs618073226-190-"
2026-09-17 11:14:39,589{GMT}	INFO	[jepsen worker 0] jepsen.coord.client: Opening coord client on n1
2026-09-17 11:14:39,836{GMT}	INFO	[jepsen worker 0] jepsen.print: 100	:ok	:write	"vs618073226-190-"
2026-09-17 11:14:39,967{GMT}	INFO	[jepsen worker 1] jepsen.print: 71	:invoke	:watch-session	{:key "/jepsen/watch/s618073226", :start-revision :last, :prev-kv? false, :window-ms nil, :max-events nil, :resumes nil}
2026-09-17 11:14:39,967{GMT}	INFO	[jepsen worker 1] jepsen.coord.client: Opening coord client on n2
2026-09-17 11:14:40,064{GMT}	WARN	[jepsen worker 1] jepsen.generator.interpreter: Process 71 crashed
java.lang.IllegalArgumentException: Wrong object type used with protocol message reflection.
Field number: 1, field java type: MESSAGE, value type: clojure.lang.PersistentArrayMap

	at com.google.protobuf.FieldSet$Builder.verifyType(FieldSet.java:1232)
	at com.google.protobuf.FieldSet$Builder.setField(FieldSet.java:1099)
	at com.google.protobuf.DynamicMessage$Builder.setField(DynamicMessage.java:523)
	at jepsen.coord.proto$watch_req.invokeStatic(proto.clj:347)
	at jepsen.coord.proto$watch_req.invoke(proto.clj:342)
	at jepsen.coord.proto$open_watch.invokeStatic(proto.clj:412)
	at jepsen.coord.proto$open_watch.invoke(proto.clj:403)
	at jepsen.coord.proto$open_watch.invokeStatic(proto.clj:410)
	at jepsen.coord.proto$open_watch.invoke(proto.clj:403)
	at jepsen.coord.client$watch_open_BANG_$fn__540.invoke(client.clj:828)
	at jepsen.coord.client$watch_open_BANG_.invokeStatic(client.clj:827)
	at jepsen.coord.client$watch_open_BANG_.invoke(client.clj:808)
	at jepsen.coord.client$watch_until_BANG_.invokeStatic(client.clj:852)
	at jepsen.coord.client$watch_until_BANG_.invoke(client.clj:846)
	at jepsen.coord.client$invoke_watch_session.invokeStatic(client.clj:900)
	at jepsen.coord.client$invoke_watch_session.invoke(client.clj:877)
	at jepsen.coord.client$invoke_coord_BANG_$attempt__561.invoke(client.clj:944)
	at jepsen.coord.client$invoke_coord_BANG_.invokeStatic(client.clj:955)
	at jepsen.coord.client$invoke_coord_BANG_.invoke(client.clj:930)
	at jepsen.coord.client.CoordClient.invoke_BANG_(client.clj:1014)
	at jepsen.client.Validate.invoke_BANG_(client.clj:87)
	at jepsen.generator.interpreter.ClientWorker.invoke_BANG_(interpreter.clj:74)
	at jepsen.generator.interpreter$spawn_worker$fn__16151$fn__16152.invoke(interpreter.clj:149)
	at jepsen.generator.interpreter$spawn_worker$fn__16151.invoke(interpreter.clj:132)
	at clojure.core$binding_conveyor_fn$fn__5844.invoke(core.clj:2051)
	at clojure.lang.AFn.call(AFn.java:18)
	at java.base/java.util.concurrent.FutureTask.run(FutureTask.java:328)
	at java.base/java.util.concurrent.ThreadPoolExecutor.runWorker(ThreadPoolExecutor.java:1090)
	at java.base/java.util.concurrent.ThreadPoolExecutor$Worker.run(ThreadPoolExecutor.java:614)
	at java.base/java.lang.Thread.run(Thread.java:1474)
2026-09-17 11:14:40,282{GMT}	INFO	[jepsen worker 2] jepsen.print: 72	:invoke	:write	"vs618073226-193-"
2026-09-17 11:14:40,302{GMT}	INFO	[jepsen worker 2] jepsen.print: 72	:ok	:write	"vs618073226-193-"
2026-09-17 11:14:41,375{GMT}	INFO	[jepsen worker nemesis] jepsen.print: :nemesis	:info	:stop	nil
2026-09-17 11:14:41,435{GMT}	INFO	[jepsen node n1] jepsen.coord.db: Restarting coord on n1
2026-09-17 11:14:41,435{GMT}	INFO	[jepsen node n1] jepsen.control.util: Starting coord
2026-09-17 11:14:41,536{GMT}	INFO	[jepsen node n1] jepsen.coord.db: Waiting for coord on n1 to be ready
2026-09-17 11:14:41,629{GMT}	INFO	[jepsen worker 4] jepsen.print: 64	:invoke	:write	"vs618073226-198-"
2026-09-17 11:14:41,630{GMT}	INFO	[jepsen worker 4] jepsen.coord.client: Opening coord client on n2
2026-09-17 11:14:41,654{GMT}	INFO	[jepsen worker 0] jepsen.print: 100	:invoke	:write	"vs618073226-200-"
2026-09-17 11:14:41,701{GMT}	INFO	[jepsen worker 1] jepsen.print: 76	:invoke	:write	"vs618073226-202-"
2026-09-17 11:14:41,702{GMT}	INFO	[jepsen worker 1] jepsen.coord.client: Opening coord client on n2
2026-09-17 11:14:41,721{GMT}	INFO	[jepsen worker 2] jepsen.print: 72	:invoke	:watch-session	{:key "/jepsen/watch/s618073226", :start-revision 0, :prev-kv? false, :window-ms nil, :max-events nil, :resumes nil}
2026-09-17 11:14:41,721{GMT}	WARN	[jepsen worker 2] jepsen.generator.interpreter: Process 72 crashed
java.lang.IllegalArgumentException: Wrong object type used with protocol message reflection.
Field number: 1, field java type: MESSAGE, value type: clojure.lang.PersistentArrayMap

	at com.google.protobuf.FieldSet$Builder.verifyType(FieldSet.java:1232)
	at com.google.protobuf.FieldSet$Builder.setField(FieldSet.java:1099)
	at com.google.protobuf.DynamicMessage$Builder.setField(DynamicMessage.java:523)
	at jepsen.coord.proto$watch_req.invokeStatic(proto.clj:347)
	at jepsen.coord.proto$watch_req.invoke(proto.clj:342)
	at jepsen.coord.proto$open_watch.invokeStatic(proto.clj:412)
	at jepsen.coord.proto$open_watch.invoke(proto.clj:403)
	at jepsen.coord.proto$open_watch.invokeStatic(proto.clj:410)
	at jepsen.coord.proto$open_watch.invoke(proto.clj:403)
	at jepsen.coord.client$watch_open_BANG_$fn__540.invoke(client.clj:828)
	at jepsen.coord.client$watch_open_BANG_.invokeStatic(client.clj:827)
	at jepsen.coord.client$watch_open_BANG_.invoke(client.clj:808)
	at jepsen.coord.client$watch_until_BANG_.invokeStatic(client.clj:852)
	at jepsen.coord.client$watch_until_BANG_.invoke(client.clj:846)
	at jepsen.coord.client$invoke_watch_session.invokeStatic(client.clj:900)
	at jepsen.coord.client$invoke_watch_session.invoke(client.clj:877)
	at jepsen.coord.client$invoke_coord_BANG_$attempt__561.invoke(client.clj:944)
	at jepsen.coord.client$invoke_coord_BANG_.invokeStatic(client.clj:955)
	at jepsen.coord.client$invoke_coord_BANG_.invoke(client.clj:930)
	at jepsen.coord.client.CoordClient.invoke_BANG_(client.clj:1014)
	at jepsen.client.Validate.invoke_BANG_(client.clj:87)
	at jepsen.generator.interpreter.ClientWorker.invoke_BANG_(interpreter.clj:74)
	at jepsen.generator.interpreter$spawn_worker$fn__16151$fn__16152.invoke(interpreter.clj:149)
	at jepsen.generator.interpreter$spawn_worker$fn__16151.invoke(interpreter.clj:132)
	at clojure.core$binding_conveyor_fn$fn__5844.invoke(core.clj:2051)
	at clojure.lang.AFn.call(AFn.java:18)
	at java.base/java.util.concurrent.FutureTask.run(FutureTask.java:328)
	at java.base/java.util.concurrent.ThreadPoolExecutor.runWorker(ThreadPoolExecutor.java:1090)
	at java.base/java.util.concurrent.ThreadPoolExecutor$Worker.run(ThreadPoolExecutor.java:614)
	at java.base/java.lang.Thread.run(Thread.java:1474)
2026-09-17 11:14:41,728{GMT}	INFO	[jepsen worker 0] jepsen.print: 100	:ok	:write	"vs618073226-200-"
2026-09-17 11:14:41,854{GMT}	INFO	[jepsen worker 2] jepsen.print: 77	:invoke	:watch-session	{:key "/jepsen/watch/s618073226", :start-revision 0, :prev-kv? false, :window-ms nil, :max-events nil, :resumes nil}
2026-09-17 11:14:41,854{GMT}	INFO	[jepsen worker 2] jepsen.coord.client: Opening coord client on n3
2026-09-17 11:14:41,890{GMT}	INFO	[jepsen worker 3] jepsen.print: 53	:invoke	:watch-session	{:key "/jepsen/watch/s618073226", :start-revision 0, :prev-kv? false, :window-ms nil, :max-events nil, :resumes nil}
2026-09-17 11:14:41,890{GMT}	WARN	[jepsen worker 3] jepsen.generator.interpreter: Process 53 crashed
java.lang.IllegalArgumentException: Wrong object type used with protocol message reflection.
Field number: 1, field java type: MESSAGE, value type: clojure.lang.PersistentArrayMap

	at com.google.protobuf.FieldSet$Builder.verifyType(FieldSet.java:1232)
	at com.google.protobuf.FieldSet$Builder.setField(FieldSet.java:1099)
	at com.google.protobuf.DynamicMessage$Builder.setField(DynamicMessage.java:523)
	at jepsen.coord.proto$watch_req.invokeStatic(proto.clj:347)
	at jepsen.coord.proto$watch_req.invoke(proto.clj:342)
	at jepsen.coord.proto$open_watch.invokeStatic(proto.clj:412)
	at jepsen.coord.proto$open_watch.invoke(proto.clj:403)
	at jepsen.coord.proto$open_watch.invokeStatic(proto.clj:410)
	at jepsen.coord.proto$open_watch.invoke(proto.clj:403)
	at jepsen.coord.client$watch_open_BANG_$fn__540.invoke(client.clj:828)
	at jepsen.coord.client$watch_open_BANG_.invokeStatic(client.clj:827)
	at jepsen.coord.client$watch_open_BANG_.invoke(client.clj:808)
	at jepsen.coord.client$watch_until_BANG_.invokeStatic(client.clj:852)
	at jepsen.coord.client$watch_until_BANG_.invoke(client.clj:846)
	at jepsen.coord.client$invoke_watch_session.invokeStatic(client.clj:900)
	at jepsen.coord.client$invoke_watch_session.invoke(client.clj:877)
	at jepsen.coord.client$invoke_coord_BANG_$attempt__561.invoke(client.clj:944)
	at jepsen.coord.client$invoke_coord_BANG_.invokeStatic(client.clj:955)
	at jepsen.coord.client$invoke_coord_BANG_.invoke(client.clj:930)
	at jepsen.coord.client.CoordClient.invoke_BANG_(client.clj:1014)
	at jepsen.client.Validate.invoke_BANG_(client.clj:87)
	at jepsen.generator.interpreter.ClientWorker.invoke_BANG_(interpreter.clj:74)
	at jepsen.generator.interpreter$spawn_worker$fn__16151$fn__16152.invoke(interpreter.clj:149)
	at jepsen.generator.interpreter$spawn_worker$fn__16151.invoke(interpreter.clj:132)
	at clojure.core$binding_conveyor_fn$fn__5844.invoke(core.clj:2051)
	at clojure.lang.AFn.call(AFn.java:18)
	at java.base/java.util.concurrent.FutureTask.run(FutureTask.java:328)
	at java.base/java.util.concurrent.ThreadPoolExecutor.runWorker(ThreadPoolExecutor.java:1090)
	at java.base/java.util.concurrent.ThreadPoolExecutor$Worker.run(ThreadPoolExecutor.java:614)
	at java.base/java.lang.Thread.run(Thread.java:1474)
2026-09-17 11:14:41,897{GMT}	INFO	[jepsen worker 4] jepsen.print: 64	:ok	:write	"vs618073226-198-"
2026-09-17 11:14:42,070{GMT}	INFO	[jepsen worker 1] jepsen.print: 76	:ok	:write	"vs618073226-202-"
2026-09-17 11:14:42,081{GMT}	WARN	[jepsen worker 2] jepsen.generator.interpreter: Process 77 crashed
java.lang.IllegalArgumentException: Wrong object type used with protocol message reflection.
Field number: 1, field java type: MESSAGE, value type: clojure.lang.PersistentArrayMap

	at com.google.protobuf.FieldSet$Builder.verifyType(FieldSet.java:1232)
	at com.google.protobuf.FieldSet$Builder.setField(FieldSet.java:1099)
	at com.google.protobuf.DynamicMessage$Builder.setField(DynamicMessage.java:523)
	at jepsen.coord.proto$watch_req.invokeStatic(proto.clj:347)
	at jepsen.coord.proto$watch_req.invoke(proto.clj:342)
	at jepsen.coord.proto$open_watch.invokeStatic(proto.clj:412)
	at jepsen.coord.proto$open_watch.invoke(proto.clj:403)
	at jepsen.coord.proto$open_watch.invokeStatic(proto.clj:410)
	at jepsen.coord.proto$open_watch.invoke(proto.clj:403)
	at jepsen.coord.client$watch_open_BANG_$fn__540.invoke(client.clj:828)
	at jepsen.coord.client$watch_open_BANG_.invokeStatic(client.clj:827)
	at jepsen.coord.client$watch_open_BANG_.invoke(client.clj:808)
	at jepsen.coord.client$watch_until_BANG_.invokeStatic(client.clj:852)
	at jepsen.coord.client$watch_until_BANG_.invoke(client.clj:846)
	at jepsen.coord.client$invoke_watch_session.invokeStatic(client.clj:900)
	at jepsen.coord.client$invoke_watch_session.invoke(client.clj:877)
	at jepsen.coord.client$invoke_coord_BANG_$attempt__561.invoke(client.clj:944)
	at jepsen.coord.client$invoke_coord_BANG_.invokeStatic(client.clj:955)
	at jepsen.coord.client$invoke_coord_BANG_.invoke(client.clj:930)
	at jepsen.coord.client.CoordClient.invoke_BANG_(client.clj:1014)
	at jepsen.client.Validate.invoke_BANG_(client.clj:87)
	at jepsen.generator.interpreter.ClientWorker.invoke_BANG_(interpreter.clj:74)
	at jepsen.generator.interpreter$spawn_worker$fn__16151$fn__16152.invoke(interpreter.clj:149)
	at jepsen.generator.interpreter$spawn_worker$fn__16151.invoke(interpreter.clj:132)
	at clojure.core$binding_conveyor_fn$fn__5844.invoke(core.clj:2051)
	at clojure.lang.AFn.call(AFn.java:18)
	at java.base/java.util.concurrent.FutureTask.run(FutureTask.java:328)
	at java.base/java.util.concurrent.ThreadPoolExecutor.runWorker(ThreadPoolExecutor.java:1090)
	at java.base/java.util.concurrent.ThreadPoolExecutor$Worker.run(ThreadPoolExecutor.java:614)
	at java.base/java.lang.Thread.run(Thread.java:1474)
2026-09-17 11:14:42,123{GMT}	INFO	[jepsen worker 4] jepsen.print: 64	:invoke	:write	"vs618073226-208-"
2026-09-17 11:14:42,143{GMT}	INFO	[jepsen worker 4] jepsen.print: 64	:ok	:write	"vs618073226-208-"
2026-09-17 11:14:42,343{GMT}	INFO	[jepsen worker 0] jepsen.print: 100	:invoke	:write	"vs618073226-211-"
2026-09-17 11:14:42,372{GMT}	INFO	[jepsen worker 0] jepsen.print: 100	:ok	:write	"vs618073226-211-"
2026-09-17 11:14:42,550{GMT}	INFO	[jepsen node n1] jepsen.coord.db: coord n1 is ready
2026-09-17 11:14:42,550{GMT}	INFO	[jepsen worker nemesis] jepsen.print: :nemesis	:info	:stop	{"n1" [:restarted "n1"]}
2026-09-17 11:14:42,710{GMT}	INFO	[jepsen worker 1] jepsen.print: 76	:invoke	:watch-session	{:key "/jepsen/watch/s618073226", :start-revision :last, :prev-kv? true, :window-ms nil, :max-events nil, :resumes nil}
2026-09-17 11:14:42,710{GMT}	WARN	[jepsen worker 1] jepsen.generator.interpreter: Process 76 crashed
java.lang.IllegalArgumentException: Wrong object type used with protocol message reflection.
Field number: 1, field java type: MESSAGE, value type: clojure.lang.PersistentArrayMap

	at com.google.protobuf.FieldSet$Builder.verifyType(FieldSet.java:1232)
	at com.google.protobuf.FieldSet$Builder.setField(FieldSet.java:1099)
	at com.google.protobuf.DynamicMessage$Builder.setField(DynamicMessage.java:523)
	at jepsen.coord.proto$watch_req.invokeStatic(proto.clj:347)
	at jepsen.coord.proto$watch_req.invoke(proto.clj:342)
	at jepsen.coord.proto$open_watch.invokeStatic(proto.clj:412)
	at jepsen.coord.proto$open_watch.invoke(proto.clj:403)
	at jepsen.coord.proto$open_watch.invokeStatic(proto.clj:410)
	at jepsen.coord.proto$open_watch.invoke(proto.clj:403)
	at jepsen.coord.client$watch_open_BANG_$fn__540.invoke(client.clj:828)
	at jepsen.coord.client$watch_open_BANG_.invokeStatic(client.clj:827)
	at jepsen.coord.client$watch_open_BANG_.invoke(client.clj:808)
	at jepsen.coord.client$watch_until_BANG_.invokeStatic(client.clj:852)
	at jepsen.coord.client$watch_until_BANG_.invoke(client.clj:846)
	at jepsen.coord.client$invoke_watch_session.invokeStatic(client.clj:900)
	at jepsen.coord.client$invoke_watch_session.invoke(client.clj:877)
	at jepsen.coord.client$invoke_coord_BANG_$attempt__561.invoke(client.clj:944)
	at jepsen.coord.client$invoke_coord_BANG_.invokeStatic(client.clj:955)
	at jepsen.coord.client$invoke_coord_BANG_.invoke(client.clj:930)
	at jepsen.coord.client.CoordClient.invoke_BANG_(client.clj:1014)
	at jepsen.client.Validate.invoke_BANG_(client.clj:87)
	at jepsen.generator.interpreter.ClientWorker.invoke_BANG_(interpreter.clj:74)
	at jepsen.generator.interpreter$spawn_worker$fn__16151$fn__16152.invoke(interpreter.clj:149)
	at jepsen.generator.interpreter$spawn_worker$fn__16151.invoke(interpreter.clj:132)
	at clojure.core$binding_conveyor_fn$fn__5844.invoke(core.clj:2051)
	at clojure.lang.AFn.call(AFn.java:18)
	at java.base/java.util.concurrent.FutureTask.run(FutureTask.java:328)
	at java.base/java.util.concurrent.ThreadPoolExecutor.runWorker(ThreadPoolExecutor.java:1090)
	at java.base/java.util.concurrent.ThreadPoolExecutor$Worker.run(ThreadPoolExecutor.java:614)
	at java.base/java.lang.Thread.run(Thread.java:1474)
2026-09-17 11:14:42,936{GMT}	INFO	[jepsen worker 2] jepsen.print: 82	:invoke	:write	"vs618073226-214-"
2026-09-17 11:14:42,936{GMT}	INFO	[jepsen worker 2] jepsen.coord.client: Opening coord client on n3
2026-09-17 11:14:43,228{GMT}	INFO	[jepsen worker 2] jepsen.print: 82	:ok	:write	"vs618073226-214-"
2026-09-17 11:14:43,265{GMT}	INFO	[jepsen worker 3] jepsen.print: 58	:invoke	:watch-session	{:key "/jepsen/watch/s618073226", :start-revision :last, :prev-kv? false, :window-ms nil, :max-events nil, :resumes nil}
2026-09-17 11:14:43,266{GMT}	INFO	[jepsen worker 3] jepsen.coord.client: Opening coord client on n1
2026-09-17 11:14:43,493{GMT}	WARN	[jepsen worker 3] jepsen.generator.interpreter: Process 58 crashed
java.lang.IllegalArgumentException: Wrong object type used with protocol message reflection.
Field number: 1, field java type: MESSAGE, value type: clojure.lang.PersistentArrayMap

	at com.google.protobuf.FieldSet$Builder.verifyType(FieldSet.java:1232)
	at com.google.protobuf.FieldSet$Builder.setField(FieldSet.java:1099)
	at com.google.protobuf.DynamicMessage$Builder.setField(DynamicMessage.java:523)
	at jepsen.coord.proto$watch_req.invokeStatic(proto.clj:347)
	at jepsen.coord.proto$watch_req.invoke(proto.clj:342)
	at jepsen.coord.proto$open_watch.invokeStatic(proto.clj:412)
	at jepsen.coord.proto$open_watch.invoke(proto.clj:403)
	at jepsen.coord.proto$open_watch.invokeStatic(proto.clj:410)
	at jepsen.coord.proto$open_watch.invoke(proto.clj:403)
	at jepsen.coord.client$watch_open_BANG_$fn__540.invoke(client.clj:828)
	at jepsen.coord.client$watch_open_BANG_.invokeStatic(client.clj:827)
	at jepsen.coord.client$watch_open_BANG_.invoke(client.clj:808)
	at jepsen.coord.client$watch_until_BANG_.invokeStatic(client.clj:852)
	at jepsen.coord.client$watch_until_BANG_.invoke(client.clj:846)
	at jepsen.coord.client$invoke_watch_session.invokeStatic(client.clj:900)
	at jepsen.coord.client$invoke_watch_session.invoke(client.clj:877)
	at jepsen.coord.client$invoke_coord_BANG_$attempt__561.invoke(client.clj:944)
	at jepsen.coord.client$invoke_coord_BANG_.invokeStatic(client.clj:955)
	at jepsen.coord.client$invoke_coord_BANG_.invoke(client.clj:930)
	at jepsen.coord.client.CoordClient.invoke_BANG_(client.clj:1014)
	at jepsen.client.Validate.invoke_BANG_(client.clj:87)
	at jepsen.generator.interpreter.ClientWorker.invoke_BANG_(interpreter.clj:74)
	at jepsen.generator.interpreter$spawn_worker$fn__16151$fn__16152.invoke(interpreter.clj:149)
	at jepsen.generator.interpreter$spawn_worker$fn__16151.invoke(interpreter.clj:132)
	at clojure.core$binding_conveyor_fn$fn__5844.invoke(core.clj:2051)
	at clojure.lang.AFn.call(AFn.java:18)
	at java.base/java.util.concurrent.FutureTask.run(FutureTask.java:328)
	at java.base/java.util.concurrent.ThreadPoolExecutor.runWorker(ThreadPoolExecutor.java:1090)
	at java.base/java.util.concurrent.ThreadPoolExecutor$Worker.run(ThreadPoolExecutor.java:614)
	at java.base/java.lang.Thread.run(Thread.java:1474)
2026-09-17 11:14:43,816{GMT}	INFO	[jepsen worker 4] jepsen.print: 64	:invoke	:write	"vs618073226-217-"
2026-09-17 11:14:43,845{GMT}	INFO	[jepsen worker 4] jepsen.print: 64	:ok	:write	"vs618073226-217-"
2026-09-17 11:14:44,757{GMT}	INFO	[jepsen worker 0] jepsen.print: 100	:invoke	:watch-session	{:key "/jepsen/watch/s618073226", :start-revision :last, :prev-kv? false, :window-ms nil, :max-events nil, :resumes nil}
2026-09-17 11:14:44,757{GMT}	WARN	[jepsen worker 0] jepsen.generator.interpreter: Process 100 crashed
java.lang.IllegalArgumentException: Wrong object type used with protocol message reflection.
Field number: 1, field java type: MESSAGE, value type: clojure.lang.PersistentArrayMap

	at com.google.protobuf.FieldSet$Builder.verifyType(FieldSet.java:1232)
	at com.google.protobuf.FieldSet$Builder.setField(FieldSet.java:1099)
	at com.google.protobuf.DynamicMessage$Builder.setField(DynamicMessage.java:523)
	at jepsen.coord.proto$watch_req.invokeStatic(proto.clj:347)
	at jepsen.coord.proto$watch_req.invoke(proto.clj:342)
	at jepsen.coord.proto$open_watch.invokeStatic(proto.clj:412)
	at jepsen.coord.proto$open_watch.invoke(proto.clj:403)
	at jepsen.coord.proto$open_watch.invokeStatic(proto.clj:410)
	at jepsen.coord.proto$open_watch.invoke(proto.clj:403)
	at jepsen.coord.client$watch_open_BANG_$fn__540.invoke(client.clj:828)
	at jepsen.coord.client$watch_open_BANG_.invokeStatic(client.clj:827)
	at jepsen.coord.client$watch_open_BANG_.invoke(client.clj:808)
	at jepsen.coord.client$watch_until_BANG_.invokeStatic(client.clj:852)
	at jepsen.coord.client$watch_until_BANG_.invoke(client.clj:846)
	at jepsen.coord.client$invoke_watch_session.invokeStatic(client.clj:900)
	at jepsen.coord.client$invoke_watch_session.invoke(client.clj:877)
	at jepsen.coord.client$invoke_coord_BANG_$attempt__561.invoke(client.clj:944)
	at jepsen.coord.client$invoke_coord_BANG_.invokeStatic(client.clj:955)
	at jepsen.coord.client$invoke_coord_BANG_.invoke(client.clj:930)
	at jepsen.coord.client.CoordClient.invoke_BANG_(client.clj:1014)
	at jepsen.client.Validate.invoke_BANG_(client.clj:87)
	at jepsen.generator.interpreter.ClientWorker.invoke_BANG_(interpreter.clj:74)
	at jepsen.generator.interpreter$spawn_worker$fn__16151$fn__16152.invoke(interpreter.clj:149)
	at jepsen.generator.interpreter$spawn_worker$fn__16151.invoke(interpreter.clj:132)
	at clojure.core$binding_conveyor_fn$fn__5844.invoke(core.clj:2051)
	at clojure.lang.AFn.call(AFn.java:18)
	at java.base/java.util.concurrent.FutureTask.run(FutureTask.java:328)
	at java.base/java.util.concurrent.ThreadPoolExecutor.runWorker(ThreadPoolExecutor.java:1090)
	at java.base/java.util.concurrent.ThreadPoolExecutor$Worker.run(ThreadPoolExecutor.java:614)
	at java.base/java.lang.Thread.run(Thread.java:1474)
2026-09-17 11:14:44,899{GMT}	INFO	[jepsen worker 0] jepsen.print: 105	:invoke	:watch-session	{:key "/jepsen/watch/s618073226", :start-revision 0, :prev-kv? true, :window-ms nil, :max-events nil, :resumes nil}
2026-09-17 11:14:44,900{GMT}	INFO	[jepsen worker 0] jepsen.coord.client: Opening coord client on n1
2026-09-17 11:14:44,904{GMT}	INFO	[jepsen worker 1] jepsen.print: 81	:invoke	:write	"vs618073226-219-"
2026-09-17 11:14:44,905{GMT}	INFO	[jepsen worker 1] jepsen.coord.client: Opening coord client on n2
2026-09-17 11:14:44,956{GMT}	INFO	[jepsen worker 2] jepsen.print: 82	:invoke	:watch-session	{:key "/jepsen/watch/s618073226", :start-revision :last, :prev-kv? true, :window-ms nil, :max-events nil, :resumes nil}
2026-09-17 11:14:44,957{GMT}	WARN	[jepsen worker 2] jepsen.generator.interpreter: Process 82 crashed
java.lang.IllegalArgumentException: Wrong object type used with protocol message reflection.
Field number: 1, field java type: MESSAGE, value type: clojure.lang.PersistentArrayMap

	at com.google.protobuf.FieldSet$Builder.verifyType(FieldSet.java:1232)
	at com.google.protobuf.FieldSet$Builder.setField(FieldSet.java:1099)
	at com.google.protobuf.DynamicMessage$Builder.setField(DynamicMessage.java:523)
	at jepsen.coord.proto$watch_req.invokeStatic(proto.clj:347)
	at jepsen.coord.proto$watch_req.invoke(proto.clj:342)
	at jepsen.coord.proto$open_watch.invokeStatic(proto.clj:412)
	at jepsen.coord.proto$open_watch.invoke(proto.clj:403)
	at jepsen.coord.proto$open_watch.invokeStatic(proto.clj:410)
	at jepsen.coord.proto$open_watch.invoke(proto.clj:403)
	at jepsen.coord.client$watch_open_BANG_$fn__540.invoke(client.clj:828)
	at jepsen.coord.client$watch_open_BANG_.invokeStatic(client.clj:827)
	at jepsen.coord.client$watch_open_BANG_.invoke(client.clj:808)
	at jepsen.coord.client$watch_until_BANG_.invokeStatic(client.clj:852)
	at jepsen.coord.client$watch_until_BANG_.invoke(client.clj:846)
	at jepsen.coord.client$invoke_watch_session.invokeStatic(client.clj:900)
	at jepsen.coord.client$invoke_watch_session.invoke(client.clj:877)
	at jepsen.coord.client$invoke_coord_BANG_$attempt__561.invoke(client.clj:944)
	at jepsen.coord.client$invoke_coord_BANG_.invokeStatic(client.clj:955)
	at jepsen.coord.client$invoke_coord_BANG_.invoke(client.clj:930)
	at jepsen.coord.client.CoordClient.invoke_BANG_(client.clj:1014)
	at jepsen.client.Validate.invoke_BANG_(client.clj:87)
	at jepsen.generator.interpreter.ClientWorker.invoke_BANG_(interpreter.clj:74)
	at jepsen.generator.interpreter$spawn_worker$fn__16151$fn__16152.invoke(interpreter.clj:149)
	at jepsen.generator.interpreter$spawn_worker$fn__16151.invoke(interpreter.clj:132)
	at clojure.core$binding_conveyor_fn$fn__5844.invoke(core.clj:2051)
	at clojure.lang.AFn.call(AFn.java:18)
	at java.base/java.util.concurrent.FutureTask.run(FutureTask.java:328)
	at java.base/java.util.concurrent.ThreadPoolExecutor.runWorker(ThreadPoolExecutor.java:1090)
	at java.base/java.util.concurrent.ThreadPoolExecutor$Worker.run(ThreadPoolExecutor.java:614)
	at java.base/java.lang.Thread.run(Thread.java:1474)
2026-09-17 11:14:45,195{GMT}	WARN	[jepsen worker 0] jepsen.generator.interpreter: Process 105 crashed
java.lang.IllegalArgumentException: Wrong object type used with protocol message reflection.
Field number: 1, field java type: MESSAGE, value type: clojure.lang.PersistentArrayMap

	at com.google.protobuf.FieldSet$Builder.verifyType(FieldSet.java:1232)
	at com.google.protobuf.FieldSet$Builder.setField(FieldSet.java:1099)
	at com.google.protobuf.DynamicMessage$Builder.setField(DynamicMessage.java:523)
	at jepsen.coord.proto$watch_req.invokeStatic(proto.clj:347)
	at jepsen.coord.proto$watch_req.invoke(proto.clj:342)
	at jepsen.coord.proto$open_watch.invokeStatic(proto.clj:412)
	at jepsen.coord.proto$open_watch.invoke(proto.clj:403)
	at jepsen.coord.proto$open_watch.invokeStatic(proto.clj:410)
	at jepsen.coord.proto$open_watch.invoke(proto.clj:403)
	at jepsen.coord.client$watch_open_BANG_$fn__540.invoke(client.clj:828)
	at jepsen.coord.client$watch_open_BANG_.invokeStatic(client.clj:827)
	at jepsen.coord.client$watch_open_BANG_.invoke(client.clj:808)
	at jepsen.coord.client$watch_until_BANG_.invokeStatic(client.clj:852)
	at jepsen.coord.client$watch_until_BANG_.invoke(client.clj:846)
	at jepsen.coord.client$invoke_watch_session.invokeStatic(client.clj:900)
	at jepsen.coord.client$invoke_watch_session.invoke(client.clj:877)
	at jepsen.coord.client$invoke_coord_BANG_$attempt__561.invoke(client.clj:944)
	at jepsen.coord.client$invoke_coord_BANG_.invokeStatic(client.clj:955)
	at jepsen.coord.client$invoke_coord_BANG_.invoke(client.clj:930)
	at jepsen.coord.client.CoordClient.invoke_BANG_(client.clj:1014)
	at jepsen.client.Validate.invoke_BANG_(client.clj:87)
	at jepsen.generator.interpreter.ClientWorker.invoke_BANG_(interpreter.clj:74)
	at jepsen.generator.interpreter$spawn_worker$fn__16151$fn__16152.invoke(interpreter.clj:149)
	at jepsen.generator.interpreter$spawn_worker$fn__16151.invoke(interpreter.clj:132)
	at clojure.core$binding_conveyor_fn$fn__5844.invoke(core.clj:2051)
	at clojure.lang.AFn.call(AFn.java:18)
	at java.base/java.util.concurrent.FutureTask.run(FutureTask.java:328)
	at java.base/java.util.concurrent.ThreadPoolExecutor.runWorker(ThreadPoolExecutor.java:1090)
	at java.base/java.util.concurrent.ThreadPoolExecutor$Worker.run(ThreadPoolExecutor.java:614)
	at java.base/java.lang.Thread.run(Thread.java:1474)
2026-09-17 11:14:45,212{GMT}	INFO	[jepsen worker 3] jepsen.print: 63	:invoke	:write	"vs618073226-223-"
2026-09-17 11:14:45,212{GMT}	INFO	[jepsen worker 3] jepsen.coord.client: Opening coord client on n1
2026-09-17 11:14:45,250{GMT}	INFO	[jepsen worker 1] jepsen.print: 81	:ok	:write	"vs618073226-219-"
2026-09-17 11:14:45,347{GMT}	INFO	[jepsen worker 4] jepsen.print: 64	:invoke	:write	"vs618073226-226-"
2026-09-17 11:14:45,407{GMT}	INFO	[jepsen worker 0] jepsen.print: 110	:invoke	:write	"vs618073226-228-"
2026-09-17 11:14:45,408{GMT}	INFO	[jepsen worker 0] jepsen.coord.client: Opening coord client on n1
2026-09-17 11:14:45,531{GMT}	INFO	[jepsen worker 4] jepsen.print: 64	:ok	:write	"vs618073226-226-"
2026-09-17 11:14:45,651{GMT}	INFO	[jepsen worker 3] jepsen.print: 63	:ok	:write	"vs618073226-223-"
2026-09-17 11:14:45,687{GMT}	INFO	[jepsen worker 0] jepsen.print: 110	:ok	:write	"vs618073226-228-"
2026-09-17 11:14:45,903{GMT}	INFO	[jepsen worker 0] jepsen.print: 110	:invoke	:watch-session	{:key "/jepsen/watch/s618073226", :start-revision :last, :prev-kv? false, :window-ms nil, :max-events nil, :resumes nil}
2026-09-17 11:14:45,903{GMT}	WARN	[jepsen worker 0] jepsen.generator.interpreter: Process 110 crashed
java.lang.IllegalArgumentException: Wrong object type used with protocol message reflection.
Field number: 1, field java type: MESSAGE, value type: clojure.lang.PersistentArrayMap

	at com.google.protobuf.FieldSet$Builder.verifyType(FieldSet.java:1232)
	at com.google.protobuf.FieldSet$Builder.setField(FieldSet.java:1099)
	at com.google.protobuf.DynamicMessage$Builder.setField(DynamicMessage.java:523)
	at jepsen.coord.proto$watch_req.invokeStatic(proto.clj:347)
	at jepsen.coord.proto$watch_req.invoke(proto.clj:342)
	at jepsen.coord.proto$open_watch.invokeStatic(proto.clj:412)
	at jepsen.coord.proto$open_watch.invoke(proto.clj:403)
	at jepsen.coord.proto$open_watch.invokeStatic(proto.clj:410)
	at jepsen.coord.proto$open_watch.invoke(proto.clj:403)
	at jepsen.coord.client$watch_open_BANG_$fn__540.invoke(client.clj:828)
	at jepsen.coord.client$watch_open_BANG_.invokeStatic(client.clj:827)
	at jepsen.coord.client$watch_open_BANG_.invoke(client.clj:808)
	at jepsen.coord.client$watch_until_BANG_.invokeStatic(client.clj:852)
	at jepsen.coord.client$watch_until_BANG_.invoke(client.clj:846)
	at jepsen.coord.client$invoke_watch_session.invokeStatic(client.clj:900)
	at jepsen.coord.client$invoke_watch_session.invoke(client.clj:877)
	at jepsen.coord.client$invoke_coord_BANG_$attempt__561.invoke(client.clj:944)
	at jepsen.coord.client$invoke_coord_BANG_.invokeStatic(client.clj:955)
	at jepsen.coord.client$invoke_coord_BANG_.invoke(client.clj:930)
	at jepsen.coord.client.CoordClient.invoke_BANG_(client.clj:1014)
	at jepsen.client.Validate.invoke_BANG_(client.clj:87)
	at jepsen.generator.interpreter.ClientWorker.invoke_BANG_(interpreter.clj:74)
	at jepsen.generator.interpreter$spawn_worker$fn__16151$fn__16152.invoke(interpreter.clj:149)
	at jepsen.generator.interpreter$spawn_worker$fn__16151.invoke(interpreter.clj:132)
	at clojure.core$binding_conveyor_fn$fn__5844.invoke(core.clj:2051)
	at clojure.lang.AFn.call(AFn.java:18)
	at java.base/java.util.concurrent.FutureTask.run(FutureTask.java:328)
	at java.base/java.util.concurrent.ThreadPoolExecutor.runWorker(ThreadPoolExecutor.java:1090)
	at java.base/java.util.concurrent.ThreadPoolExecutor$Worker.run(ThreadPoolExecutor.java:614)
	at java.base/java.lang.Thread.run(Thread.java:1474)
2026-09-17 11:14:46,159{GMT}	INFO	[jepsen worker 1] jepsen.print: 81	:invoke	:watch-session	{:key "/jepsen/watch/s618073226", :start-revision :last, :prev-kv? true, :window-ms nil, :max-events nil, :resumes nil}
2026-09-17 11:14:46,159{GMT}	WARN	[jepsen worker 1] jepsen.generator.interpreter: Process 81 crashed
java.lang.IllegalArgumentException: Wrong object type used with protocol message reflection.
Field number: 1, field java type: MESSAGE, value type: clojure.lang.PersistentArrayMap

	at com.google.protobuf.FieldSet$Builder.verifyType(FieldSet.java:1232)
	at com.google.protobuf.FieldSet$Builder.setField(FieldSet.java:1099)
	at com.google.protobuf.DynamicMessage$Builder.setField(DynamicMessage.java:523)
	at jepsen.coord.proto$watch_req.invokeStatic(proto.clj:347)
	at jepsen.coord.proto$watch_req.invoke(proto.clj:342)
	at jepsen.coord.proto$open_watch.invokeStatic(proto.clj:412)
	at jepsen.coord.proto$open_watch.invoke(proto.clj:403)
	at jepsen.coord.proto$open_watch.invokeStatic(proto.clj:410)
	at jepsen.coord.proto$open_watch.invoke(proto.clj:403)
	at jepsen.coord.client$watch_open_BANG_$fn__540.invoke(client.clj:828)
	at jepsen.coord.client$watch_open_BANG_.invokeStatic(client.clj:827)
	at jepsen.coord.client$watch_open_BANG_.invoke(client.clj:808)
	at jepsen.coord.client$watch_until_BANG_.invokeStatic(client.clj:852)
	at jepsen.coord.client$watch_until_BANG_.invoke(client.clj:846)
	at jepsen.coord.client$invoke_watch_session.invokeStatic(client.clj:900)
	at jepsen.coord.client$invoke_watch_session.invoke(client.clj:877)
	at jepsen.coord.client$invoke_coord_BANG_$attempt__561.invoke(client.clj:944)
	at jepsen.coord.client$invoke_coord_BANG_.invokeStatic(client.clj:955)
	at jepsen.coord.client$invoke_coord_BANG_.invoke(client.clj:930)
	at jepsen.coord.client.CoordClient.invoke_BANG_(client.clj:1014)
	at jepsen.client.Validate.invoke_BANG_(client.clj:87)
	at jepsen.generator.interpreter.ClientWorker.invoke_BANG_(interpreter.clj:74)
	at jepsen.generator.interpreter$spawn_worker$fn__16151$fn__16152.invoke(interpreter.clj:149)
	at jepsen.generator.interpreter$spawn_worker$fn__16151.invoke(interpreter.clj:132)
	at clojure.core$binding_conveyor_fn$fn__5844.invoke(core.clj:2051)
	at clojure.lang.AFn.call(AFn.java:18)
	at java.base/java.util.concurrent.FutureTask.run(FutureTask.java:328)
	at java.base/java.util.concurrent.ThreadPoolExecutor.runWorker(ThreadPoolExecutor.java:1090)
	at java.base/java.util.concurrent.ThreadPoolExecutor$Worker.run(ThreadPoolExecutor.java:614)
	at java.base/java.lang.Thread.run(Thread.java:1474)
2026-09-17 11:14:47,903{GMT}	INFO	[jepsen worker 2] jepsen.print: 87	:invoke	:write	"vs618073226-231-"
2026-09-17 11:14:47,904{GMT}	INFO	[jepsen worker 2] jepsen.coord.client: Opening coord client on n3
2026-09-17 11:14:48,087{GMT}	INFO	[jepsen worker 2] jepsen.print: 87	:ok	:write	"vs618073226-231-"
2026-09-17 11:14:48,139{GMT}	INFO	[jepsen worker 3] jepsen.print: 63	:invoke	:watch-session	{:key "/jepsen/watch/s618073226", :start-revision 0, :prev-kv? false, :window-ms nil, :max-events nil, :resumes nil}
2026-09-17 11:14:48,139{GMT}	WARN	[jepsen worker 3] jepsen.generator.interpreter: Process 63 crashed
java.lang.IllegalArgumentException: Wrong object type used with protocol message reflection.
Field number: 1, field java type: MESSAGE, value type: clojure.lang.PersistentArrayMap

	at com.google.protobuf.FieldSet$Builder.verifyType(FieldSet.java:1232)
	at com.google.protobuf.FieldSet$Builder.setField(FieldSet.java:1099)
	at com.google.protobuf.DynamicMessage$Builder.setField(DynamicMessage.java:523)
	at jepsen.coord.proto$watch_req.invokeStatic(proto.clj:347)
	at jepsen.coord.proto$watch_req.invoke(proto.clj:342)
	at jepsen.coord.proto$open_watch.invokeStatic(proto.clj:412)
	at jepsen.coord.proto$open_watch.invoke(proto.clj:403)
	at jepsen.coord.proto$open_watch.invokeStatic(proto.clj:410)
	at jepsen.coord.proto$open_watch.invoke(proto.clj:403)
	at jepsen.coord.client$watch_open_BANG_$fn__540.invoke(client.clj:828)
	at jepsen.coord.client$watch_open_BANG_.invokeStatic(client.clj:827)
	at jepsen.coord.client$watch_open_BANG_.invoke(client.clj:808)
	at jepsen.coord.client$watch_until_BANG_.invokeStatic(client.clj:852)
	at jepsen.coord.client$watch_until_BANG_.invoke(client.clj:846)
	at jepsen.coord.client$invoke_watch_session.invokeStatic(client.clj:900)
	at jepsen.coord.client$invoke_watch_session.invoke(client.clj:877)
	at jepsen.coord.client$invoke_coord_BANG_$attempt__561.invoke(client.clj:944)
	at jepsen.coord.client$invoke_coord_BANG_.invokeStatic(client.clj:955)
	at jepsen.coord.client$invoke_coord_BANG_.invoke(client.clj:930)
	at jepsen.coord.client.CoordClient.invoke_BANG_(client.clj:1014)
	at jepsen.client.Validate.invoke_BANG_(client.clj:87)
	at jepsen.generator.interpreter.ClientWorker.invoke_BANG_(interpreter.clj:74)
	at jepsen.generator.interpreter$spawn_worker$fn__16151$fn__16152.invoke(interpreter.clj:149)
	at jepsen.generator.interpreter$spawn_worker$fn__16151.invoke(interpreter.clj:132)
	at clojure.core$binding_conveyor_fn$fn__5844.invoke(core.clj:2051)
	at clojure.lang.AFn.call(AFn.java:18)
	at java.base/java.util.concurrent.FutureTask.run(FutureTask.java:328)
	at java.base/java.util.concurrent.ThreadPoolExecutor.runWorker(ThreadPoolExecutor.java:1090)
	at java.base/java.util.concurrent.ThreadPoolExecutor$Worker.run(ThreadPoolExecutor.java:614)
	at java.base/java.lang.Thread.run(Thread.java:1474)
2026-09-17 11:14:48,161{GMT}	INFO	[jepsen worker 4] jepsen.print: 64	:invoke	:write	"vs618073226-234-"
2026-09-17 11:14:48,181{GMT}	INFO	[jepsen worker 0] jepsen.print: 115	:invoke	:write	"vs618073226-236-"
2026-09-17 11:14:48,182{GMT}	INFO	[jepsen worker 0] jepsen.coord.client: Opening coord client on n1
2026-09-17 11:14:48,193{GMT}	INFO	[jepsen worker 4] jepsen.print: 64	:ok	:write	"vs618073226-234-"
2026-09-17 11:14:48,374{GMT}	INFO	[jepsen worker 0] jepsen.print: 115	:ok	:write	"vs618073226-236-"
2026-09-17 11:14:48,451{GMT}	INFO	[jepsen worker nemesis] jepsen.print: :nemesis	:info	:start	nil
2026-09-17 11:14:48,469{GMT}	INFO	[jepsen worker nemesis] jepsen.print: :nemesis	:info	:start	{"n2" [:killed "n2"]}
2026-09-17 11:14:48,573{GMT}	INFO	[jepsen worker 2] jepsen.print: 87	:invoke	:watch-session	{:key "/jepsen/watch/s618073226", :start-revision :last, :prev-kv? false, :window-ms nil, :max-events nil, :resumes nil}
2026-09-17 11:14:48,573{GMT}	WARN	[jepsen worker 2] jepsen.generator.interpreter: Process 87 crashed
java.lang.IllegalArgumentException: Wrong object type used with protocol message reflection.
Field number: 1, field java type: MESSAGE, value type: clojure.lang.PersistentArrayMap

	at com.google.protobuf.FieldSet$Builder.verifyType(FieldSet.java:1232)
	at com.google.protobuf.FieldSet$Builder.setField(FieldSet.java:1099)
	at com.google.protobuf.DynamicMessage$Builder.setField(DynamicMessage.java:523)
	at jepsen.coord.proto$watch_req.invokeStatic(proto.clj:347)
	at jepsen.coord.proto$watch_req.invoke(proto.clj:342)
	at jepsen.coord.proto$open_watch.invokeStatic(proto.clj:412)
	at jepsen.coord.proto$open_watch.invoke(proto.clj:403)
	at jepsen.coord.proto$open_watch.invokeStatic(proto.clj:410)
	at jepsen.coord.proto$open_watch.invoke(proto.clj:403)
	at jepsen.coord.client$watch_open_BANG_$fn__540.invoke(client.clj:828)
	at jepsen.coord.client$watch_open_BANG_.invokeStatic(client.clj:827)
	at jepsen.coord.client$watch_open_BANG_.invoke(client.clj:808)
	at jepsen.coord.client$watch_until_BANG_.invokeStatic(client.clj:852)
	at jepsen.coord.client$watch_until_BANG_.invoke(client.clj:846)
	at jepsen.coord.client$invoke_watch_session.invokeStatic(client.clj:900)
	at jepsen.coord.client$invoke_watch_session.invoke(client.clj:877)
	at jepsen.coord.client$invoke_coord_BANG_$attempt__561.invoke(client.clj:944)
	at jepsen.coord.client$invoke_coord_BANG_.invokeStatic(client.clj:955)
	at jepsen.coord.client$invoke_coord_BANG_.invoke(client.clj:930)
	at jepsen.coord.client.CoordClient.invoke_BANG_(client.clj:1014)
	at jepsen.client.Validate.invoke_BANG_(client.clj:87)
	at jepsen.generator.interpreter.ClientWorker.invoke_BANG_(interpreter.clj:74)
	at jepsen.generator.interpreter$spawn_worker$fn__16151$fn__16152.invoke(interpreter.clj:149)
	at jepsen.generator.interpreter$spawn_worker$fn__16151.invoke(interpreter.clj:132)
	at clojure.core$binding_conveyor_fn$fn__5844.invoke(core.clj:2051)
	at clojure.lang.AFn.call(AFn.java:18)
	at java.base/java.util.concurrent.FutureTask.run(FutureTask.java:328)
	at java.base/java.util.concurrent.ThreadPoolExecutor.runWorker(ThreadPoolExecutor.java:1090)
	at java.base/java.util.concurrent.ThreadPoolExecutor$Worker.run(ThreadPoolExecutor.java:614)
	at java.base/java.lang.Thread.run(Thread.java:1474)
2026-09-17 11:14:48,738{GMT}	INFO	[jepsen worker 3] jepsen.print: 68	:invoke	:watch-session	{:key "/jepsen/watch/s618073226", :start-revision 0, :prev-kv? false, :window-ms nil, :max-events nil, :resumes nil}
2026-09-17 11:14:48,738{GMT}	INFO	[jepsen worker 3] jepsen.coord.client: Opening coord client on n1
2026-09-17 11:14:48,824{GMT}	WARN	[jepsen worker 3] jepsen.generator.interpreter: Process 68 crashed
java.lang.IllegalArgumentException: Wrong object type used with protocol message reflection.
Field number: 1, field java type: MESSAGE, value type: clojure.lang.PersistentArrayMap

	at com.google.protobuf.FieldSet$Builder.verifyType(FieldSet.java:1232)
	at com.google.protobuf.FieldSet$Builder.setField(FieldSet.java:1099)
	at com.google.protobuf.DynamicMessage$Builder.setField(DynamicMessage.java:523)
	at jepsen.coord.proto$watch_req.invokeStatic(proto.clj:347)
	at jepsen.coord.proto$watch_req.invoke(proto.clj:342)
	at jepsen.coord.proto$open_watch.invokeStatic(proto.clj:412)
	at jepsen.coord.proto$open_watch.invoke(proto.clj:403)
	at jepsen.coord.proto$open_watch.invokeStatic(proto.clj:410)
	at jepsen.coord.proto$open_watch.invoke(proto.clj:403)
	at jepsen.coord.client$watch_open_BANG_$fn__540.invoke(client.clj:828)
	at jepsen.coord.client$watch_open_BANG_.invokeStatic(client.clj:827)
	at jepsen.coord.client$watch_open_BANG_.invoke(client.clj:808)
	at jepsen.coord.client$watch_until_BANG_.invokeStatic(client.clj:852)
	at jepsen.coord.client$watch_until_BANG_.invoke(client.clj:846)
	at jepsen.coord.client$invoke_watch_session.invokeStatic(client.clj:900)
	at jepsen.coord.client$invoke_watch_session.invoke(client.clj:877)
	at jepsen.coord.client$invoke_coord_BANG_$attempt__561.invoke(client.clj:944)
	at jepsen.coord.client$invoke_coord_BANG_.invokeStatic(client.clj:955)
	at jepsen.coord.client$invoke_coord_BANG_.invoke(client.clj:930)
	at jepsen.coord.client.CoordClient.invoke_BANG_(client.clj:1014)
	at jepsen.client.Validate.invoke_BANG_(client.clj:87)
	at jepsen.generator.interpreter.ClientWorker.invoke_BANG_(interpreter.clj:74)
	at jepsen.generator.interpreter$spawn_worker$fn__16151$fn__16152.invoke(interpreter.clj:149)
	at jepsen.generator.interpreter$spawn_worker$fn__16151.invoke(interpreter.clj:132)
	at clojure.core$binding_conveyor_fn$fn__5844.invoke(core.clj:2051)
	at clojure.lang.AFn.call(AFn.java:18)
	at java.base/java.util.concurrent.FutureTask.run(FutureTask.java:328)
	at java.base/java.util.concurrent.ThreadPoolExecutor.runWorker(ThreadPoolExecutor.java:1090)
	at java.base/java.util.concurrent.ThreadPoolExecutor$Worker.run(ThreadPoolExecutor.java:614)
	at java.base/java.lang.Thread.run(Thread.java:1474)
2026-09-17 11:14:49,213{GMT}	INFO	[jepsen worker 4] jepsen.print: 64	:invoke	:write	"vs618073226-239-"
2026-09-17 11:14:49,232{GMT}	INFO	[jepsen worker 4] jepsen.print: 64	:ok	:write	"vs618073226-239-"
2026-09-17 11:14:49,505{GMT}	INFO	[jepsen worker 0] jepsen.print: 115	:invoke	:watch-session	{:key "/jepsen/watch/s618073226", :start-revision 0, :prev-kv? false, :window-ms nil, :max-events nil, :resumes nil}
2026-09-17 11:14:49,505{GMT}	WARN	[jepsen worker 0] jepsen.generator.interpreter: Process 115 crashed
java.lang.IllegalArgumentException: Wrong object type used with protocol message reflection.
Field number: 1, field java type: MESSAGE, value type: clojure.lang.PersistentArrayMap

	at com.google.protobuf.FieldSet$Builder.verifyType(FieldSet.java:1232)
	at com.google.protobuf.FieldSet$Builder.setField(FieldSet.java:1099)
	at com.google.protobuf.DynamicMessage$Builder.setField(DynamicMessage.java:523)
	at jepsen.coord.proto$watch_req.invokeStatic(proto.clj:347)
	at jepsen.coord.proto$watch_req.invoke(proto.clj:342)
	at jepsen.coord.proto$open_watch.invokeStatic(proto.clj:412)
	at jepsen.coord.proto$open_watch.invoke(proto.clj:403)
	at jepsen.coord.proto$open_watch.invokeStatic(proto.clj:410)
	at jepsen.coord.proto$open_watch.invoke(proto.clj:403)
	at jepsen.coord.client$watch_open_BANG_$fn__540.invoke(client.clj:828)
	at jepsen.coord.client$watch_open_BANG_.invokeStatic(client.clj:827)
	at jepsen.coord.client$watch_open_BANG_.invoke(client.clj:808)
	at jepsen.coord.client$watch_until_BANG_.invokeStatic(client.clj:852)
	at jepsen.coord.client$watch_until_BANG_.invoke(client.clj:846)
	at jepsen.coord.client$invoke_watch_session.invokeStatic(client.clj:900)
	at jepsen.coord.client$invoke_watch_session.invoke(client.clj:877)
	at jepsen.coord.client$invoke_coord_BANG_$attempt__561.invoke(client.clj:944)
	at jepsen.coord.client$invoke_coord_BANG_.invokeStatic(client.clj:955)
	at jepsen.coord.client$invoke_coord_BANG_.invoke(client.clj:930)
	at jepsen.coord.client.CoordClient.invoke_BANG_(client.clj:1014)
	at jepsen.client.Validate.invoke_BANG_(client.clj:87)
	at jepsen.generator.interpreter.ClientWorker.invoke_BANG_(interpreter.clj:74)
	at jepsen.generator.interpreter$spawn_worker$fn__16151$fn__16152.invoke(interpreter.clj:149)
	at jepsen.generator.interpreter$spawn_worker$fn__16151.invoke(interpreter.clj:132)
	at clojure.core$binding_conveyor_fn$fn__5844.invoke(core.clj:2051)
	at clojure.lang.AFn.call(AFn.java:18)
	at java.base/java.util.concurrent.FutureTask.run(FutureTask.java:328)
	at java.base/java.util.concurrent.ThreadPoolExecutor.runWorker(ThreadPoolExecutor.java:1090)
	at java.base/java.util.concurrent.ThreadPoolExecutor$Worker.run(ThreadPoolExecutor.java:614)
	at java.base/java.lang.Thread.run(Thread.java:1474)
2026-09-17 11:14:50,417{GMT}	INFO	[jepsen worker 0] jepsen.print: 120	:invoke	:write	"vs618073226-242-"
2026-09-17 11:14:50,418{GMT}	INFO	[jepsen worker 0] jepsen.coord.client: Opening coord client on n1
2026-09-17 11:14:50,564{GMT}	INFO	[jepsen worker 0] jepsen.print: 120	:ok	:write	"vs618073226-242-"
2026-09-17 11:14:51,150{GMT}	INFO	[jepsen worker 1] jepsen.print: 86	:invoke	:watch-session	{:key "/jepsen/watch/s618073226", :start-revision 0, :prev-kv? false, :window-ms nil, :max-events nil, :resumes nil}
2026-09-17 11:14:51,150{GMT}	INFO	[jepsen worker 1] jepsen.coord.client: Opening coord client on n2
2026-09-17 11:14:51,256{GMT}	WARN	[jepsen worker 1] jepsen.generator.interpreter: Process 86 crashed
java.lang.IllegalArgumentException: Wrong object type used with protocol message reflection.
Field number: 1, field java type: MESSAGE, value type: clojure.lang.PersistentArrayMap

	at com.google.protobuf.FieldSet$Builder.verifyType(FieldSet.java:1232)
	at com.google.protobuf.FieldSet$Builder.setField(FieldSet.java:1099)
	at com.google.protobuf.DynamicMessage$Builder.setField(DynamicMessage.java:523)
	at jepsen.coord.proto$watch_req.invokeStatic(proto.clj:347)
	at jepsen.coord.proto$watch_req.invoke(proto.clj:342)
	at jepsen.coord.proto$open_watch.invokeStatic(proto.clj:412)
	at jepsen.coord.proto$open_watch.invoke(proto.clj:403)
	at jepsen.coord.proto$open_watch.invokeStatic(proto.clj:410)
	at jepsen.coord.proto$open_watch.invoke(proto.clj:403)
	at jepsen.coord.client$watch_open_BANG_$fn__540.invoke(client.clj:828)
	at jepsen.coord.client$watch_open_BANG_.invokeStatic(client.clj:827)
	at jepsen.coord.client$watch_open_BANG_.invoke(client.clj:808)
	at jepsen.coord.client$watch_until_BANG_.invokeStatic(client.clj:852)
	at jepsen.coord.client$watch_until_BANG_.invoke(client.clj:846)
	at jepsen.coord.client$invoke_watch_session.invokeStatic(client.clj:900)
	at jepsen.coord.client$invoke_watch_session.invoke(client.clj:877)
	at jepsen.coord.client$invoke_coord_BANG_$attempt__561.invoke(client.clj:944)
	at jepsen.coord.client$invoke_coord_BANG_.invokeStatic(client.clj:955)
	at jepsen.coord.client$invoke_coord_BANG_.invoke(client.clj:930)
	at jepsen.coord.client.CoordClient.invoke_BANG_(client.clj:1014)
	at jepsen.client.Validate.invoke_BANG_(client.clj:87)
	at jepsen.generator.interpreter.ClientWorker.invoke_BANG_(interpreter.clj:74)
	at jepsen.generator.interpreter$spawn_worker$fn__16151$fn__16152.invoke(interpreter.clj:149)
	at jepsen.generator.interpreter$spawn_worker$fn__16151.invoke(interpreter.clj:132)
	at clojure.core$binding_conveyor_fn$fn__5844.invoke(core.clj:2051)
	at clojure.lang.AFn.call(AFn.java:18)
	at java.base/java.util.concurrent.FutureTask.run(FutureTask.java:328)
	at java.base/java.util.concurrent.ThreadPoolExecutor.runWorker(ThreadPoolExecutor.java:1090)
	at java.base/java.util.concurrent.ThreadPoolExecutor$Worker.run(ThreadPoolExecutor.java:614)
	at java.base/java.lang.Thread.run(Thread.java:1474)
2026-09-17 11:14:51,401{GMT}	INFO	[jepsen worker 2] jepsen.print: 92	:invoke	:watch-session	{:key "/jepsen/watch/s618073226", :start-revision :last, :prev-kv? false, :window-ms nil, :max-events nil, :resumes nil}
2026-09-17 11:14:51,401{GMT}	INFO	[jepsen worker 2] jepsen.coord.client: Opening coord client on n3
2026-09-17 11:14:51,444{GMT}	INFO	[jepsen worker 3] jepsen.print: 73	:invoke	:write	"vs618073226-244-"
2026-09-17 11:14:51,444{GMT}	INFO	[jepsen worker 3] jepsen.coord.client: Opening coord client on n1
2026-09-17 11:14:51,580{GMT}	WARN	[jepsen worker 2] jepsen.generator.interpreter: Process 92 crashed
java.lang.IllegalArgumentException: Wrong object type used with protocol message reflection.
Field number: 1, field java type: MESSAGE, value type: clojure.lang.PersistentArrayMap

	at com.google.protobuf.FieldSet$Builder.verifyType(FieldSet.java:1232)
	at com.google.protobuf.FieldSet$Builder.setField(FieldSet.java:1099)
	at com.google.protobuf.DynamicMessage$Builder.setField(DynamicMessage.java:523)
	at jepsen.coord.proto$watch_req.invokeStatic(proto.clj:347)
	at jepsen.coord.proto$watch_req.invoke(proto.clj:342)
	at jepsen.coord.proto$open_watch.invokeStatic(proto.clj:412)
	at jepsen.coord.proto$open_watch.invoke(proto.clj:403)
	at jepsen.coord.proto$open_watch.invokeStatic(proto.clj:410)
	at jepsen.coord.proto$open_watch.invoke(proto.clj:403)
	at jepsen.coord.client$watch_open_BANG_$fn__540.invoke(client.clj:828)
	at jepsen.coord.client$watch_open_BANG_.invokeStatic(client.clj:827)
	at jepsen.coord.client$watch_open_BANG_.invoke(client.clj:808)
	at jepsen.coord.client$watch_until_BANG_.invokeStatic(client.clj:852)
	at jepsen.coord.client$watch_until_BANG_.invoke(client.clj:846)
	at jepsen.coord.client$invoke_watch_session.invokeStatic(client.clj:900)
	at jepsen.coord.client$invoke_watch_session.invoke(client.clj:877)
	at jepsen.coord.client$invoke_coord_BANG_$attempt__561.invoke(client.clj:944)
	at jepsen.coord.client$invoke_coord_BANG_.invokeStatic(client.clj:955)
	at jepsen.coord.client$invoke_coord_BANG_.invoke(client.clj:930)
	at jepsen.coord.client.CoordClient.invoke_BANG_(client.clj:1014)
	at jepsen.client.Validate.invoke_BANG_(client.clj:87)
	at jepsen.generator.interpreter.ClientWorker.invoke_BANG_(interpreter.clj:74)
	at jepsen.generator.interpreter$spawn_worker$fn__16151$fn__16152.invoke(interpreter.clj:149)
	at jepsen.generator.interpreter$spawn_worker$fn__16151.invoke(interpreter.clj:132)
	at clojure.core$binding_conveyor_fn$fn__5844.invoke(core.clj:2051)
	at clojure.lang.AFn.call(AFn.java:18)
	at java.base/java.util.concurrent.FutureTask.run(FutureTask.java:328)
	at java.base/java.util.concurrent.ThreadPoolExecutor.runWorker(ThreadPoolExecutor.java:1090)
	at java.base/java.util.concurrent.ThreadPoolExecutor$Worker.run(ThreadPoolExecutor.java:614)
	at java.base/java.lang.Thread.run(Thread.java:1474)
2026-09-17 11:14:51,612{GMT}	INFO	[jepsen worker 4] jepsen.print: 64	:invoke	:watch-session	{:key "/jepsen/watch/s618073226", :start-revision :last, :prev-kv? true, :window-ms nil, :max-events nil, :resumes nil}
2026-09-17 11:14:51,612{GMT}	WARN	[jepsen worker 4] jepsen.generator.interpreter: Process 64 crashed
java.lang.IllegalArgumentException: Wrong object type used with protocol message reflection.
Field number: 1, field java type: MESSAGE, value type: clojure.lang.PersistentArrayMap

	at com.google.protobuf.FieldSet$Builder.verifyType(FieldSet.java:1232)
	at com.google.protobuf.FieldSet$Builder.setField(FieldSet.java:1099)
	at com.google.protobuf.DynamicMessage$Builder.setField(DynamicMessage.java:523)
	at jepsen.coord.proto$watch_req.invokeStatic(proto.clj:347)
	at jepsen.coord.proto$watch_req.invoke(proto.clj:342)
	at jepsen.coord.proto$open_watch.invokeStatic(proto.clj:412)
	at jepsen.coord.proto$open_watch.invoke(proto.clj:403)
	at jepsen.coord.proto$open_watch.invokeStatic(proto.clj:410)
	at jepsen.coord.proto$open_watch.invoke(proto.clj:403)
	at jepsen.coord.client$watch_open_BANG_$fn__540.invoke(client.clj:828)
	at jepsen.coord.client$watch_open_BANG_.invokeStatic(client.clj:827)
	at jepsen.coord.client$watch_open_BANG_.invoke(client.clj:808)
	at jepsen.coord.client$watch_until_BANG_.invokeStatic(client.clj:852)
	at jepsen.coord.client$watch_until_BANG_.invoke(client.clj:846)
	at jepsen.coord.client$invoke_watch_session.invokeStatic(client.clj:900)
	at jepsen.coord.client$invoke_watch_session.invoke(client.clj:877)
	at jepsen.coord.client$invoke_coord_BANG_$attempt__561.invoke(client.clj:944)
	at jepsen.coord.client$invoke_coord_BANG_.invokeStatic(client.clj:955)
	at jepsen.coord.client$invoke_coord_BANG_.invoke(client.clj:930)
	at jepsen.coord.client.CoordClient.invoke_BANG_(client.clj:1014)
	at jepsen.client.Validate.invoke_BANG_(client.clj:87)
	at jepsen.generator.interpreter.ClientWorker.invoke_BANG_(interpreter.clj:74)
	at jepsen.generator.interpreter$spawn_worker$fn__16151$fn__16152.invoke(interpreter.clj:149)
	at jepsen.generator.interpreter$spawn_worker$fn__16151.invoke(interpreter.clj:132)
	at clojure.core$binding_conveyor_fn$fn__5844.invoke(core.clj:2051)
	at clojure.lang.AFn.call(AFn.java:18)
	at java.base/java.util.concurrent.FutureTask.run(FutureTask.java:328)
	at java.base/java.util.concurrent.ThreadPoolExecutor.runWorker(ThreadPoolExecutor.java:1090)
	at java.base/java.util.concurrent.ThreadPoolExecutor$Worker.run(ThreadPoolExecutor.java:614)
	at java.base/java.lang.Thread.run(Thread.java:1474)
2026-09-17 11:14:51,629{GMT}	INFO	[jepsen worker 3] jepsen.print: 73	:ok	:write	"vs618073226-244-"
2026-09-17 11:14:51,724{GMT}	INFO	[jepsen worker 0] jepsen.print: 120	:invoke	:watch-session	{:key "/jepsen/watch/s618073226", :start-revision 0, :prev-kv? true, :window-ms nil, :max-events nil, :resumes nil}
2026-09-17 11:14:51,724{GMT}	WARN	[jepsen worker 0] jepsen.generator.interpreter: Process 120 crashed
java.lang.IllegalArgumentException: Wrong object type used with protocol message reflection.
Field number: 1, field java type: MESSAGE, value type: clojure.lang.PersistentArrayMap

	at com.google.protobuf.FieldSet$Builder.verifyType(FieldSet.java:1232)
	at com.google.protobuf.FieldSet$Builder.setField(FieldSet.java:1099)
	at com.google.protobuf.DynamicMessage$Builder.setField(DynamicMessage.java:523)
	at jepsen.coord.proto$watch_req.invokeStatic(proto.clj:347)
	at jepsen.coord.proto$watch_req.invoke(proto.clj:342)
	at jepsen.coord.proto$open_watch.invokeStatic(proto.clj:412)
	at jepsen.coord.proto$open_watch.invoke(proto.clj:403)
	at jepsen.coord.proto$open_watch.invokeStatic(proto.clj:410)
	at jepsen.coord.proto$open_watch.invoke(proto.clj:403)
	at jepsen.coord.client$watch_open_BANG_$fn__540.invoke(client.clj:828)
	at jepsen.coord.client$watch_open_BANG_.invokeStatic(client.clj:827)
	at jepsen.coord.client$watch_open_BANG_.invoke(client.clj:808)
	at jepsen.coord.client$watch_until_BANG_.invokeStatic(client.clj:852)
	at jepsen.coord.client$watch_until_BANG_.invoke(client.clj:846)
	at jepsen.coord.client$invoke_watch_session.invokeStatic(client.clj:900)
	at jepsen.coord.client$invoke_watch_session.invoke(client.clj:877)
	at jepsen.coord.client$invoke_coord_BANG_$attempt__561.invoke(client.clj:944)
	at jepsen.coord.client$invoke_coord_BANG_.invokeStatic(client.clj:955)
	at jepsen.coord.client$invoke_coord_BANG_.invoke(client.clj:930)
	at jepsen.coord.client.CoordClient.invoke_BANG_(client.clj:1014)
	at jepsen.client.Validate.invoke_BANG_(client.clj:87)
	at jepsen.generator.interpreter.ClientWorker.invoke_BANG_(interpreter.clj:74)
	at jepsen.generator.interpreter$spawn_worker$fn__16151$fn__16152.invoke(interpreter.clj:149)
	at jepsen.generator.interpreter$spawn_worker$fn__16151.invoke(interpreter.clj:132)
	at clojure.core$binding_conveyor_fn$fn__5844.invoke(core.clj:2051)
	at clojure.lang.AFn.call(AFn.java:18)
	at java.base/java.util.concurrent.FutureTask.run(FutureTask.java:328)
	at java.base/java.util.concurrent.ThreadPoolExecutor.runWorker(ThreadPoolExecutor.java:1090)
	at java.base/java.util.concurrent.ThreadPoolExecutor$Worker.run(ThreadPoolExecutor.java:614)
	at java.base/java.lang.Thread.run(Thread.java:1474)
2026-09-17 11:14:51,781{GMT}	INFO	[jepsen worker 0] jepsen.print: 125	:invoke	:watch-session	{:key "/jepsen/watch/s618073226", :start-revision :last, :prev-kv? false, :window-ms nil, :max-events nil, :resumes nil}
2026-09-17 11:14:51,781{GMT}	INFO	[jepsen worker 0] jepsen.coord.client: Opening coord client on n1
2026-09-17 11:14:51,895{GMT}	WARN	[jepsen worker 0] jepsen.generator.interpreter: Process 125 crashed
java.lang.IllegalArgumentException: Wrong object type used with protocol message reflection.
Field number: 1, field java type: MESSAGE, value type: clojure.lang.PersistentArrayMap

	at com.google.protobuf.FieldSet$Builder.verifyType(FieldSet.java:1232)
	at com.google.protobuf.FieldSet$Builder.setField(FieldSet.java:1099)
	at com.google.protobuf.DynamicMessage$Builder.setField(DynamicMessage.java:523)
	at jepsen.coord.proto$watch_req.invokeStatic(proto.clj:347)
	at jepsen.coord.proto$watch_req.invoke(proto.clj:342)
	at jepsen.coord.proto$open_watch.invokeStatic(proto.clj:412)
	at jepsen.coord.proto$open_watch.invoke(proto.clj:403)
	at jepsen.coord.proto$open_watch.invokeStatic(proto.clj:410)
	at jepsen.coord.proto$open_watch.invoke(proto.clj:403)
	at jepsen.coord.client$watch_open_BANG_$fn__540.invoke(client.clj:828)
	at jepsen.coord.client$watch_open_BANG_.invokeStatic(client.clj:827)
	at jepsen.coord.client$watch_open_BANG_.invoke(client.clj:808)
	at jepsen.coord.client$watch_until_BANG_.invokeStatic(client.clj:852)
	at jepsen.coord.client$watch_until_BANG_.invoke(client.clj:846)
	at jepsen.coord.client$invoke_watch_session.invokeStatic(client.clj:900)
	at jepsen.coord.client$invoke_watch_session.invoke(client.clj:877)
	at jepsen.coord.client$invoke_coord_BANG_$attempt__561.invoke(client.clj:944)
	at jepsen.coord.client$invoke_coord_BANG_.invokeStatic(client.clj:955)
	at jepsen.coord.client$invoke_coord_BANG_.invoke(client.clj:930)
	at jepsen.coord.client.CoordClient.invoke_BANG_(client.clj:1014)
	at jepsen.client.Validate.invoke_BANG_(client.clj:87)
	at jepsen.generator.interpreter.ClientWorker.invoke_BANG_(interpreter.clj:74)
	at jepsen.generator.interpreter$spawn_worker$fn__16151$fn__16152.invoke(interpreter.clj:149)
	at jepsen.generator.interpreter$spawn_worker$fn__16151.invoke(interpreter.clj:132)
	at clojure.core$binding_conveyor_fn$fn__5844.invoke(core.clj:2051)
	at clojure.lang.AFn.call(AFn.java:18)
	at java.base/java.util.concurrent.FutureTask.run(FutureTask.java:328)
	at java.base/java.util.concurrent.ThreadPoolExecutor.runWorker(ThreadPoolExecutor.java:1090)
	at java.base/java.util.concurrent.ThreadPoolExecutor$Worker.run(ThreadPoolExecutor.java:614)
	at java.base/java.lang.Thread.run(Thread.java:1474)
2026-09-17 11:14:51,968{GMT}	INFO	[jepsen worker 1] jepsen.print: 91	:invoke	:write	"vs618073226-247-"
2026-09-17 11:14:51,969{GMT}	INFO	[jepsen worker 1] jepsen.coord.client: Opening coord client on n2
2026-09-17 11:14:52,133{GMT}	INFO	[jepsen worker 2] jepsen.print: 97	:invoke	:write	"vs618073226-249-"
2026-09-17 11:14:52,134{GMT}	INFO	[jepsen worker 2] jepsen.coord.client: Opening coord client on n3
2026-09-17 11:14:52,140{GMT}	INFO	[jepsen worker 1] jepsen.print: 91	:ok	:write	"vs618073226-247-"
2026-09-17 11:14:52,277{GMT}	INFO	[jepsen worker 2] jepsen.print: 97	:ok	:write	"vs618073226-249-"
2026-09-17 11:14:52,462{GMT}	INFO	[jepsen worker 3] jepsen.print: 73	:invoke	:watch-session	{:key "/jepsen/watch/s618073226", :start-revision :last, :prev-kv? true, :window-ms nil, :max-events nil, :resumes nil}
2026-09-17 11:14:52,462{GMT}	WARN	[jepsen worker 3] jepsen.generator.interpreter: Process 73 crashed
java.lang.IllegalArgumentException: Wrong object type used with protocol message reflection.
Field number: 1, field java type: MESSAGE, value type: clojure.lang.PersistentArrayMap

	at com.google.protobuf.FieldSet$Builder.verifyType(FieldSet.java:1232)
	at com.google.protobuf.FieldSet$Builder.setField(FieldSet.java:1099)
	at com.google.protobuf.DynamicMessage$Builder.setField(DynamicMessage.java:523)
	at jepsen.coord.proto$watch_req.invokeStatic(proto.clj:347)
	at jepsen.coord.proto$watch_req.invoke(proto.clj:342)
	at jepsen.coord.proto$open_watch.invokeStatic(proto.clj:412)
	at jepsen.coord.proto$open_watch.invoke(proto.clj:403)
	at jepsen.coord.proto$open_watch.invokeStatic(proto.clj:410)
	at jepsen.coord.proto$open_watch.invoke(proto.clj:403)
	at jepsen.coord.client$watch_open_BANG_$fn__540.invoke(client.clj:828)
	at jepsen.coord.client$watch_open_BANG_.invokeStatic(client.clj:827)
	at jepsen.coord.client$watch_open_BANG_.invoke(client.clj:808)
	at jepsen.coord.client$watch_until_BANG_.invokeStatic(client.clj:852)
	at jepsen.coord.client$watch_until_BANG_.invoke(client.clj:846)
	at jepsen.coord.client$invoke_watch_session.invokeStatic(client.clj:900)
	at jepsen.coord.client$invoke_watch_session.invoke(client.clj:877)
	at jepsen.coord.client$invoke_coord_BANG_$attempt__561.invoke(client.clj:944)
	at jepsen.coord.client$invoke_coord_BANG_.invokeStatic(client.clj:955)
	at jepsen.coord.client$invoke_coord_BANG_.invoke(client.clj:930)
	at jepsen.coord.client.CoordClient.invoke_BANG_(client.clj:1014)
	at jepsen.client.Validate.invoke_BANG_(client.clj:87)
	at jepsen.generator.interpreter.ClientWorker.invoke_BANG_(interpreter.clj:74)
	at jepsen.generator.interpreter$spawn_worker$fn__16151$fn__16152.invoke(interpreter.clj:149)
	at jepsen.generator.interpreter$spawn_worker$fn__16151.invoke(interpreter.clj:132)
	at clojure.core$binding_conveyor_fn$fn__5844.invoke(core.clj:2051)
	at clojure.lang.AFn.call(AFn.java:18)
	at java.base/java.util.concurrent.FutureTask.run(FutureTask.java:328)
	at java.base/java.util.concurrent.ThreadPoolExecutor.runWorker(ThreadPoolExecutor.java:1090)
	at java.base/java.util.concurrent.ThreadPoolExecutor$Worker.run(ThreadPoolExecutor.java:614)
	at java.base/java.lang.Thread.run(Thread.java:1474)
2026-09-17 11:14:52,642{GMT}	INFO	[jepsen worker 4] jepsen.print: 69	:invoke	:write	"vs618073226-252-"
2026-09-17 11:14:52,643{GMT}	INFO	[jepsen worker 4] jepsen.coord.client: Opening coord client on n2
2026-09-17 11:14:52,792{GMT}	INFO	[jepsen worker 4] jepsen.print: 69	:ok	:write	"vs618073226-252-"
2026-09-17 11:14:53,561{GMT}	INFO	[jepsen worker 0] jepsen.print: 130	:invoke	:watch-session	{:key "/jepsen/watch/s618073226", :start-revision :last, :prev-kv? false, :window-ms nil, :max-events nil, :resumes nil}
2026-09-17 11:14:53,562{GMT}	INFO	[jepsen worker 0] jepsen.coord.client: Opening coord client on n1
2026-09-17 11:14:53,701{GMT}	WARN	[jepsen worker 0] jepsen.generator.interpreter: Process 130 crashed
java.lang.IllegalArgumentException: Wrong object type used with protocol message reflection.
Field number: 1, field java type: MESSAGE, value type: clojure.lang.PersistentArrayMap

	at com.google.protobuf.FieldSet$Builder.verifyType(FieldSet.java:1232)
	at com.google.protobuf.FieldSet$Builder.setField(FieldSet.java:1099)
	at com.google.protobuf.DynamicMessage$Builder.setField(DynamicMessage.java:523)
	at jepsen.coord.proto$watch_req.invokeStatic(proto.clj:347)
	at jepsen.coord.proto$watch_req.invoke(proto.clj:342)
	at jepsen.coord.proto$open_watch.invokeStatic(proto.clj:412)
	at jepsen.coord.proto$open_watch.invoke(proto.clj:403)
	at jepsen.coord.proto$open_watch.invokeStatic(proto.clj:410)
	at jepsen.coord.proto$open_watch.invoke(proto.clj:403)
	at jepsen.coord.client$watch_open_BANG_$fn__540.invoke(client.clj:828)
	at jepsen.coord.client$watch_open_BANG_.invokeStatic(client.clj:827)
	at jepsen.coord.client$watch_open_BANG_.invoke(client.clj:808)
	at jepsen.coord.client$watch_until_BANG_.invokeStatic(client.clj:852)
	at jepsen.coord.client$watch_until_BANG_.invoke(client.clj:846)
	at jepsen.coord.client$invoke_watch_session.invokeStatic(client.clj:900)
	at jepsen.coord.client$invoke_watch_session.invoke(client.clj:877)
	at jepsen.coord.client$invoke_coord_BANG_$attempt__561.invoke(client.clj:944)
	at jepsen.coord.client$invoke_coord_BANG_.invokeStatic(client.clj:955)
	at jepsen.coord.client$invoke_coord_BANG_.invoke(client.clj:930)
	at jepsen.coord.client.CoordClient.invoke_BANG_(client.clj:1014)
	at jepsen.client.Validate.invoke_BANG_(client.clj:87)
	at jepsen.generator.interpreter.ClientWorker.invoke_BANG_(interpreter.clj:74)
	at jepsen.generator.interpreter$spawn_worker$fn__16151$fn__16152.invoke(interpreter.clj:149)
	at jepsen.generator.interpreter$spawn_worker$fn__16151.invoke(interpreter.clj:132)
	at clojure.core$binding_conveyor_fn$fn__5844.invoke(core.clj:2051)
	at clojure.lang.AFn.call(AFn.java:18)
	at java.base/java.util.concurrent.FutureTask.run(FutureTask.java:328)
	at java.base/java.util.concurrent.ThreadPoolExecutor.runWorker(ThreadPoolExecutor.java:1090)
	at java.base/java.util.concurrent.ThreadPoolExecutor$Worker.run(ThreadPoolExecutor.java:614)
	at java.base/java.lang.Thread.run(Thread.java:1474)
2026-09-17 11:14:54,008{GMT}	INFO	[jepsen worker 0] jepsen.print: 135	:invoke	:watch-session	{:key "/jepsen/watch/s618073226", :start-revision :last, :prev-kv? false, :window-ms nil, :max-events nil, :resumes nil}
2026-09-17 11:14:54,009{GMT}	INFO	[jepsen worker 0] jepsen.coord.client: Opening coord client on n1
2026-09-17 11:14:54,127{GMT}	WARN	[jepsen worker 0] jepsen.generator.interpreter: Process 135 crashed
java.lang.IllegalArgumentException: Wrong object type used with protocol message reflection.
Field number: 1, field java type: MESSAGE, value type: clojure.lang.PersistentArrayMap

	at com.google.protobuf.FieldSet$Builder.verifyType(FieldSet.java:1232)
	at com.google.protobuf.FieldSet$Builder.setField(FieldSet.java:1099)
	at com.google.protobuf.DynamicMessage$Builder.setField(DynamicMessage.java:523)
	at jepsen.coord.proto$watch_req.invokeStatic(proto.clj:347)
	at jepsen.coord.proto$watch_req.invoke(proto.clj:342)
	at jepsen.coord.proto$open_watch.invokeStatic(proto.clj:412)
	at jepsen.coord.proto$open_watch.invoke(proto.clj:403)
	at jepsen.coord.proto$open_watch.invokeStatic(proto.clj:410)
	at jepsen.coord.proto$open_watch.invoke(proto.clj:403)
	at jepsen.coord.client$watch_open_BANG_$fn__540.invoke(client.clj:828)
	at jepsen.coord.client$watch_open_BANG_.invokeStatic(client.clj:827)
	at jepsen.coord.client$watch_open_BANG_.invoke(client.clj:808)
	at jepsen.coord.client$watch_until_BANG_.invokeStatic(client.clj:852)
	at jepsen.coord.client$watch_until_BANG_.invoke(client.clj:846)
	at jepsen.coord.client$invoke_watch_session.invokeStatic(client.clj:900)
	at jepsen.coord.client$invoke_watch_session.invoke(client.clj:877)
	at jepsen.coord.client$invoke_coord_BANG_$attempt__561.invoke(client.clj:944)
	at jepsen.coord.client$invoke_coord_BANG_.invokeStatic(client.clj:955)
	at jepsen.coord.client$invoke_coord_BANG_.invoke(client.clj:930)
	at jepsen.coord.client.CoordClient.invoke_BANG_(client.clj:1014)
	at jepsen.client.Validate.invoke_BANG_(client.clj:87)
	at jepsen.generator.interpreter.ClientWorker.invoke_BANG_(interpreter.clj:74)
	at jepsen.generator.interpreter$spawn_worker$fn__16151$fn__16152.invoke(interpreter.clj:149)
	at jepsen.generator.interpreter$spawn_worker$fn__16151.invoke(interpreter.clj:132)
	at clojure.core$binding_conveyor_fn$fn__5844.invoke(core.clj:2051)
	at clojure.lang.AFn.call(AFn.java:18)
	at java.base/java.util.concurrent.FutureTask.run(FutureTask.java:328)
	at java.base/java.util.concurrent.ThreadPoolExecutor.runWorker(ThreadPoolExecutor.java:1090)
	at java.base/java.util.concurrent.ThreadPoolExecutor$Worker.run(ThreadPoolExecutor.java:614)
	at java.base/java.lang.Thread.run(Thread.java:1474)
2026-09-17 11:14:54,564{GMT}	INFO	[jepsen worker 1] jepsen.print: 91	:invoke	:watch-session	{:key "/jepsen/watch/s618073226", :start-revision :last, :prev-kv? true, :window-ms nil, :max-events nil, :resumes nil}
2026-09-17 11:14:54,564{GMT}	WARN	[jepsen worker 1] jepsen.generator.interpreter: Process 91 crashed
java.lang.IllegalArgumentException: Wrong object type used with protocol message reflection.
Field number: 1, field java type: MESSAGE, value type: clojure.lang.PersistentArrayMap

	at com.google.protobuf.FieldSet$Builder.verifyType(FieldSet.java:1232)
	at com.google.protobuf.FieldSet$Builder.setField(FieldSet.java:1099)
	at com.google.protobuf.DynamicMessage$Builder.setField(DynamicMessage.java:523)
	at jepsen.coord.proto$watch_req.invokeStatic(proto.clj:347)
	at jepsen.coord.proto$watch_req.invoke(proto.clj:342)
	at jepsen.coord.proto$open_watch.invokeStatic(proto.clj:412)
	at jepsen.coord.proto$open_watch.invoke(proto.clj:403)
	at jepsen.coord.proto$open_watch.invokeStatic(proto.clj:410)
	at jepsen.coord.proto$open_watch.invoke(proto.clj:403)
	at jepsen.coord.client$watch_open_BANG_$fn__540.invoke(client.clj:828)
	at jepsen.coord.client$watch_open_BANG_.invokeStatic(client.clj:827)
	at jepsen.coord.client$watch_open_BANG_.invoke(client.clj:808)
	at jepsen.coord.client$watch_until_BANG_.invokeStatic(client.clj:852)
	at jepsen.coord.client$watch_until_BANG_.invoke(client.clj:846)
	at jepsen.coord.client$invoke_watch_session.invokeStatic(client.clj:900)
	at jepsen.coord.client$invoke_watch_session.invoke(client.clj:877)
	at jepsen.coord.client$invoke_coord_BANG_$attempt__561.invoke(client.clj:944)
	at jepsen.coord.client$invoke_coord_BANG_.invokeStatic(client.clj:955)
	at jepsen.coord.client$invoke_coord_BANG_.invoke(client.clj:930)
	at jepsen.coord.client.CoordClient.invoke_BANG_(client.clj:1014)
	at jepsen.client.Validate.invoke_BANG_(client.clj:87)
	at jepsen.generator.interpreter.ClientWorker.invoke_BANG_(interpreter.clj:74)
	at jepsen.generator.interpreter$spawn_worker$fn__16151$fn__16152.invoke(interpreter.clj:149)
	at jepsen.generator.interpreter$spawn_worker$fn__16151.invoke(interpreter.clj:132)
	at clojure.core$binding_conveyor_fn$fn__5844.invoke(core.clj:2051)
	at clojure.lang.AFn.call(AFn.java:18)
	at java.base/java.util.concurrent.FutureTask.run(FutureTask.java:328)
	at java.base/java.util.concurrent.ThreadPoolExecutor.runWorker(ThreadPoolExecutor.java:1090)
	at java.base/java.util.concurrent.ThreadPoolExecutor$Worker.run(ThreadPoolExecutor.java:614)
	at java.base/java.lang.Thread.run(Thread.java:1474)
2026-09-17 11:14:54,652{GMT}	INFO	[jepsen worker 2] jepsen.print: 97	:invoke	:watch-session	{:key "/jepsen/watch/s618073226", :start-revision 0, :prev-kv? true, :window-ms nil, :max-events nil, :resumes nil}
2026-09-17 11:14:54,652{GMT}	WARN	[jepsen worker 2] jepsen.generator.interpreter: Process 97 crashed
java.lang.IllegalArgumentException: Wrong object type used with protocol message reflection.
Field number: 1, field java type: MESSAGE, value type: clojure.lang.PersistentArrayMap

	at com.google.protobuf.FieldSet$Builder.verifyType(FieldSet.java:1232)
	at com.google.protobuf.FieldSet$Builder.setField(FieldSet.java:1099)
	at com.google.protobuf.DynamicMessage$Builder.setField(DynamicMessage.java:523)
	at jepsen.coord.proto$watch_req.invokeStatic(proto.clj:347)
	at jepsen.coord.proto$watch_req.invoke(proto.clj:342)
	at jepsen.coord.proto$open_watch.invokeStatic(proto.clj:412)
	at jepsen.coord.proto$open_watch.invoke(proto.clj:403)
	at jepsen.coord.proto$open_watch.invokeStatic(proto.clj:410)
	at jepsen.coord.proto$open_watch.invoke(proto.clj:403)
	at jepsen.coord.client$watch_open_BANG_$fn__540.invoke(client.clj:828)
	at jepsen.coord.client$watch_open_BANG_.invokeStatic(client.clj:827)
	at jepsen.coord.client$watch_open_BANG_.invoke(client.clj:808)
	at jepsen.coord.client$watch_until_BANG_.invokeStatic(client.clj:852)
	at jepsen.coord.client$watch_until_BANG_.invoke(client.clj:846)
	at jepsen.coord.client$invoke_watch_session.invokeStatic(client.clj:900)
	at jepsen.coord.client$invoke_watch_session.invoke(client.clj:877)
	at jepsen.coord.client$invoke_coord_BANG_$attempt__561.invoke(client.clj:944)
	at jepsen.coord.client$invoke_coord_BANG_.invokeStatic(client.clj:955)
	at jepsen.coord.client$invoke_coord_BANG_.invoke(client.clj:930)
	at jepsen.coord.client.CoordClient.invoke_BANG_(client.clj:1014)
	at jepsen.client.Validate.invoke_BANG_(client.clj:87)
	at jepsen.generator.interpreter.ClientWorker.invoke_BANG_(interpreter.clj:74)
	at jepsen.generator.interpreter$spawn_worker$fn__16151$fn__16152.invoke(interpreter.clj:149)
	at jepsen.generator.interpreter$spawn_worker$fn__16151.invoke(interpreter.clj:132)
	at clojure.core$binding_conveyor_fn$fn__5844.invoke(core.clj:2051)
	at clojure.lang.AFn.call(AFn.java:18)
	at java.base/java.util.concurrent.FutureTask.run(FutureTask.java:328)
	at java.base/java.util.concurrent.ThreadPoolExecutor.runWorker(ThreadPoolExecutor.java:1090)
	at java.base/java.util.concurrent.ThreadPoolExecutor$Worker.run(ThreadPoolExecutor.java:614)
	at java.base/java.lang.Thread.run(Thread.java:1474)
2026-09-17 11:14:54,669{GMT}	INFO	[jepsen worker nemesis] jepsen.print: :nemesis	:info	:stop	nil
2026-09-17 11:14:54,706{GMT}	INFO	[jepsen worker 4] jepsen.print: 69	:invoke	:watch-session	{:key "/jepsen/watch/s618073226", :start-revision 0, :prev-kv? true, :window-ms nil, :max-events nil, :resumes nil}
2026-09-17 11:14:54,706{GMT}	WARN	[jepsen worker 4] jepsen.generator.interpreter: Process 69 crashed
java.lang.IllegalArgumentException: Wrong object type used with protocol message reflection.
Field number: 1, field java type: MESSAGE, value type: clojure.lang.PersistentArrayMap

	at com.google.protobuf.FieldSet$Builder.verifyType(FieldSet.java:1232)
	at com.google.protobuf.FieldSet$Builder.setField(FieldSet.java:1099)
	at com.google.protobuf.DynamicMessage$Builder.setField(DynamicMessage.java:523)
	at jepsen.coord.proto$watch_req.invokeStatic(proto.clj:347)
	at jepsen.coord.proto$watch_req.invoke(proto.clj:342)
	at jepsen.coord.proto$open_watch.invokeStatic(proto.clj:412)
	at jepsen.coord.proto$open_watch.invoke(proto.clj:403)
	at jepsen.coord.proto$open_watch.invokeStatic(proto.clj:410)
	at jepsen.coord.proto$open_watch.invoke(proto.clj:403)
	at jepsen.coord.client$watch_open_BANG_$fn__540.invoke(client.clj:828)
	at jepsen.coord.client$watch_open_BANG_.invokeStatic(client.clj:827)
	at jepsen.coord.client$watch_open_BANG_.invoke(client.clj:808)
	at jepsen.coord.client$watch_until_BANG_.invokeStatic(client.clj:852)
	at jepsen.coord.client$watch_until_BANG_.invoke(client.clj:846)
	at jepsen.coord.client$invoke_watch_session.invokeStatic(client.clj:900)
	at jepsen.coord.client$invoke_watch_session.invoke(client.clj:877)
	at jepsen.coord.client$invoke_coord_BANG_$attempt__561.invoke(client.clj:944)
	at jepsen.coord.client$invoke_coord_BANG_.invokeStatic(client.clj:955)
	at jepsen.coord.client$invoke_coord_BANG_.invoke(client.clj:930)
	at jepsen.coord.client.CoordClient.invoke_BANG_(client.clj:1014)
	at jepsen.client.Validate.invoke_BANG_(client.clj:87)
	at jepsen.generator.interpreter.ClientWorker.invoke_BANG_(interpreter.clj:74)
	at jepsen.generator.interpreter$spawn_worker$fn__16151$fn__16152.invoke(interpreter.clj:149)
	at jepsen.generator.interpreter$spawn_worker$fn__16151.invoke(interpreter.clj:132)
	at clojure.core$binding_conveyor_fn$fn__5844.invoke(core.clj:2051)
	at clojure.lang.AFn.call(AFn.java:18)
	at java.base/java.util.concurrent.FutureTask.run(FutureTask.java:328)
	at java.base/java.util.concurrent.ThreadPoolExecutor.runWorker(ThreadPoolExecutor.java:1090)
	at java.base/java.util.concurrent.ThreadPoolExecutor$Worker.run(ThreadPoolExecutor.java:614)
	at java.base/java.lang.Thread.run(Thread.java:1474)
2026-09-17 11:14:54,714{GMT}	INFO	[jepsen node n2] jepsen.coord.db: Restarting coord on n2
2026-09-17 11:14:54,715{GMT}	INFO	[jepsen node n2] jepsen.control.util: Starting coord
2026-09-17 11:14:54,838{GMT}	INFO	[jepsen node n2] jepsen.coord.db: Waiting for coord on n2 to be ready
2026-09-17 11:14:54,858{GMT}	INFO	[jepsen worker 0] jepsen.print: 140	:invoke	:write	"vs618073226-255-"
2026-09-17 11:14:54,858{GMT}	INFO	[jepsen worker 0] jepsen.coord.client: Opening coord client on n1
2026-09-17 11:14:55,077{GMT}	INFO	[jepsen worker 0] jepsen.print: 140	:ok	:write	"vs618073226-255-"
2026-09-17 11:14:55,512{GMT}	INFO	[jepsen worker 0] jepsen.print: 140	:invoke	:watch-session	{:key "/jepsen/watch/s618073226", :start-revision :last, :prev-kv? true, :window-ms nil, :max-events nil, :resumes nil}
2026-09-17 11:14:55,512{GMT}	WARN	[jepsen worker 0] jepsen.generator.interpreter: Process 140 crashed
java.lang.IllegalArgumentException: Wrong object type used with protocol message reflection.
Field number: 1, field java type: MESSAGE, value type: clojure.lang.PersistentArrayMap

	at com.google.protobuf.FieldSet$Builder.verifyType(FieldSet.java:1232)
	at com.google.protobuf.FieldSet$Builder.setField(FieldSet.java:1099)
	at com.google.protobuf.DynamicMessage$Builder.setField(DynamicMessage.java:523)
	at jepsen.coord.proto$watch_req.invokeStatic(proto.clj:347)
	at jepsen.coord.proto$watch_req.invoke(proto.clj:342)
	at jepsen.coord.proto$open_watch.invokeStatic(proto.clj:412)
	at jepsen.coord.proto$open_watch.invoke(proto.clj:403)
	at jepsen.coord.proto$open_watch.invokeStatic(proto.clj:410)
	at jepsen.coord.proto$open_watch.invoke(proto.clj:403)
	at jepsen.coord.client$watch_open_BANG_$fn__540.invoke(client.clj:828)
	at jepsen.coord.client$watch_open_BANG_.invokeStatic(client.clj:827)
	at jepsen.coord.client$watch_open_BANG_.invoke(client.clj:808)
	at jepsen.coord.client$watch_until_BANG_.invokeStatic(client.clj:852)
	at jepsen.coord.client$watch_until_BANG_.invoke(client.clj:846)
	at jepsen.coord.client$invoke_watch_session.invokeStatic(client.clj:900)
	at jepsen.coord.client$invoke_watch_session.invoke(client.clj:877)
	at jepsen.coord.client$invoke_coord_BANG_$attempt__561.invoke(client.clj:944)
	at jepsen.coord.client$invoke_coord_BANG_.invokeStatic(client.clj:955)
	at jepsen.coord.client$invoke_coord_BANG_.invoke(client.clj:930)
	at jepsen.coord.client.CoordClient.invoke_BANG_(client.clj:1014)
	at jepsen.client.Validate.invoke_BANG_(client.clj:87)
	at jepsen.generator.interpreter.ClientWorker.invoke_BANG_(interpreter.clj:74)
	at jepsen.generator.interpreter$spawn_worker$fn__16151$fn__16152.invoke(interpreter.clj:149)
	at jepsen.generator.interpreter$spawn_worker$fn__16151.invoke(interpreter.clj:132)
	at clojure.core$binding_conveyor_fn$fn__5844.invoke(core.clj:2051)
	at clojure.lang.AFn.call(AFn.java:18)
	at java.base/java.util.concurrent.FutureTask.run(FutureTask.java:328)
	at java.base/java.util.concurrent.ThreadPoolExecutor.runWorker(ThreadPoolExecutor.java:1090)
	at java.base/java.util.concurrent.ThreadPoolExecutor$Worker.run(ThreadPoolExecutor.java:614)
	at java.base/java.lang.Thread.run(Thread.java:1474)
2026-09-17 11:14:55,845{GMT}	INFO	[jepsen worker 1] jepsen.print: 96	:invoke	:watch-session	{:key "/jepsen/watch/s618073226", :start-revision 0, :prev-kv? true, :window-ms nil, :max-events nil, :resumes nil}
2026-09-17 11:14:55,961{GMT}	INFO	[jepsen worker 1] jepsen.coord.client: Opening coord client on n2
2026-09-17 11:14:55,968{GMT}	INFO	[jepsen node n2] jepsen.coord.db: coord n2 is ready
2026-09-17 11:14:55,969{GMT}	INFO	[jepsen worker nemesis] jepsen.print: :nemesis	:info	:stop	{"n2" [:restarted "n2"]}
2026-09-17 11:14:56,114{GMT}	WARN	[jepsen worker 1] jepsen.generator.interpreter: Process 96 crashed
java.lang.IllegalArgumentException: Wrong object type used with protocol message reflection.
Field number: 1, field java type: MESSAGE, value type: clojure.lang.PersistentArrayMap

	at com.google.protobuf.FieldSet$Builder.verifyType(FieldSet.java:1232)
	at com.google.protobuf.FieldSet$Builder.setField(FieldSet.java:1099)
	at com.google.protobuf.DynamicMessage$Builder.setField(DynamicMessage.java:523)
	at jepsen.coord.proto$watch_req.invokeStatic(proto.clj:347)
	at jepsen.coord.proto$watch_req.invoke(proto.clj:342)
	at jepsen.coord.proto$open_watch.invokeStatic(proto.clj:412)
	at jepsen.coord.proto$open_watch.invoke(proto.clj:403)
	at jepsen.coord.proto$open_watch.invokeStatic(proto.clj:410)
	at jepsen.coord.proto$open_watch.invoke(proto.clj:403)
	at jepsen.coord.client$watch_open_BANG_$fn__540.invoke(client.clj:828)
	at jepsen.coord.client$watch_open_BANG_.invokeStatic(client.clj:827)
	at jepsen.coord.client$watch_open_BANG_.invoke(client.clj:808)
	at jepsen.coord.client$watch_until_BANG_.invokeStatic(client.clj:852)
	at jepsen.coord.client$watch_until_BANG_.invoke(client.clj:846)
	at jepsen.coord.client$invoke_watch_session.invokeStatic(client.clj:900)
	at jepsen.coord.client$invoke_watch_session.invoke(client.clj:877)
	at jepsen.coord.client$invoke_coord_BANG_$attempt__561.invoke(client.clj:944)
	at jepsen.coord.client$invoke_coord_BANG_.invokeStatic(client.clj:955)
	at jepsen.coord.client$invoke_coord_BANG_.invoke(client.clj:930)
	at jepsen.coord.client.CoordClient.invoke_BANG_(client.clj:1014)
	at jepsen.client.Validate.invoke_BANG_(client.clj:87)
	at jepsen.generator.interpreter.ClientWorker.invoke_BANG_(interpreter.clj:74)
	at jepsen.generator.interpreter$spawn_worker$fn__16151$fn__16152.invoke(interpreter.clj:149)
	at jepsen.generator.interpreter$spawn_worker$fn__16151.invoke(interpreter.clj:132)
	at clojure.core$binding_conveyor_fn$fn__5844.invoke(core.clj:2051)
	at clojure.lang.AFn.call(AFn.java:18)
	at java.base/java.util.concurrent.FutureTask.run(FutureTask.java:328)
	at java.base/java.util.concurrent.ThreadPoolExecutor.runWorker(ThreadPoolExecutor.java:1090)
	at java.base/java.util.concurrent.ThreadPoolExecutor$Worker.run(ThreadPoolExecutor.java:614)
	at java.base/java.lang.Thread.run(Thread.java:1474)
2026-09-17 11:14:56,430{GMT}	INFO	[jepsen worker 3] jepsen.print: 78	:invoke	:watch-session	{:key "/jepsen/watch/s618073226", :start-revision :last, :prev-kv? false, :window-ms nil, :max-events nil, :resumes nil}
2026-09-17 11:14:56,431{GMT}	INFO	[jepsen worker 3] jepsen.coord.client: Opening coord client on n1
2026-09-17 11:14:56,577{GMT}	INFO	[jepsen worker 4] jepsen.print: 74	:invoke	:watch-session	{:key "/jepsen/watch/s618073226", :start-revision :last, :prev-kv? false, :window-ms nil, :max-events nil, :resumes nil}
2026-09-17 11:14:56,578{GMT}	INFO	[jepsen worker 4] jepsen.coord.client: Opening coord client on n2
2026-09-17 11:14:56,594{GMT}	WARN	[jepsen worker 3] jepsen.generator.interpreter: Process 78 crashed
java.lang.IllegalArgumentException: Wrong object type used with protocol message reflection.
Field number: 1, field java type: MESSAGE, value type: clojure.lang.PersistentArrayMap

	at com.google.protobuf.FieldSet$Builder.verifyType(FieldSet.java:1232)
	at com.google.protobuf.FieldSet$Builder.setField(FieldSet.java:1099)
	at com.google.protobuf.DynamicMessage$Builder.setField(DynamicMessage.java:523)
	at jepsen.coord.proto$watch_req.invokeStatic(proto.clj:347)
	at jepsen.coord.proto$watch_req.invoke(proto.clj:342)
	at jepsen.coord.proto$open_watch.invokeStatic(proto.clj:412)
	at jepsen.coord.proto$open_watch.invoke(proto.clj:403)
	at jepsen.coord.proto$open_watch.invokeStatic(proto.clj:410)
	at jepsen.coord.proto$open_watch.invoke(proto.clj:403)
	at jepsen.coord.client$watch_open_BANG_$fn__540.invoke(client.clj:828)
	at jepsen.coord.client$watch_open_BANG_.invokeStatic(client.clj:827)
	at jepsen.coord.client$watch_open_BANG_.invoke(client.clj:808)
	at jepsen.coord.client$watch_until_BANG_.invokeStatic(client.clj:852)
	at jepsen.coord.client$watch_until_BANG_.invoke(client.clj:846)
	at jepsen.coord.client$invoke_watch_session.invokeStatic(client.clj:900)
	at jepsen.coord.client$invoke_watch_session.invoke(client.clj:877)
	at jepsen.coord.client$invoke_coord_BANG_$attempt__561.invoke(client.clj:944)
	at jepsen.coord.client$invoke_coord_BANG_.invokeStatic(client.clj:955)
	at jepsen.coord.client$invoke_coord_BANG_.invoke(client.clj:930)
	at jepsen.coord.client.CoordClient.invoke_BANG_(client.clj:1014)
	at jepsen.client.Validate.invoke_BANG_(client.clj:87)
	at jepsen.generator.interpreter.ClientWorker.invoke_BANG_(interpreter.clj:74)
	at jepsen.generator.interpreter$spawn_worker$fn__16151$fn__16152.invoke(interpreter.clj:149)
	at jepsen.generator.interpreter$spawn_worker$fn__16151.invoke(interpreter.clj:132)
	at clojure.core$binding_conveyor_fn$fn__5844.invoke(core.clj:2051)
	at clojure.lang.AFn.call(AFn.java:18)
	at java.base/java.util.concurrent.FutureTask.run(FutureTask.java:328)
	at java.base/java.util.concurrent.ThreadPoolExecutor.runWorker(ThreadPoolExecutor.java:1090)
	at java.base/java.util.concurrent.ThreadPoolExecutor$Worker.run(ThreadPoolExecutor.java:614)
	at java.base/java.lang.Thread.run(Thread.java:1474)
2026-09-17 11:14:56,716{GMT}	WARN	[jepsen worker 4] jepsen.generator.interpreter: Process 74 crashed
java.lang.IllegalArgumentException: Wrong object type used with protocol message reflection.
Field number: 1, field java type: MESSAGE, value type: clojure.lang.PersistentArrayMap

	at com.google.protobuf.FieldSet$Builder.verifyType(FieldSet.java:1232)
	at com.google.protobuf.FieldSet$Builder.setField(FieldSet.java:1099)
	at com.google.protobuf.DynamicMessage$Builder.setField(DynamicMessage.java:523)
	at jepsen.coord.proto$watch_req.invokeStatic(proto.clj:347)
	at jepsen.coord.proto$watch_req.invoke(proto.clj:342)
	at jepsen.coord.proto$open_watch.invokeStatic(proto.clj:412)
	at jepsen.coord.proto$open_watch.invoke(proto.clj:403)
	at jepsen.coord.proto$open_watch.invokeStatic(proto.clj:410)
	at jepsen.coord.proto$open_watch.invoke(proto.clj:403)
	at jepsen.coord.client$watch_open_BANG_$fn__540.invoke(client.clj:828)
	at jepsen.coord.client$watch_open_BANG_.invokeStatic(client.clj:827)
	at jepsen.coord.client$watch_open_BANG_.invoke(client.clj:808)
	at jepsen.coord.client$watch_until_BANG_.invokeStatic(client.clj:852)
	at jepsen.coord.client$watch_until_BANG_.invoke(client.clj:846)
	at jepsen.coord.client$invoke_watch_session.invokeStatic(client.clj:900)
	at jepsen.coord.client$invoke_watch_session.invoke(client.clj:877)
	at jepsen.coord.client$invoke_coord_BANG_$attempt__561.invoke(client.clj:944)
	at jepsen.coord.client$invoke_coord_BANG_.invokeStatic(client.clj:955)
	at jepsen.coord.client$invoke_coord_BANG_.invoke(client.clj:930)
	at jepsen.coord.client.CoordClient.invoke_BANG_(client.clj:1014)
	at jepsen.client.Validate.invoke_BANG_(client.clj:87)
	at jepsen.generator.interpreter.ClientWorker.invoke_BANG_(interpreter.clj:74)
	at jepsen.generator.interpreter$spawn_worker$fn__16151$fn__16152.invoke(interpreter.clj:149)
	at jepsen.generator.interpreter$spawn_worker$fn__16151.invoke(interpreter.clj:132)
	at clojure.core$binding_conveyor_fn$fn__5844.invoke(core.clj:2051)
	at clojure.lang.AFn.call(AFn.java:18)
	at java.base/java.util.concurrent.FutureTask.run(FutureTask.java:328)
	at java.base/java.util.concurrent.ThreadPoolExecutor.runWorker(ThreadPoolExecutor.java:1090)
	at java.base/java.util.concurrent.ThreadPoolExecutor$Worker.run(ThreadPoolExecutor.java:614)
	at java.base/java.lang.Thread.run(Thread.java:1474)
2026-09-17 11:14:56,717{GMT}	INFO	[jepsen worker 0] jepsen.print: 145	:invoke	:watch-session	{:key "/jepsen/watch/s618073226", :start-revision :last, :prev-kv? true, :window-ms nil, :max-events nil, :resumes nil}
2026-09-17 11:14:56,718{GMT}	INFO	[jepsen worker 0] jepsen.coord.client: Opening coord client on n1
2026-09-17 11:14:56,771{GMT}	INFO	[jepsen worker 1] jepsen.print: 101	:invoke	:write	"vs618073226-257-"
2026-09-17 11:14:56,772{GMT}	INFO	[jepsen worker 1] jepsen.coord.client: Opening coord client on n2
2026-09-17 11:14:56,943{GMT}	WARN	[jepsen worker 0] jepsen.generator.interpreter: Process 145 crashed
java.lang.IllegalArgumentException: Wrong object type used with protocol message reflection.
Field number: 1, field java type: MESSAGE, value type: clojure.lang.PersistentArrayMap

	at com.google.protobuf.FieldSet$Builder.verifyType(FieldSet.java:1232)
	at com.google.protobuf.FieldSet$Builder.setField(FieldSet.java:1099)
	at com.google.protobuf.DynamicMessage$Builder.setField(DynamicMessage.java:523)
	at jepsen.coord.proto$watch_req.invokeStatic(proto.clj:347)
	at jepsen.coord.proto$watch_req.invoke(proto.clj:342)
	at jepsen.coord.proto$open_watch.invokeStatic(proto.clj:412)
	at jepsen.coord.proto$open_watch.invoke(proto.clj:403)
	at jepsen.coord.proto$open_watch.invokeStatic(proto.clj:410)
	at jepsen.coord.proto$open_watch.invoke(proto.clj:403)
	at jepsen.coord.client$watch_open_BANG_$fn__540.invoke(client.clj:828)
	at jepsen.coord.client$watch_open_BANG_.invokeStatic(client.clj:827)
	at jepsen.coord.client$watch_open_BANG_.invoke(client.clj:808)
	at jepsen.coord.client$watch_until_BANG_.invokeStatic(client.clj:852)
	at jepsen.coord.client$watch_until_BANG_.invoke(client.clj:846)
	at jepsen.coord.client$invoke_watch_session.invokeStatic(client.clj:900)
	at jepsen.coord.client$invoke_watch_session.invoke(client.clj:877)
	at jepsen.coord.client$invoke_coord_BANG_$attempt__561.invoke(client.clj:944)
	at jepsen.coord.client$invoke_coord_BANG_.invokeStatic(client.clj:955)
	at jepsen.coord.client$invoke_coord_BANG_.invoke(client.clj:930)
	at jepsen.coord.client.CoordClient.invoke_BANG_(client.clj:1014)
	at jepsen.client.Validate.invoke_BANG_(client.clj:87)
	at jepsen.generator.interpreter.ClientWorker.invoke_BANG_(interpreter.clj:74)
	at jepsen.generator.interpreter$spawn_worker$fn__16151$fn__16152.invoke(interpreter.clj:149)
	at jepsen.generator.interpreter$spawn_worker$fn__16151.invoke(interpreter.clj:132)
	at clojure.core$binding_conveyor_fn$fn__5844.invoke(core.clj:2051)
	at clojure.lang.AFn.call(AFn.java:18)
	at java.base/java.util.concurrent.FutureTask.run(FutureTask.java:328)
	at java.base/java.util.concurrent.ThreadPoolExecutor.runWorker(ThreadPoolExecutor.java:1090)
	at java.base/java.util.concurrent.ThreadPoolExecutor$Worker.run(ThreadPoolExecutor.java:614)
	at java.base/java.lang.Thread.run(Thread.java:1474)
2026-09-17 11:14:57,041{GMT}	INFO	[jepsen worker 1] jepsen.print: 101	:ok	:write	"vs618073226-257-"
2026-09-17 11:14:57,056{GMT}	INFO	[jepsen worker 1] jepsen.print: 101	:invoke	:watch-session	{:key "/jepsen/watch/s618073226", :start-revision 0, :prev-kv? true, :window-ms nil, :max-events nil, :resumes nil}
2026-09-17 11:14:57,056{GMT}	WARN	[jepsen worker 1] jepsen.generator.interpreter: Process 101 crashed
java.lang.IllegalArgumentException: Wrong object type used with protocol message reflection.
Field number: 1, field java type: MESSAGE, value type: clojure.lang.PersistentArrayMap

	at com.google.protobuf.FieldSet$Builder.verifyType(FieldSet.java:1232)
	at com.google.protobuf.FieldSet$Builder.setField(FieldSet.java:1099)
	at com.google.protobuf.DynamicMessage$Builder.setField(DynamicMessage.java:523)
	at jepsen.coord.proto$watch_req.invokeStatic(proto.clj:347)
	at jepsen.coord.proto$watch_req.invoke(proto.clj:342)
	at jepsen.coord.proto$open_watch.invokeStatic(proto.clj:412)
	at jepsen.coord.proto$open_watch.invoke(proto.clj:403)
	at jepsen.coord.proto$open_watch.invokeStatic(proto.clj:410)
	at jepsen.coord.proto$open_watch.invoke(proto.clj:403)
	at jepsen.coord.client$watch_open_BANG_$fn__540.invoke(client.clj:828)
	at jepsen.coord.client$watch_open_BANG_.invokeStatic(client.clj:827)
	at jepsen.coord.client$watch_open_BANG_.invoke(client.clj:808)
	at jepsen.coord.client$watch_until_BANG_.invokeStatic(client.clj:852)
	at jepsen.coord.client$watch_until_BANG_.invoke(client.clj:846)
	at jepsen.coord.client$invoke_watch_session.invokeStatic(client.clj:900)
	at jepsen.coord.client$invoke_watch_session.invoke(client.clj:877)
	at jepsen.coord.client$invoke_coord_BANG_$attempt__561.invoke(client.clj:944)
	at jepsen.coord.client$invoke_coord_BANG_.invokeStatic(client.clj:955)
	at jepsen.coord.client$invoke_coord_BANG_.invoke(client.clj:930)
	at jepsen.coord.client.CoordClient.invoke_BANG_(client.clj:1014)
	at jepsen.client.Validate.invoke_BANG_(client.clj:87)
	at jepsen.generator.interpreter.ClientWorker.invoke_BANG_(interpreter.clj:74)
	at jepsen.generator.interpreter$spawn_worker$fn__16151$fn__16152.invoke(interpreter.clj:149)
	at jepsen.generator.interpreter$spawn_worker$fn__16151.invoke(interpreter.clj:132)
	at clojure.core$binding_conveyor_fn$fn__5844.invoke(core.clj:2051)
	at clojure.lang.AFn.call(AFn.java:18)
	at java.base/java.util.concurrent.FutureTask.run(FutureTask.java:328)
	at java.base/java.util.concurrent.ThreadPoolExecutor.runWorker(ThreadPoolExecutor.java:1090)
	at java.base/java.util.concurrent.ThreadPoolExecutor$Worker.run(ThreadPoolExecutor.java:614)
	at java.base/java.lang.Thread.run(Thread.java:1474)
2026-09-17 11:14:57,077{GMT}	INFO	[jepsen worker 2] jepsen.print: 102	:invoke	:watch-session	{:key "/jepsen/watch/s618073226", :start-revision :last, :prev-kv? false, :window-ms nil, :max-events nil, :resumes nil}
2026-09-17 11:14:57,078{GMT}	INFO	[jepsen worker 2] jepsen.coord.client: Opening coord client on n3
2026-09-17 11:14:57,249{GMT}	WARN	[jepsen worker 2] jepsen.generator.interpreter: Process 102 crashed
java.lang.IllegalArgumentException: Wrong object type used with protocol message reflection.
Field number: 1, field java type: MESSAGE, value type: clojure.lang.PersistentArrayMap

	at com.google.protobuf.FieldSet$Builder.verifyType(FieldSet.java:1232)
	at com.google.protobuf.FieldSet$Builder.setField(FieldSet.java:1099)
	at com.google.protobuf.DynamicMessage$Builder.setField(DynamicMessage.java:523)
	at jepsen.coord.proto$watch_req.invokeStatic(proto.clj:347)
	at jepsen.coord.proto$watch_req.invoke(proto.clj:342)
	at jepsen.coord.proto$open_watch.invokeStatic(proto.clj:412)
	at jepsen.coord.proto$open_watch.invoke(proto.clj:403)
	at jepsen.coord.proto$open_watch.invokeStatic(proto.clj:410)
	at jepsen.coord.proto$open_watch.invoke(proto.clj:403)
	at jepsen.coord.client$watch_open_BANG_$fn__540.invoke(client.clj:828)
	at jepsen.coord.client$watch_open_BANG_.invokeStatic(client.clj:827)
	at jepsen.coord.client$watch_open_BANG_.invoke(client.clj:808)
	at jepsen.coord.client$watch_until_BANG_.invokeStatic(client.clj:852)
	at jepsen.coord.client$watch_until_BANG_.invoke(client.clj:846)
	at jepsen.coord.client$invoke_watch_session.invokeStatic(client.clj:900)
	at jepsen.coord.client$invoke_watch_session.invoke(client.clj:877)
	at jepsen.coord.client$invoke_coord_BANG_$attempt__561.invoke(client.clj:944)
	at jepsen.coord.client$invoke_coord_BANG_.invokeStatic(client.clj:955)
	at jepsen.coord.client$invoke_coord_BANG_.invoke(client.clj:930)
	at jepsen.coord.client.CoordClient.invoke_BANG_(client.clj:1014)
	at jepsen.client.Validate.invoke_BANG_(client.clj:87)
	at jepsen.generator.interpreter.ClientWorker.invoke_BANG_(interpreter.clj:74)
	at jepsen.generator.interpreter$spawn_worker$fn__16151$fn__16152.invoke(interpreter.clj:149)
	at jepsen.generator.interpreter$spawn_worker$fn__16151.invoke(interpreter.clj:132)
	at clojure.core$binding_conveyor_fn$fn__5844.invoke(core.clj:2051)
	at clojure.lang.AFn.call(AFn.java:18)
	at java.base/java.util.concurrent.FutureTask.run(FutureTask.java:328)
	at java.base/java.util.concurrent.ThreadPoolExecutor.runWorker(ThreadPoolExecutor.java:1090)
	at java.base/java.util.concurrent.ThreadPoolExecutor$Worker.run(ThreadPoolExecutor.java:614)
	at java.base/java.lang.Thread.run(Thread.java:1474)
2026-09-17 11:14:57,376{GMT}	INFO	[jepsen worker 3] jepsen.print: 83	:invoke	:watch-session	{:key "/jepsen/watch/s618073226", :start-revision :last, :prev-kv? false, :window-ms nil, :max-events nil, :resumes nil}
2026-09-17 11:14:57,376{GMT}	INFO	[jepsen worker 3] jepsen.coord.client: Opening coord client on n1
2026-09-17 11:14:57,514{GMT}	INFO	[jepsen worker 4] jepsen.print: 79	:invoke	:write	"vs618073226-259-"
2026-09-17 11:14:57,548{GMT}	INFO	[jepsen worker 4] jepsen.coord.client: Opening coord client on n2
2026-09-17 11:14:57,555{GMT}	WARN	[jepsen worker 3] jepsen.generator.interpreter: Process 83 crashed
java.lang.IllegalArgumentException: Wrong object type used with protocol message reflection.
Field number: 1, field java type: MESSAGE, value type: clojure.lang.PersistentArrayMap

	at com.google.protobuf.FieldSet$Builder.verifyType(FieldSet.java:1232)
	at com.google.protobuf.FieldSet$Builder.setField(FieldSet.java:1099)
	at com.google.protobuf.DynamicMessage$Builder.setField(DynamicMessage.java:523)
	at jepsen.coord.proto$watch_req.invokeStatic(proto.clj:347)
	at jepsen.coord.proto$watch_req.invoke(proto.clj:342)
	at jepsen.coord.proto$open_watch.invokeStatic(proto.clj:412)
	at jepsen.coord.proto$open_watch.invoke(proto.clj:403)
	at jepsen.coord.proto$open_watch.invokeStatic(proto.clj:410)
	at jepsen.coord.proto$open_watch.invoke(proto.clj:403)
	at jepsen.coord.client$watch_open_BANG_$fn__540.invoke(client.clj:828)
	at jepsen.coord.client$watch_open_BANG_.invokeStatic(client.clj:827)
	at jepsen.coord.client$watch_open_BANG_.invoke(client.clj:808)
	at jepsen.coord.client$watch_until_BANG_.invokeStatic(client.clj:852)
	at jepsen.coord.client$watch_until_BANG_.invoke(client.clj:846)
	at jepsen.coord.client$invoke_watch_session.invokeStatic(client.clj:900)
	at jepsen.coord.client$invoke_watch_session.invoke(client.clj:877)
	at jepsen.coord.client$invoke_coord_BANG_$attempt__561.invoke(client.clj:944)
	at jepsen.coord.client$invoke_coord_BANG_.invokeStatic(client.clj:955)
	at jepsen.coord.client$invoke_coord_BANG_.invoke(client.clj:930)
	at jepsen.coord.client.CoordClient.invoke_BANG_(client.clj:1014)
	at jepsen.client.Validate.invoke_BANG_(client.clj:87)
	at jepsen.generator.interpreter.ClientWorker.invoke_BANG_(interpreter.clj:74)
	at jepsen.generator.interpreter$spawn_worker$fn__16151$fn__16152.invoke(interpreter.clj:149)
	at jepsen.generator.interpreter$spawn_worker$fn__16151.invoke(interpreter.clj:132)
	at clojure.core$binding_conveyor_fn$fn__5844.invoke(core.clj:2051)
	at clojure.lang.AFn.call(AFn.java:18)
	at java.base/java.util.concurrent.FutureTask.run(FutureTask.java:328)
	at java.base/java.util.concurrent.ThreadPoolExecutor.runWorker(ThreadPoolExecutor.java:1090)
	at java.base/java.util.concurrent.ThreadPoolExecutor$Worker.run(ThreadPoolExecutor.java:614)
	at java.base/java.lang.Thread.run(Thread.java:1474)
2026-09-17 11:14:57,730{GMT}	INFO	[jepsen worker 4] jepsen.print: 79	:ok	:write	"vs618073226-259-"
2026-09-17 11:14:58,254{GMT}	INFO	[jepsen worker 0] jepsen.print: 150	:invoke	:watch-session	{:key "/jepsen/watch/s618073226", :start-revision :last, :prev-kv? false, :window-ms nil, :max-events nil, :resumes nil}
2026-09-17 11:14:58,255{GMT}	INFO	[jepsen worker 0] jepsen.coord.client: Opening coord client on n1
2026-09-17 11:14:58,262{GMT}	INFO	[jepsen worker 1] jepsen.print: 106	:invoke	:write	"vs618073226-261-"
2026-09-17 11:14:58,263{GMT}	INFO	[jepsen worker 1] jepsen.coord.client: Opening coord client on n2
2026-09-17 11:14:58,402{GMT}	INFO	[jepsen worker 2] jepsen.print: 107	:invoke	:watch-session	{:key "/jepsen/watch/s618073226", :start-revision :last, :prev-kv? true, :window-ms nil, :max-events nil, :resumes nil}
2026-09-17 11:14:58,403{GMT}	INFO	[jepsen worker 2] jepsen.coord.client: Opening coord client on n3
2026-09-17 11:14:58,442{GMT}	INFO	[jepsen worker 3] jepsen.print: 88	:invoke	:watch-session	{:key "/jepsen/watch/s618073226", :start-revision 0, :prev-kv? false, :window-ms nil, :max-events nil, :resumes nil}
2026-09-17 11:14:58,442{GMT}	INFO	[jepsen worker 3] jepsen.coord.client: Opening coord client on n1
2026-09-17 11:14:58,480{GMT}	INFO	[jepsen worker 4] jepsen.print: 79	:invoke	:write	"vs618073226-263-"
2026-09-17 11:14:58,500{GMT}	WARN	[jepsen worker 0] jepsen.generator.interpreter: Process 150 crashed
java.lang.IllegalArgumentException: Wrong object type used with protocol message reflection.
Field number: 1, field java type: MESSAGE, value type: clojure.lang.PersistentArrayMap

	at com.google.protobuf.FieldSet$Builder.verifyType(FieldSet.java:1232)
	at com.google.protobuf.FieldSet$Builder.setField(FieldSet.java:1099)
	at com.google.protobuf.DynamicMessage$Builder.setField(DynamicMessage.java:523)
	at jepsen.coord.proto$watch_req.invokeStatic(proto.clj:347)
	at jepsen.coord.proto$watch_req.invoke(proto.clj:342)
	at jepsen.coord.proto$open_watch.invokeStatic(proto.clj:412)
	at jepsen.coord.proto$open_watch.invoke(proto.clj:403)
	at jepsen.coord.proto$open_watch.invokeStatic(proto.clj:410)
	at jepsen.coord.proto$open_watch.invoke(proto.clj:403)
	at jepsen.coord.client$watch_open_BANG_$fn__540.invoke(client.clj:828)
	at jepsen.coord.client$watch_open_BANG_.invokeStatic(client.clj:827)
	at jepsen.coord.client$watch_open_BANG_.invoke(client.clj:808)
	at jepsen.coord.client$watch_until_BANG_.invokeStatic(client.clj:852)
	at jepsen.coord.client$watch_until_BANG_.invoke(client.clj:846)
	at jepsen.coord.client$invoke_watch_session.invokeStatic(client.clj:900)
	at jepsen.coord.client$invoke_watch_session.invoke(client.clj:877)
	at jepsen.coord.client$invoke_coord_BANG_$attempt__561.invoke(client.clj:944)
	at jepsen.coord.client$invoke_coord_BANG_.invokeStatic(client.clj:955)
	at jepsen.coord.client$invoke_coord_BANG_.invoke(client.clj:930)
	at jepsen.coord.client.CoordClient.invoke_BANG_(client.clj:1014)
	at jepsen.client.Validate.invoke_BANG_(client.clj:87)
	at jepsen.generator.interpreter.ClientWorker.invoke_BANG_(interpreter.clj:74)
	at jepsen.generator.interpreter$spawn_worker$fn__16151$fn__16152.invoke(interpreter.clj:149)
	at jepsen.generator.interpreter$spawn_worker$fn__16151.invoke(interpreter.clj:132)
	at clojure.core$binding_conveyor_fn$fn__5844.invoke(core.clj:2051)
	at clojure.lang.AFn.call(AFn.java:18)
	at java.base/java.util.concurrent.FutureTask.run(FutureTask.java:328)
	at java.base/java.util.concurrent.ThreadPoolExecutor.runWorker(ThreadPoolExecutor.java:1090)
	at java.base/java.util.concurrent.ThreadPoolExecutor$Worker.run(ThreadPoolExecutor.java:614)
	at java.base/java.lang.Thread.run(Thread.java:1474)
2026-09-17 11:14:58,527{GMT}	INFO	[jepsen worker 4] jepsen.print: 79	:ok	:write	"vs618073226-263-"
2026-09-17 11:14:58,569{GMT}	INFO	[jepsen worker 4] jepsen.print: 79	:invoke	:write	"vs618073226-265-"
2026-09-17 11:14:58,636{GMT}	INFO	[jepsen worker 1] jepsen.print: 106	:ok	:write	"vs618073226-261-"
2026-09-17 11:14:58,661{GMT}	INFO	[jepsen worker 4] jepsen.print: 79	:ok	:write	"vs618073226-265-"
2026-09-17 11:14:58,711{GMT}	WARN	[jepsen worker 3] jepsen.generator.interpreter: Process 88 crashed
java.lang.IllegalArgumentException: Wrong object type used with protocol message reflection.
Field number: 1, field java type: MESSAGE, value type: clojure.lang.PersistentArrayMap

	at com.google.protobuf.FieldSet$Builder.verifyType(FieldSet.java:1232)
	at com.google.protobuf.FieldSet$Builder.setField(FieldSet.java:1099)
	at com.google.protobuf.DynamicMessage$Builder.setField(DynamicMessage.java:523)
	at jepsen.coord.proto$watch_req.invokeStatic(proto.clj:347)
	at jepsen.coord.proto$watch_req.invoke(proto.clj:342)
	at jepsen.coord.proto$open_watch.invokeStatic(proto.clj:412)
	at jepsen.coord.proto$open_watch.invoke(proto.clj:403)
	at jepsen.coord.proto$open_watch.invokeStatic(proto.clj:410)
	at jepsen.coord.proto$open_watch.invoke(proto.clj:403)
	at jepsen.coord.client$watch_open_BANG_$fn__540.invoke(client.clj:828)
	at jepsen.coord.client$watch_open_BANG_.invokeStatic(client.clj:827)
	at jepsen.coord.client$watch_open_BANG_.invoke(client.clj:808)
	at jepsen.coord.client$watch_until_BANG_.invokeStatic(client.clj:852)
	at jepsen.coord.client$watch_until_BANG_.invoke(client.clj:846)
	at jepsen.coord.client$invoke_watch_session.invokeStatic(client.clj:900)
	at jepsen.coord.client$invoke_watch_session.invoke(client.clj:877)
	at jepsen.coord.client$invoke_coord_BANG_$attempt__561.invoke(client.clj:944)
	at jepsen.coord.client$invoke_coord_BANG_.invokeStatic(client.clj:955)
	at jepsen.coord.client$invoke_coord_BANG_.invoke(client.clj:930)
	at jepsen.coord.client.CoordClient.invoke_BANG_(client.clj:1014)
	at jepsen.client.Validate.invoke_BANG_(client.clj:87)
	at jepsen.generator.interpreter.ClientWorker.invoke_BANG_(interpreter.clj:74)
	at jepsen.generator.interpreter$spawn_worker$fn__16151$fn__16152.invoke(interpreter.clj:149)
	at jepsen.generator.interpreter$spawn_worker$fn__16151.invoke(interpreter.clj:132)
	at clojure.core$binding_conveyor_fn$fn__5844.invoke(core.clj:2051)
	at clojure.lang.AFn.call(AFn.java:18)
	at java.base/java.util.concurrent.FutureTask.run(FutureTask.java:328)
	at java.base/java.util.concurrent.ThreadPoolExecutor.runWorker(ThreadPoolExecutor.java:1090)
	at java.base/java.util.concurrent.ThreadPoolExecutor$Worker.run(ThreadPoolExecutor.java:614)
	at java.base/java.lang.Thread.run(Thread.java:1474)
2026-09-17 11:14:58,711{GMT}	WARN	[jepsen worker 2] jepsen.generator.interpreter: Process 107 crashed
java.lang.IllegalArgumentException: Wrong object type used with protocol message reflection.
Field number: 1, field java type: MESSAGE, value type: clojure.lang.PersistentArrayMap

	at com.google.protobuf.FieldSet$Builder.verifyType(FieldSet.java:1232)
	at com.google.protobuf.FieldSet$Builder.setField(FieldSet.java:1099)
	at com.google.protobuf.DynamicMessage$Builder.setField(DynamicMessage.java:523)
	at jepsen.coord.proto$watch_req.invokeStatic(proto.clj:347)
	at jepsen.coord.proto$watch_req.invoke(proto.clj:342)
	at jepsen.coord.proto$open_watch.invokeStatic(proto.clj:412)
	at jepsen.coord.proto$open_watch.invoke(proto.clj:403)
	at jepsen.coord.proto$open_watch.invokeStatic(proto.clj:410)
	at jepsen.coord.proto$open_watch.invoke(proto.clj:403)
	at jepsen.coord.client$watch_open_BANG_$fn__540.invoke(client.clj:828)
	at jepsen.coord.client$watch_open_BANG_.invokeStatic(client.clj:827)
	at jepsen.coord.client$watch_open_BANG_.invoke(client.clj:808)
	at jepsen.coord.client$watch_until_BANG_.invokeStatic(client.clj:852)
	at jepsen.coord.client$watch_until_BANG_.invoke(client.clj:846)
	at jepsen.coord.client$invoke_watch_session.invokeStatic(client.clj:900)
	at jepsen.coord.client$invoke_watch_session.invoke(client.clj:877)
	at jepsen.coord.client$invoke_coord_BANG_$attempt__561.invoke(client.clj:944)
	at jepsen.coord.client$invoke_coord_BANG_.invokeStatic(client.clj:955)
	at jepsen.coord.client$invoke_coord_BANG_.invoke(client.clj:930)
	at jepsen.coord.client.CoordClient.invoke_BANG_(client.clj:1014)
	at jepsen.client.Validate.invoke_BANG_(client.clj:87)
	at jepsen.generator.interpreter.ClientWorker.invoke_BANG_(interpreter.clj:74)
	at jepsen.generator.interpreter$spawn_worker$fn__16151$fn__16152.invoke(interpreter.clj:149)
	at jepsen.generator.interpreter$spawn_worker$fn__16151.invoke(interpreter.clj:132)
	at clojure.core$binding_conveyor_fn$fn__5844.invoke(core.clj:2051)
	at clojure.lang.AFn.call(AFn.java:18)
	at java.base/java.util.concurrent.FutureTask.run(FutureTask.java:328)
	at java.base/java.util.concurrent.ThreadPoolExecutor.runWorker(ThreadPoolExecutor.java:1090)
	at java.base/java.util.concurrent.ThreadPoolExecutor$Worker.run(ThreadPoolExecutor.java:614)
	at java.base/java.lang.Thread.run(Thread.java:1474)
2026-09-17 11:14:58,829{GMT}	INFO	[jepsen worker 0] jepsen.print: 155	:invoke	:watch-session	{:key "/jepsen/watch/s618073226", :start-revision 0, :prev-kv? true, :window-ms nil, :max-events nil, :resumes nil}
2026-09-17 11:14:58,830{GMT}	INFO	[jepsen worker 0] jepsen.coord.client: Opening coord client on n1
2026-09-17 11:14:59,001{GMT}	WARN	[jepsen worker 0] jepsen.generator.interpreter: Process 155 crashed
java.lang.IllegalArgumentException: Wrong object type used with protocol message reflection.
Field number: 1, field java type: MESSAGE, value type: clojure.lang.PersistentArrayMap

	at com.google.protobuf.FieldSet$Builder.verifyType(FieldSet.java:1232)
	at com.google.protobuf.FieldSet$Builder.setField(FieldSet.java:1099)
	at com.google.protobuf.DynamicMessage$Builder.setField(DynamicMessage.java:523)
	at jepsen.coord.proto$watch_req.invokeStatic(proto.clj:347)
	at jepsen.coord.proto$watch_req.invoke(proto.clj:342)
	at jepsen.coord.proto$open_watch.invokeStatic(proto.clj:412)
	at jepsen.coord.proto$open_watch.invoke(proto.clj:403)
	at jepsen.coord.proto$open_watch.invokeStatic(proto.clj:410)
	at jepsen.coord.proto$open_watch.invoke(proto.clj:403)
	at jepsen.coord.client$watch_open_BANG_$fn__540.invoke(client.clj:828)
	at jepsen.coord.client$watch_open_BANG_.invokeStatic(client.clj:827)
	at jepsen.coord.client$watch_open_BANG_.invoke(client.clj:808)
	at jepsen.coord.client$watch_until_BANG_.invokeStatic(client.clj:852)
	at jepsen.coord.client$watch_until_BANG_.invoke(client.clj:846)
	at jepsen.coord.client$invoke_watch_session.invokeStatic(client.clj:900)
	at jepsen.coord.client$invoke_watch_session.invoke(client.clj:877)
	at jepsen.coord.client$invoke_coord_BANG_$attempt__561.invoke(client.clj:944)
	at jepsen.coord.client$invoke_coord_BANG_.invokeStatic(client.clj:955)
	at jepsen.coord.client$invoke_coord_BANG_.invoke(client.clj:930)
	at jepsen.coord.client.CoordClient.invoke_BANG_(client.clj:1014)
	at jepsen.client.Validate.invoke_BANG_(client.clj:87)
	at jepsen.generator.interpreter.ClientWorker.invoke_BANG_(interpreter.clj:74)
	at jepsen.generator.interpreter$spawn_worker$fn__16151$fn__16152.invoke(interpreter.clj:149)
	at jepsen.generator.interpreter$spawn_worker$fn__16151.invoke(interpreter.clj:132)
	at clojure.core$binding_conveyor_fn$fn__5844.invoke(core.clj:2051)
	at clojure.lang.AFn.call(AFn.java:18)
	at java.base/java.util.concurrent.FutureTask.run(FutureTask.java:328)
	at java.base/java.util.concurrent.ThreadPoolExecutor.runWorker(ThreadPoolExecutor.java:1090)
	at java.base/java.util.concurrent.ThreadPoolExecutor$Worker.run(ThreadPoolExecutor.java:614)
	at java.base/java.lang.Thread.run(Thread.java:1474)
2026-09-17 11:14:59,269{GMT}	INFO	[jepsen worker 0] jepsen.print: 160	:invoke	:watch-session	{:key "/jepsen/watch/s618073226", :start-revision 0, :prev-kv? true, :window-ms nil, :max-events nil, :resumes nil}
2026-09-17 11:14:59,269{GMT}	INFO	[jepsen worker 0] jepsen.coord.client: Opening coord client on n1
2026-09-17 11:14:59,405{GMT}	WARN	[jepsen worker 0] jepsen.generator.interpreter: Process 160 crashed
java.lang.IllegalArgumentException: Wrong object type used with protocol message reflection.
Field number: 1, field java type: MESSAGE, value type: clojure.lang.PersistentArrayMap

	at com.google.protobuf.FieldSet$Builder.verifyType(FieldSet.java:1232)
	at com.google.protobuf.FieldSet$Builder.setField(FieldSet.java:1099)
	at com.google.protobuf.DynamicMessage$Builder.setField(DynamicMessage.java:523)
	at jepsen.coord.proto$watch_req.invokeStatic(proto.clj:347)
	at jepsen.coord.proto$watch_req.invoke(proto.clj:342)
	at jepsen.coord.proto$open_watch.invokeStatic(proto.clj:412)
	at jepsen.coord.proto$open_watch.invoke(proto.clj:403)
	at jepsen.coord.proto$open_watch.invokeStatic(proto.clj:410)
	at jepsen.coord.proto$open_watch.invoke(proto.clj:403)
	at jepsen.coord.client$watch_open_BANG_$fn__540.invoke(client.clj:828)
	at jepsen.coord.client$watch_open_BANG_.invokeStatic(client.clj:827)
	at jepsen.coord.client$watch_open_BANG_.invoke(client.clj:808)
	at jepsen.coord.client$watch_until_BANG_.invokeStatic(client.clj:852)
	at jepsen.coord.client$watch_until_BANG_.invoke(client.clj:846)
	at jepsen.coord.client$invoke_watch_session.invokeStatic(client.clj:900)
	at jepsen.coord.client$invoke_watch_session.invoke(client.clj:877)
	at jepsen.coord.client$invoke_coord_BANG_$attempt__561.invoke(client.clj:944)
	at jepsen.coord.client$invoke_coord_BANG_.invokeStatic(client.clj:955)
	at jepsen.coord.client$invoke_coord_BANG_.invoke(client.clj:930)
	at jepsen.coord.client.CoordClient.invoke_BANG_(client.clj:1014)
	at jepsen.client.Validate.invoke_BANG_(client.clj:87)
	at jepsen.generator.interpreter.ClientWorker.invoke_BANG_(interpreter.clj:74)
	at jepsen.generator.interpreter$spawn_worker$fn__16151$fn__16152.invoke(interpreter.clj:149)
	at jepsen.generator.interpreter$spawn_worker$fn__16151.invoke(interpreter.clj:132)
	at clojure.core$binding_conveyor_fn$fn__5844.invoke(core.clj:2051)
	at clojure.lang.AFn.call(AFn.java:18)
	at java.base/java.util.concurrent.FutureTask.run(FutureTask.java:328)
	at java.base/java.util.concurrent.ThreadPoolExecutor.runWorker(ThreadPoolExecutor.java:1090)
	at java.base/java.util.concurrent.ThreadPoolExecutor$Worker.run(ThreadPoolExecutor.java:614)
	at java.base/java.lang.Thread.run(Thread.java:1474)
2026-09-17 11:14:59,602{GMT}	INFO	[jepsen worker 1] jepsen.print: 106	:invoke	:write	"vs618073226-268-"
2026-09-17 11:14:59,707{GMT}	INFO	[jepsen worker 1] jepsen.print: 106	:ok	:write	"vs618073226-268-"
2026-09-17 11:14:59,722{GMT}	INFO	[jepsen worker 2] jepsen.print: 112	:invoke	:write	"vs618073226-271-"
2026-09-17 11:14:59,722{GMT}	INFO	[jepsen worker 2] jepsen.coord.client: Opening coord client on n3
2026-09-17 11:14:59,910{GMT}	INFO	[jepsen worker 2] jepsen.print: 112	:ok	:write	"vs618073226-271-"
2026-09-17 11:15:00,718{GMT}	INFO	[jepsen worker nemesis] jepsen.print: :nemesis	:info	:stop	nil
2026-09-17 11:15:00,718{GMT}	INFO	[jepsen worker nemesis] jepsen.print: :nemesis	:info	:stop	:not-started
2026-09-17 11:15:00,719{GMT}	INFO	[jepsen worker 4] jepsen.generator.interpreter: recovery: letting cluster converge
2026-09-17 11:15:30,735{GMT}	INFO	[jepsen node n1] jepsen.coord.client: Opening coord client on n1
2026-09-17 11:15:30,735{GMT}	INFO	[jepsen node n3] jepsen.coord.client: Opening coord client on n3
2026-09-17 11:15:30,735{GMT}	INFO	[jepsen node n2] jepsen.coord.client: Opening coord client on n2
2026-09-17 11:15:31,011{GMT}	INFO	[jepsen test runner] jepsen.core: Run complete, writing
2026-09-17 11:15:31,091{GMT}	INFO	[jepsen test runner] jepsen.core: Snarfing log files
2026-09-17 11:15:31,092{GMT}	INFO	[jepsen node n2] jepsen.coord.db: Killing coord on n2
2026-09-17 11:15:31,092{GMT}	INFO	[jepsen node n3] jepsen.coord.db: Killing coord on n3
2026-09-17 11:15:31,092{GMT}	INFO	[jepsen node n1] jepsen.coord.db: Killing coord on n1
2026-09-17 11:15:31,148{GMT}	INFO	[jepsen node n1] jepsen.core: downloading /var/log/coord.log to coord.log
2026-09-17 11:15:31,148{GMT}	INFO	[jepsen node n3] jepsen.core: downloading /var/log/coord.log to coord.log
2026-09-17 11:15:31,150{GMT}	INFO	[jepsen node n2] jepsen.core: downloading /var/log/coord.log to coord.log
2026-09-17 11:15:31,315{GMT}	INFO	[jepsen node n1] jepsen.coord.db: Tearing down coord on n1
2026-09-17 11:15:31,315{GMT}	INFO	[jepsen node n2] jepsen.coord.db: Tearing down coord on n2
2026-09-17 11:15:31,315{GMT}	INFO	[jepsen node n3] jepsen.coord.db: Tearing down coord on n3
2026-09-17 11:15:32,931{GMT}	INFO	[jepsen test runner] jepsen.core: Analyzing...
2026-09-17 11:15:32,946{GMT}	INFO	[clojure-agent-send-off-pool-3] jepsen.coord.watchck: watch checker: {:semantics :overflow-marker, :events 0, :resumes 0, :violations-by-class {}, :min-events 200, :markers 0, :sessions-with-events 0, :sessions 107, :failures (), :writes-ok 89, :stream-errors 0}
2026-09-17 11:15:33,075{GMT}	INFO	[jepsen test runner] jepsen.core: Analysis complete
2026-09-17 11:15:33,082{GMT}	INFO	[jepsen results] jepsen.store: Wrote /opt/coord/jepsen/store/coord/2026-09-17T11:13:50.028055821Z/results.edn
2026-09-17 11:15:33,206{GMT}	INFO	[jepsen test runner] jepsen.core: {:linear {:valid? false,
          :watch {:semantics :overflow-marker,
                  :events 0,
                  :resumes 0,
                  :violations-by-class {},
                  :min-events 200,
                  :markers 0,
                  :sessions-with-events 0,
                  :sessions 107,
                  :writes-ok 89,
                  :stream-errors 0},
          :failures [{:type :insufficient-sample,
                      :events 0,
                      :required 200,
                      :note "watch 事件样本不足：该 cell 视为未执行（§5.1），不得判绿"}]},
 :gates {:valid? false,
         :gates {:premise {:valid? true,
                           :writes 91,
                           :duplicate-value-count 0,
                           :duplicate-values {}},
                 :availability {:min-ratio 0.95,
                                :min-sample 100,
                                :windows 5,
                                :judged 0,
                                :skipped-small-sample 5,
                                :worst-window nil,
                                :violations []},
                 :rto {:budget-seconds 120,
                       :n 5,
                       :p95 0.3971474496,
                       :max 0.407983121,
                       :samples [0.094659227
                                 0.346283706
                                 0.132347383
                                 0.353804764
                                 0.407983121],
                       :unrecovered 0,
                       :not-measured 0,
                       :details [{:disruption {:start 6420994027,
                                               :end 11499675362},
                                  :measurable? true,
                                  :first-ok-after 11594334589,
                                  :seconds 0.094659227}
                                 {:disruption {:start 17231432401,
                                               :end 22064083905},
                                  :measurable? true,
                                  :first-ok-after 22410367611,
                                  :seconds 0.346283706}
                                 {:disruption {:start 28332390699,
                                               :end 32267853894},
                                  :measurable? true,
                                  :first-ok-after 32400201277,
                                  :seconds 0.132347383}
                                 {:disruption {:start 36783232459,
                                               :end 41973825368},
                                  :measurable? true,
                                  :first-ok-after 42327630132,
                                  :seconds 0.353804764}
                                 {:disruption {:start 49069122552,
                                               :end 55268692621},
                                  :measurable? true,
                                  :first-ok-after 55676675742,
                                  :seconds 0.407983121}]},
                 :liveness {:min-ok-ratio 0.1,
                            :min-sample 10,
                            :ops 2,
                            :judged 2,
                            :skipped-small-sample 0,
                            :ok-ratio 0.4494949494949495,
                            :by-op {:write {:total 91,
                                            :ok 89,
                                            :info 2,
                                            :fail 0,
                                            :legit-fail 0,
                                            :judged 91,
                                            :errors {:unavailable-maybe-applied 2}},
                                    :watch-session {:total 107,
                                                    :ok 0,
                                                    :info 107,
                                                    :fail 0,
                                                    :legit-fail 0,
                                                    :judged 107,
                                                    :errors {"indeterminate: Wrong object type used with protocol message reflection.\nField number: 1, field java type: MESSAGE, value type: clojure.lang.PersistentArrayMap\n" 107}}},
                            :violations [{:errors {"indeterminate: Wrong object type used with protocol message reflection.\nField number: 1, field java type: MESSAGE, value type: clojure.lang.PersistentArrayMap\n" 107},
                                          :legit-fail 0,
                                          :total 107,
                                          :fail 0,
                                          :judged 107,
                                          :ratio 0.0,
                                          :ok 0,
                                          :info 107,
                                          :f :watch-session}]}},
         :failures [{:type :op-liveness,
                     :min-ok-ratio 0.1,
                     :violations [{:errors {"indeterminate: Wrong object type used with protocol message reflection.\nField number: 1, field java type: MESSAGE, value type: clojure.lang.PersistentArrayMap\n" 107},
                                   :legit-fail 0,
                                   :total 107,
                                   :fail 0,
                                   :judged 107,
                                   :ratio 0.0,
                                   :ok 0,
                                   :info 107,
                                   :f :watch-session}],
                     :note "有 op 类几乎从不成功：该路径没真的跑（F-13 类假绿）"}]},
 :perf {:latency-graph {:valid? true},
        :rate-graph {:valid? true},
        :valid? true},
 :valid? false}


Analysis invalid! (ﾉಥ益ಥ）ﾉ ┻━┻
