2026-09-21 14:57:25,773{GMT}	INFO	[jepsen test runner] jepsen.core: Test version 8b652909aedfe0098164e2bd65a0cc7d74e7ab81 (plus uncommitted changes)
2026-09-21 14:57:25,774{GMT}	INFO	[jepsen test runner] jepsen.core: Command line:
lein run test --nodes-file /root/nodes --username root --ssh-private-key /root/.ssh/id_ed25519 --workload mq --nemesis none --time-limit 60 --concurrency 1n --agents 1
2026-09-21 14:57:25,818{GMT}	INFO	[jepsen test runner] jepsen.core: Running test:
{:cache-ttl-seconds nil
 :remote
 #jepsen.control.retry.Remote{:remote #jepsen.control.scp.Remote{:cmd-remote #jepsen.control.sshj.SSHJRemote{:concurrency-limit 6,
                                                                                                             :conn-spec nil,
                                                                                                             :client nil,
                                                                                                             :semaphore nil},
                                                                 :conn-spec nil},
                              :conn nil}
 :idem-replay-delay-ms 0
 :agent-plan
 {:tunnel-base 32052,
  :root-password "66c57bb56bce306f484344e4a8650836",
  :coord-dir "/opt/coord",
  :hosts ["n4"],
  :peers ["172.19.0.2:50051" "172.19.0.4:50051" "172.19.0.6:50051"],
  :idgen-node-ids [],
  :provisioner-prefix "coord-agent-jepsen",
  :bootstrap-token "jepsen-agent-bootstrap-token-0123456789abcdef",
  :auth-root-key "820662a9f85924333d6d466714bc51734b251e73b827a394e1978e36d2429bfc",
  :count 1,
  :agent-verifying-key "d0c6d1ff5fd200db97c05ffeb873340adb89a7a6de7f421f6d27db58050eedd4",
  :coord-bin "/root/coord-test/coord",
  :services #{:idgen :registry :mq :leader-election :lock}}
 :ssh-private-key "/root/.ssh/id_ed25519"
 :idem-min-replay-attempts nil
 :lock-grace-ms nil
 :election-ttl-seconds nil
 :watch-min-events nil
 :concurrency 5
 :lease-ttl-seconds nil
 :soak-disrupt 600
 :idgen-min-regressions nil
 :db
 #jepsen.coord.db.CoordDB{:cluster-name "jepsen-coord",
                          :pidfile-prefix "/var/run/coord-",
                          :root-password "66c57bb56bce306f484344e4a8650836",
                          :coord-dir "/opt/coord",
                          :config-dir "/etc/coord",
                          :logfile "/var/log/coord.log",
                          :agent-bootstrap-token "jepsen-agent-bootstrap-token-0123456789abcdef",
                          :regions nil,
                          :agent-peers ["172.19.0.2:50051"
                                        "172.19.0.4:50051"
                                        "172.19.0.6:50051"],
                          :data-dir "/var/lib/coord",
                          :nodes ["n1" "n2" "n3"],
                          :auth-root-key "820662a9f85924333d6d466714bc51734b251e73b827a394e1978e36d2429bfc",
                          :raft-secret "93edf94d2860fec54bc59278a804cb1bbd2d0a7243e4f39d667d66966d9844d1",
                          :agents 1,
                          :coord-bin "/root/coord-test/coord"}
 :leave-db-running? false
 :agent-idgen-node-ids nil
 :via-agent false
 :cache-min-list-ops nil
 :name "coord"
 :registry-ttl-seconds nil
 :logging-json? false
 :mixture-ratio nil
 :start-time
 #object[java.time.OffsetDateTime "0x59da32ad" "2026-09-21T14:57:25.750750534Z"]
 :regions nil
 :lease-min-grants nil
 :map-keys nil
 :net
 #object[jepsen.net$iptables_with_dev$reify__15623
         "0x28446b06"
         "jepsen.net$iptables_with_dev$reify__15623@28446b06"]
 :election-hold-ms nil
 :client
 #object[jepsen.coord$with_agent$reify__4814
         "0x2cf7860e"
         "jepsen.coord$with_agent$reify__4814@2cf7860e"]
 :lease-revoke-ttl-seconds nil
 :barrier
 #object[java.util.concurrent.CyclicBarrier
         "0x439b893a"
         "java.util.concurrent.CyclicBarrier@439b893a"]
 :agent-peers ["172.19.0.2:50051" "172.19.0.4:50051" "172.19.0.6:50051"]
 :agent-services #{:idgen :registry :mq :leader-election :lock}
 :ssh
 {:dummy? false,
  :username "root",
  :password "root",
  :strict-host-key-checking false,
  :private-key-path "/root/.ssh/id_ed25519"}
 :lease-tolerance-ms nil
 :rate nil
 :map-min-deletes nil
 :seed 483690286
 :mq-topic "jepsen-mq-s483690286"
 :cache-min-set-ops nil
 :lock-ttl-seconds nil
 :checker
 #jepsen.checker.Compose{:checkers {:linear #object[jepsen.coord.mqck$checker$reify__4101
                                                    "0x4b5c84be"
                                                    "jepsen.coord.mqck$checker$reify__4101@4b5c84be"],
                                    :gates #object[jepsen.coord.gates$checker$reify__2287
                                                   "0x404bca88"
                                                   "jepsen.coord.gates$checker$reify__2287@404bca88"],
                                    :perf #jepsen.checker.Compose{:checkers {:latency-graph #jepsen.checker.LatencyGraph{:opts {}},
                                                                             :rate-graph #jepsen.checker.RateGraph{:opts {}}}}}}
 :lease-min-expiries nil
 :cache-min-sets nil
 :mq-min-polls nil
 :argv
 ("test"
  "--nodes-file"
  "/root/nodes"
  "--username"
  "root"
  "--ssh-private-key"
  "/root/.ssh/id_ed25519"
  "--workload"
  "mq"
  "--nemesis"
  "none"
  "--time-limit"
  "60"
  "--concurrency"
  "1n"
  "--agents"
  "1")
 :nemesis #unprintable "jepsen.nemesis$reify__15746@509cf379"
 :watch-resumes nil
 :mq-consumer-group nil
 :lease-grace-ms nil
 :soak-mix nil
 :mq-expect-idem-dedupe false
 :nodes ["n1" "n2" "n3"]
 :test-count 1
 :no-jitter false
 :election-min-campaigns nil
 :registry-min-cycles nil
 :lock-min-acquires nil
 :idgen-min-ids nil
 :cache-min-gets nil
 :generator
 #object[jepsen.util.Forgettable
         "0x1f6865ca"
         ((jepsen.generator.Synchronize
           {:gen (jepsen.generator.TimeLimit
                  {:limit 60000000000,
                   :cutoff nil,
                   :gen (jepsen.generator.Stagger
                         {:dt-fn #object[jepsen.generator$stagger_exp$dt_fn__6799
                                         "0x6011176f"
                                         "jepsen.generator$stagger_exp$dt_fn__6799@6011176f"],
                          :next-time nil,
                          :gen (jepsen.generator.OnThreads
                                {:f #jepsen.generator.context.AllBut{:element :nemesis},
                                 :context-filter #object[jepsen.generator.context$make_thread_filter$lazy_filter__5865
                                                         "0x655c1b"
                                                         "jepsen.generator.context$make_thread_filter$lazy_filter__5865@655c1b"],
                                 :gen (jepsen.generator.Mix
                                       {:i 0,
                                        :gens [(jepsen.generator.Mix
                                                {:i 1,
                                                 :gens [#object[jepsen.coord$mq_gen$pub__4563
                                                                "0x48d44acf"
                                                                "jepsen.coord$mq_gen$pub__4563@48d44acf"]
                                                        #object[jepsen.coord$mq_gen$pub__4563
                                                                "0x48d44acf"
                                                                "jepsen.coord$mq_gen$pub__4563@48d44acf"]
                                                        #object[jepsen.coord$mq_gen$pub__4563
                                                                "0x48d44acf"
                                                                "jepsen.coord$mq_gen$pub__4563@48d44acf"]
                                                        #object[jepsen.coord$mq_gen$poll__4565
                                                                "0x21304869"
                                                                "jepsen.coord$mq_gen$poll__4565@21304869"]
                                                        #object[jepsen.coord$mq_gen$poll__4565
                                                                "0x21304869"
                                                                "jepsen.coord$mq_gen$poll__4565@21304869"]]})]})})})})})
          (jepsen.generator.Synchronize
           {:gen {:type :log, :value "recovery: letting cluster converge"}})
          (jepsen.generator.Synchronize {:gen {:type :sleep, :value 30}}))]
 :lock-deadline-ms nil
 :min-op-ok-ratio nil
 :soak-max-rto-seconds nil
 :idem-replay-node-offset 0
 :lease-keepalive-ms nil
 :min-op-sample nil
 :os
 #object[jepsen.os$reify__16045 "0x49f2994f" "jepsen.os$reify__16045@49f2994f"]
 :time-limit 60
 :quiet-availability-min nil
 :soak-quiet 1800
 :value-size nil
 :cache-ttl-grace-ms nil
 :agent-verifying-key nil
 :quiet-min-sample nil
 :watch-window-ms nil
 :workload :mq
 :registry-grace-ms nil
 :agents 1
 :watch-max-events nil
 :mq-min-publishes nil
 :watch-semantics nil
 :lock-hold-ms nil}

2026-09-21 14:57:27,197{GMT}	INFO	[jepsen test runner] jepsen.db: Tearing down DB
2026-09-21 14:57:27,198{GMT}	INFO	[jepsen node n2] jepsen.coord.db: Tearing down coord on n2
2026-09-21 14:57:27,198{GMT}	INFO	[jepsen node n1] jepsen.coord.db: Tearing down coord on n1
2026-09-21 14:57:27,198{GMT}	INFO	[jepsen node n3] jepsen.coord.db: Tearing down coord on n3
2026-09-21 14:57:28,979{GMT}	INFO	[jepsen test runner] jepsen.db: Setting up DB
2026-09-21 14:57:28,980{GMT}	INFO	[jepsen node n3] jepsen.coord.db: Setting up coord on n3
2026-09-21 14:57:28,980{GMT}	INFO	[jepsen node n2] jepsen.coord.db: Setting up coord on n2
2026-09-21 14:57:28,980{GMT}	INFO	[jepsen node n1] jepsen.coord.db: Setting up coord on n1
2026-09-21 14:57:31,461{GMT}	INFO	[jepsen node n1] jepsen.control.util: Starting coord
2026-09-21 14:57:31,516{GMT}	INFO	[jepsen node n2] jepsen.control.util: Starting coord
2026-09-21 14:57:31,556{GMT}	INFO	[jepsen node n3] jepsen.control.util: Starting coord
2026-09-21 14:57:31,569{GMT}	INFO	[jepsen node n1] jepsen.coord.db: Waiting for coord on n1 to be ready
2026-09-21 14:57:31,621{GMT}	INFO	[jepsen node n2] jepsen.coord.db: Waiting for coord on n2 to be ready
2026-09-21 14:57:31,658{GMT}	INFO	[jepsen node n3] jepsen.coord.db: Waiting for coord on n3 to be ready
2026-09-21 14:57:31,808{GMT}	INFO	[jepsen node n2] jepsen.coord.db: coord n2 is ready
2026-09-21 14:57:31,808{GMT}	INFO	[jepsen node n3] jepsen.coord.db: coord n3 is ready
2026-09-21 14:57:32,250{GMT}	INFO	[jepsen node n1] jepsen.coord.db: coord n1 is ready
2026-09-21 14:57:32,253{GMT}	INFO	[jepsen test runner] jepsen.core: Relative time begins now
2026-09-21 14:57:32,255{GMT}	INFO	[jepsen node n3] jepsen.coord.client: Opening coord client on n3
2026-09-21 14:57:32,255{GMT}	INFO	[jepsen node n2] jepsen.coord.client: Opening coord client on n2
2026-09-21 14:57:32,671{GMT}	INFO	[jepsen node n1] jepsen.coord.agent: coord-agent: agent-bootstrap role granted against 172.19.0.2:50051
2026-09-21 14:57:33,959{GMT}	INFO	[jepsen node n1] jepsen.coord.agent: coord-agent: granted 27 capabilities to role root against 172.19.0.2:50051
2026-09-21 14:57:33,960{GMT}	INFO	[jepsen node n1] jepsen.coord.agent: coord-agent: starting 1 agent(s) on [n4]
2026-09-21 14:57:40,765{GMT}	INFO	[jepsen node n1] jepsen.control.util: Starting coord
2026-09-21 14:57:44,208{GMT}	INFO	[jepsen node n1] jepsen.coord.agent: coord-agent: a 1 on n4 is ready (http + grpc 19527 )
2026-09-21 14:57:45,239{GMT}	INFO	[jepsen node n1] jepsen.coord.agent: coord-agent: tunnel a 1 127.0.0.1: 32053 -> n4 : 19527 (pid 3078039 ) verified end-to-end 
2026-09-21 14:57:45,239{GMT}	INFO	[jepsen node n1] jepsen.coord.agent: coord-agent: all 1 tunnel(s) verified end-to-end
2026-09-21 14:57:45,240{GMT}	INFO	[jepsen node n1] jepsen.coord.client: Opening coord client on n1
2026-09-21 14:57:45,322{GMT}	INFO	[jepsen node n2] jepsen.coord.client: coord client setup: waiting for a successful read (quorum + auth)
2026-09-21 14:57:45,322{GMT}	INFO	[jepsen node n1] jepsen.coord.client: coord client setup: waiting for a successful read (quorum + auth)
2026-09-21 14:57:45,322{GMT}	INFO	[jepsen node n3] jepsen.coord.client: coord client setup: waiting for a successful read (quorum + auth)
2026-09-21 14:57:45,331{GMT}	INFO	[jepsen node n3] jepsen.coord.client: coord cluster is ready
2026-09-21 14:57:45,331{GMT}	INFO	[jepsen node n1] jepsen.coord.client: coord cluster is ready
2026-09-21 14:57:45,338{GMT}	INFO	[jepsen node n1] jepsen.coord.client: coord client: mq topic jepsen-mq-s483690286 create failed: io.grpc.StatusRuntimeException: INTERNAL: internal error
2026-09-21 14:57:45,338{GMT}	INFO	[jepsen node n3] jepsen.coord.client: coord client: mq topic jepsen-mq-s483690286 ready
2026-09-21 14:57:45,371{GMT}	INFO	[jepsen node n2] jepsen.coord.client: coord cluster is ready
2026-09-21 14:57:45,373{GMT}	INFO	[jepsen node n2] jepsen.coord.client: coord client: mq topic jepsen-mq-s483690286 create failed: io.grpc.StatusRuntimeException: INTERNAL: internal error
2026-09-21 14:57:45,394{GMT}	INFO	[jepsen worker 0] jepsen.print: 0	:invoke	:mq-publish	{:topic "jepsen-mq-s483690286", :partition 0, :payload "s483690286-m1", :idempotency-key "s483690286-idem-1", :dup? true}
2026-09-21 14:57:45,395{GMT}	INFO	[jepsen worker 0] jepsen.coord.client: Opening coord client on n1
2026-09-21 14:57:45,448{GMT}	INFO	[jepsen worker 1] jepsen.print: 1	:invoke	:mq-publish	{:topic "jepsen-mq-s483690286", :partition 0, :payload "s483690286-m3", :idempotency-key "s483690286-idem-3", :dup? false}
2026-09-21 14:57:45,448{GMT}	INFO	[jepsen worker 1] jepsen.coord.client: Opening coord client on n2
2026-09-21 14:57:45,503{GMT}	INFO	[jepsen worker 2] jepsen.print: 2	:invoke	:mq-publish	{:topic "jepsen-mq-s483690286", :partition 0, :payload "s483690286-m5", :idempotency-key "s483690286-idem-5", :dup? false}
2026-09-21 14:57:45,504{GMT}	INFO	[jepsen worker 2] jepsen.coord.client: Opening coord client on n3
2026-09-21 14:57:45,560{GMT}	INFO	[jepsen worker 0] jepsen.print: 0	:ok	:mq-publish	{:topic "jepsen-mq-s483690286", :partition 0, :payload "s483690286-m1", :idempotency-key "s483690286-idem-1", :dup? true}
2026-09-21 14:57:45,561{GMT}	INFO	[jepsen worker 1] jepsen.print: 1	:ok	:mq-publish	{:topic "jepsen-mq-s483690286", :partition 0, :payload "s483690286-m3", :idempotency-key "s483690286-idem-3", :dup? false}
2026-09-21 14:57:45,574{GMT}	INFO	[jepsen worker 3] jepsen.print: 3	:invoke	:mq-publish	{:topic "jepsen-mq-s483690286", :partition 0, :payload "s483690286-m9", :idempotency-key "s483690286-idem-9", :dup? true}
2026-09-21 14:57:45,574{GMT}	INFO	[jepsen worker 3] jepsen.coord.client: Opening coord client on n1
2026-09-21 14:57:45,587{GMT}	INFO	[jepsen worker 4] jepsen.print: 4	:invoke	:mq-poll	{:topic "jepsen-mq-s483690286", :partition 0, :consumer-group "cg-s483690286", :max-count 64}
2026-09-21 14:57:45,587{GMT}	INFO	[jepsen worker 4] jepsen.coord.client: Opening coord client on n2
2026-09-21 14:57:45,606{GMT}	INFO	[jepsen worker 2] jepsen.print: 2	:ok	:mq-publish	{:topic "jepsen-mq-s483690286", :partition 0, :payload "s483690286-m5", :idempotency-key "s483690286-idem-5", :dup? false}
2026-09-21 14:57:45,702{GMT}	INFO	[jepsen worker 3] jepsen.print: 3	:ok	:mq-publish	{:topic "jepsen-mq-s483690286", :partition 0, :payload "s483690286-m9", :idempotency-key "s483690286-idem-9", :dup? true}
2026-09-21 14:57:45,747{GMT}	INFO	[jepsen worker 4] jepsen.print: 4	:ok	:mq-poll	{:topic "jepsen-mq-s483690286", :partition 0, :consumer-group "cg-s483690286", :max-count 64}
2026-09-21 14:57:46,105{GMT}	INFO	[jepsen worker 0] jepsen.print: 0	:invoke	:mq-poll	{:topic "jepsen-mq-s483690286", :partition 0, :consumer-group "cg-s483690286", :max-count 64}
2026-09-21 14:57:46,134{GMT}	INFO	[jepsen worker 0] jepsen.print: 0	:ok	:mq-poll	{:topic "jepsen-mq-s483690286", :partition 0, :consumer-group "cg-s483690286", :max-count 64}
2026-09-21 14:57:46,662{GMT}	INFO	[jepsen worker 0] jepsen.print: 0	:invoke	:mq-poll	{:topic "jepsen-mq-s483690286", :partition 0, :consumer-group "cg-s483690286", :max-count 64}
2026-09-21 14:57:46,670{GMT}	INFO	[jepsen worker 0] jepsen.print: 0	:ok	:mq-poll	{:topic "jepsen-mq-s483690286", :partition 0, :consumer-group "cg-s483690286", :max-count 64}
2026-09-21 14:57:46,785{GMT}	INFO	[jepsen worker 1] jepsen.print: 1	:invoke	:mq-publish	{:topic "jepsen-mq-s483690286", :partition 0, :payload "s483690286-m12", :idempotency-key "s483690286-idem-12", :dup? false}
2026-09-21 14:57:46,790{GMT}	INFO	[jepsen worker 1] jepsen.print: 1	:ok	:mq-publish	{:topic "jepsen-mq-s483690286", :partition 0, :payload "s483690286-m12", :idempotency-key "s483690286-idem-12", :dup? false}
2026-09-21 14:57:46,920{GMT}	INFO	[jepsen worker 2] jepsen.print: 2	:invoke	:mq-poll	{:topic "jepsen-mq-s483690286", :partition 0, :consumer-group "cg-s483690286", :max-count 64}
2026-09-21 14:57:46,955{GMT}	INFO	[jepsen worker 2] jepsen.print: 2	:ok	:mq-poll	{:topic "jepsen-mq-s483690286", :partition 0, :consumer-group "cg-s483690286", :max-count 64}
2026-09-21 14:57:47,204{GMT}	INFO	[jepsen worker 3] jepsen.print: 3	:invoke	:mq-poll	{:topic "jepsen-mq-s483690286", :partition 0, :consumer-group "cg-s483690286", :max-count 64}
2026-09-21 14:57:47,238{GMT}	INFO	[jepsen worker 3] jepsen.print: 3	:ok	:mq-poll	{:topic "jepsen-mq-s483690286", :partition 0, :consumer-group "cg-s483690286", :max-count 64}
2026-09-21 14:57:47,243{GMT}	INFO	[jepsen worker 4] jepsen.print: 4	:invoke	:mq-poll	{:topic "jepsen-mq-s483690286", :partition 0, :consumer-group "cg-s483690286", :max-count 64}
2026-09-21 14:57:47,252{GMT}	INFO	[jepsen worker 4] jepsen.print: 4	:ok	:mq-poll	{:topic "jepsen-mq-s483690286", :partition 0, :consumer-group "cg-s483690286", :max-count 64}
2026-09-21 14:57:47,546{GMT}	INFO	[jepsen worker 0] jepsen.print: 0	:invoke	:mq-poll	{:topic "jepsen-mq-s483690286", :partition 0, :consumer-group "cg-s483690286", :max-count 64}
2026-09-21 14:57:47,552{GMT}	INFO	[jepsen worker 0] jepsen.print: 0	:ok	:mq-poll	{:topic "jepsen-mq-s483690286", :partition 0, :consumer-group "cg-s483690286", :max-count 64}
2026-09-21 14:57:47,612{GMT}	INFO	[jepsen worker 0] jepsen.print: 0	:invoke	:mq-poll	{:topic "jepsen-mq-s483690286", :partition 0, :consumer-group "cg-s483690286", :max-count 64}
2026-09-21 14:57:47,616{GMT}	INFO	[jepsen worker 0] jepsen.print: 0	:ok	:mq-poll	{:topic "jepsen-mq-s483690286", :partition 0, :consumer-group "cg-s483690286", :max-count 64}
2026-09-21 14:57:48,065{GMT}	INFO	[jepsen worker 1] jepsen.print: 1	:invoke	:mq-publish	{:topic "jepsen-mq-s483690286", :partition 0, :payload "s483690286-m15", :idempotency-key "s483690286-idem-15", :dup? true}
2026-09-21 14:57:48,081{GMT}	INFO	[jepsen worker 1] jepsen.print: 1	:ok	:mq-publish	{:topic "jepsen-mq-s483690286", :partition 0, :payload "s483690286-m15", :idempotency-key "s483690286-idem-15", :dup? true}
2026-09-21 14:57:48,149{GMT}	INFO	[jepsen worker 2] jepsen.print: 2	:invoke	:mq-poll	{:topic "jepsen-mq-s483690286", :partition 0, :consumer-group "cg-s483690286", :max-count 64}
2026-09-21 14:57:48,160{GMT}	INFO	[jepsen worker 2] jepsen.print: 2	:ok	:mq-poll	{:topic "jepsen-mq-s483690286", :partition 0, :consumer-group "cg-s483690286", :max-count 64}
2026-09-21 14:57:48,198{GMT}	INFO	[jepsen worker 3] jepsen.print: 3	:invoke	:mq-poll	{:topic "jepsen-mq-s483690286", :partition 0, :consumer-group "cg-s483690286", :max-count 64}
2026-09-21 14:57:48,208{GMT}	INFO	[jepsen worker 3] jepsen.print: 3	:ok	:mq-poll	{:topic "jepsen-mq-s483690286", :partition 0, :consumer-group "cg-s483690286", :max-count 64}
2026-09-21 14:57:48,339{GMT}	INFO	[jepsen worker 4] jepsen.print: 4	:invoke	:mq-poll	{:topic "jepsen-mq-s483690286", :partition 0, :consumer-group "cg-s483690286", :max-count 64}
2026-09-21 14:57:48,349{GMT}	INFO	[jepsen worker 4] jepsen.print: 4	:ok	:mq-poll	{:topic "jepsen-mq-s483690286", :partition 0, :consumer-group "cg-s483690286", :max-count 64}
2026-09-21 14:57:48,725{GMT}	INFO	[jepsen worker 0] jepsen.print: 0	:invoke	:mq-poll	{:topic "jepsen-mq-s483690286", :partition 0, :consumer-group "cg-s483690286", :max-count 64}
2026-09-21 14:57:48,734{GMT}	INFO	[jepsen worker 0] jepsen.print: 0	:ok	:mq-poll	{:topic "jepsen-mq-s483690286", :partition 0, :consumer-group "cg-s483690286", :max-count 64}
2026-09-21 14:57:49,148{GMT}	INFO	[jepsen worker 0] jepsen.print: 0	:invoke	:mq-poll	{:topic "jepsen-mq-s483690286", :partition 0, :consumer-group "cg-s483690286", :max-count 64}
2026-09-21 14:57:49,152{GMT}	INFO	[jepsen worker 0] jepsen.print: 0	:ok	:mq-poll	{:topic "jepsen-mq-s483690286", :partition 0, :consumer-group "cg-s483690286", :max-count 64}
2026-09-21 14:57:49,512{GMT}	INFO	[jepsen worker 1] jepsen.print: 1	:invoke	:mq-poll	{:topic "jepsen-mq-s483690286", :partition 0, :consumer-group "cg-s483690286", :max-count 64}
2026-09-21 14:57:49,547{GMT}	INFO	[jepsen worker 1] jepsen.print: 1	:ok	:mq-poll	{:topic "jepsen-mq-s483690286", :partition 0, :consumer-group "cg-s483690286", :max-count 64}
2026-09-21 14:57:49,765{GMT}	INFO	[jepsen worker 2] jepsen.print: 2	:invoke	:mq-poll	{:topic "jepsen-mq-s483690286", :partition 0, :consumer-group "cg-s483690286", :max-count 64}
2026-09-21 14:57:49,769{GMT}	INFO	[jepsen worker 2] jepsen.print: 2	:ok	:mq-poll	{:topic "jepsen-mq-s483690286", :partition 0, :consumer-group "cg-s483690286", :max-count 64}
2026-09-21 14:57:50,247{GMT}	INFO	[jepsen worker 3] jepsen.print: 3	:invoke	:mq-poll	{:topic "jepsen-mq-s483690286", :partition 0, :consumer-group "cg-s483690286", :max-count 64}
2026-09-21 14:57:50,251{GMT}	INFO	[jepsen worker 3] jepsen.print: 3	:ok	:mq-poll	{:topic "jepsen-mq-s483690286", :partition 0, :consumer-group "cg-s483690286", :max-count 64}
2026-09-21 14:57:50,451{GMT}	INFO	[jepsen worker 4] jepsen.print: 4	:invoke	:mq-poll	{:topic "jepsen-mq-s483690286", :partition 0, :consumer-group "cg-s483690286", :max-count 64}
2026-09-21 14:57:50,455{GMT}	INFO	[jepsen worker 4] jepsen.print: 4	:ok	:mq-poll	{:topic "jepsen-mq-s483690286", :partition 0, :consumer-group "cg-s483690286", :max-count 64}
2026-09-21 14:57:50,632{GMT}	INFO	[jepsen worker 0] jepsen.print: 0	:invoke	:mq-publish	{:topic "jepsen-mq-s483690286", :partition 0, :payload "s483690286-m18", :idempotency-key "s483690286-idem-18", :dup? true}
2026-09-21 14:57:50,642{GMT}	INFO	[jepsen worker 0] jepsen.print: 0	:ok	:mq-publish	{:topic "jepsen-mq-s483690286", :partition 0, :payload "s483690286-m18", :idempotency-key "s483690286-idem-18", :dup? true}
2026-09-21 14:57:50,652{GMT}	INFO	[jepsen worker 0] jepsen.print: 0	:invoke	:mq-poll	{:topic "jepsen-mq-s483690286", :partition 0, :consumer-group "cg-s483690286", :max-count 64}
2026-09-21 14:57:50,654{GMT}	INFO	[jepsen worker 1] jepsen.print: 1	:invoke	:mq-publish	{:topic "jepsen-mq-s483690286", :partition 0, :payload "s483690286-m20", :idempotency-key "s483690286-idem-20", :dup? false}
2026-09-21 14:57:50,659{GMT}	INFO	[jepsen worker 2] jepsen.print: 2	:invoke	:mq-publish	{:topic "jepsen-mq-s483690286", :partition 0, :payload "s483690286-m22", :idempotency-key "s483690286-idem-22", :dup? false}
2026-09-21 14:57:50,664{GMT}	INFO	[jepsen worker 1] jepsen.print: 1	:ok	:mq-publish	{:topic "jepsen-mq-s483690286", :partition 0, :payload "s483690286-m20", :idempotency-key "s483690286-idem-20", :dup? false}
2026-09-21 14:57:50,667{GMT}	INFO	[jepsen worker 0] jepsen.print: 0	:ok	:mq-poll	{:topic "jepsen-mq-s483690286", :partition 0, :consumer-group "cg-s483690286", :max-count 64}
2026-09-21 14:57:50,671{GMT}	INFO	[jepsen worker 2] jepsen.print: 2	:ok	:mq-publish	{:topic "jepsen-mq-s483690286", :partition 0, :payload "s483690286-m22", :idempotency-key "s483690286-idem-22", :dup? false}
2026-09-21 14:57:50,806{GMT}	INFO	[jepsen worker 3] jepsen.print: 3	:invoke	:mq-poll	{:topic "jepsen-mq-s483690286", :partition 0, :consumer-group "cg-s483690286", :max-count 64}
2026-09-21 14:57:50,827{GMT}	INFO	[jepsen worker 3] jepsen.print: 3	:ok	:mq-poll	{:topic "jepsen-mq-s483690286", :partition 0, :consumer-group "cg-s483690286", :max-count 64}
2026-09-21 14:57:51,115{GMT}	INFO	[jepsen worker 4] jepsen.print: 4	:invoke	:mq-publish	{:topic "jepsen-mq-s483690286", :partition 0, :payload "s483690286-m25", :idempotency-key "s483690286-idem-25", :dup? false}
2026-09-21 14:57:51,122{GMT}	INFO	[jepsen worker 4] jepsen.print: 4	:ok	:mq-publish	{:topic "jepsen-mq-s483690286", :partition 0, :payload "s483690286-m25", :idempotency-key "s483690286-idem-25", :dup? false}
2026-09-21 14:57:51,757{GMT}	INFO	[jepsen worker 0] jepsen.print: 0	:invoke	:mq-poll	{:topic "jepsen-mq-s483690286", :partition 0, :consumer-group "cg-s483690286", :max-count 64}
2026-09-21 14:57:51,779{GMT}	INFO	[jepsen worker 0] jepsen.print: 0	:ok	:mq-poll	{:topic "jepsen-mq-s483690286", :partition 0, :consumer-group "cg-s483690286", :max-count 64}
2026-09-21 14:57:52,057{GMT}	INFO	[jepsen worker 0] jepsen.print: 0	:invoke	:mq-poll	{:topic "jepsen-mq-s483690286", :partition 0, :consumer-group "cg-s483690286", :max-count 64}
2026-09-21 14:57:52,061{GMT}	INFO	[jepsen worker 0] jepsen.print: 0	:ok	:mq-poll	{:topic "jepsen-mq-s483690286", :partition 0, :consumer-group "cg-s483690286", :max-count 64}
2026-09-21 14:57:52,156{GMT}	INFO	[jepsen worker 1] jepsen.print: 1	:invoke	:mq-publish	{:topic "jepsen-mq-s483690286", :partition 0, :payload "s483690286-m28", :idempotency-key "s483690286-idem-28", :dup? true}
2026-09-21 14:57:52,169{GMT}	INFO	[jepsen worker 1] jepsen.print: 1	:ok	:mq-publish	{:topic "jepsen-mq-s483690286", :partition 0, :payload "s483690286-m28", :idempotency-key "s483690286-idem-28", :dup? true}
2026-09-21 14:57:52,567{GMT}	INFO	[jepsen worker 2] jepsen.print: 2	:invoke	:mq-publish	{:topic "jepsen-mq-s483690286", :partition 0, :payload "s483690286-m31", :idempotency-key "s483690286-idem-31", :dup? true}
2026-09-21 14:57:52,577{GMT}	INFO	[jepsen worker 2] jepsen.print: 2	:ok	:mq-publish	{:topic "jepsen-mq-s483690286", :partition 0, :payload "s483690286-m31", :idempotency-key "s483690286-idem-31", :dup? true}
2026-09-21 14:57:52,591{GMT}	INFO	[jepsen worker 3] jepsen.print: 3	:invoke	:mq-publish	{:topic "jepsen-mq-s483690286", :partition 0, :payload "s483690286-m34", :idempotency-key "s483690286-idem-34", :dup? false}
2026-09-21 14:57:52,600{GMT}	INFO	[jepsen worker 3] jepsen.print: 3	:ok	:mq-publish	{:topic "jepsen-mq-s483690286", :partition 0, :payload "s483690286-m34", :idempotency-key "s483690286-idem-34", :dup? false}
2026-09-21 14:57:52,658{GMT}	INFO	[jepsen worker 4] jepsen.print: 4	:invoke	:mq-publish	{:topic "jepsen-mq-s483690286", :partition 0, :payload "s483690286-m37", :idempotency-key "s483690286-idem-37", :dup? false}
2026-09-21 14:57:52,664{GMT}	INFO	[jepsen worker 4] jepsen.print: 4	:ok	:mq-publish	{:topic "jepsen-mq-s483690286", :partition 0, :payload "s483690286-m37", :idempotency-key "s483690286-idem-37", :dup? false}
2026-09-21 14:57:52,820{GMT}	INFO	[jepsen worker 0] jepsen.print: 0	:invoke	:mq-publish	{:topic "jepsen-mq-s483690286", :partition 0, :payload "s483690286-m40", :idempotency-key "s483690286-idem-40", :dup? false}
2026-09-21 14:57:52,827{GMT}	INFO	[jepsen worker 0] jepsen.print: 0	:ok	:mq-publish	{:topic "jepsen-mq-s483690286", :partition 0, :payload "s483690286-m40", :idempotency-key "s483690286-idem-40", :dup? false}
2026-09-21 14:57:53,065{GMT}	INFO	[jepsen worker 0] jepsen.print: 0	:invoke	:mq-publish	{:topic "jepsen-mq-s483690286", :partition 0, :payload "s483690286-m43", :idempotency-key "s483690286-idem-43", :dup? false}
2026-09-21 14:57:53,072{GMT}	INFO	[jepsen worker 0] jepsen.print: 0	:ok	:mq-publish	{:topic "jepsen-mq-s483690286", :partition 0, :payload "s483690286-m43", :idempotency-key "s483690286-idem-43", :dup? false}
2026-09-21 14:57:53,140{GMT}	INFO	[jepsen worker 1] jepsen.print: 1	:invoke	:mq-publish	{:topic "jepsen-mq-s483690286", :partition 0, :payload "s483690286-m46", :idempotency-key "s483690286-idem-46", :dup? false}
2026-09-21 14:57:53,147{GMT}	INFO	[jepsen worker 1] jepsen.print: 1	:ok	:mq-publish	{:topic "jepsen-mq-s483690286", :partition 0, :payload "s483690286-m46", :idempotency-key "s483690286-idem-46", :dup? false}
2026-09-21 14:57:53,830{GMT}	INFO	[jepsen worker 2] jepsen.print: 2	:invoke	:mq-poll	{:topic "jepsen-mq-s483690286", :partition 0, :consumer-group "cg-s483690286", :max-count 64}
2026-09-21 14:57:53,894{GMT}	INFO	[jepsen worker 2] jepsen.print: 2	:ok	:mq-poll	{:topic "jepsen-mq-s483690286", :partition 0, :consumer-group "cg-s483690286", :max-count 64}
2026-09-21 14:57:54,235{GMT}	INFO	[jepsen worker 3] jepsen.print: 3	:invoke	:mq-poll	{:topic "jepsen-mq-s483690286", :partition 0, :consumer-group "cg-s483690286", :max-count 64}
2026-09-21 14:57:54,282{GMT}	INFO	[jepsen worker 3] jepsen.print: 3	:ok	:mq-poll	{:topic "jepsen-mq-s483690286", :partition 0, :consumer-group "cg-s483690286", :max-count 64}
2026-09-21 14:57:54,388{GMT}	INFO	[jepsen worker 4] jepsen.print: 4	:invoke	:mq-publish	{:topic "jepsen-mq-s483690286", :partition 0, :payload "s483690286-m49", :idempotency-key "s483690286-idem-49", :dup? false}
2026-09-21 14:57:54,394{GMT}	INFO	[jepsen worker 4] jepsen.print: 4	:ok	:mq-publish	{:topic "jepsen-mq-s483690286", :partition 0, :payload "s483690286-m49", :idempotency-key "s483690286-idem-49", :dup? false}
2026-09-21 14:57:54,968{GMT}	INFO	[jepsen worker 0] jepsen.print: 0	:invoke	:mq-publish	{:topic "jepsen-mq-s483690286", :partition 0, :payload "s483690286-m52", :idempotency-key "s483690286-idem-52", :dup? false}
2026-09-21 14:57:54,974{GMT}	INFO	[jepsen worker 0] jepsen.print: 0	:ok	:mq-publish	{:topic "jepsen-mq-s483690286", :partition 0, :payload "s483690286-m52", :idempotency-key "s483690286-idem-52", :dup? false}
2026-09-21 14:57:55,559{GMT}	INFO	[jepsen worker 0] jepsen.print: 0	:invoke	:mq-poll	{:topic "jepsen-mq-s483690286", :partition 0, :consumer-group "cg-s483690286", :max-count 64}
2026-09-21 14:57:55,591{GMT}	INFO	[jepsen worker 1] jepsen.print: 1	:invoke	:mq-poll	{:topic "jepsen-mq-s483690286", :partition 0, :consumer-group "cg-s483690286", :max-count 64}
2026-09-21 14:57:55,619{GMT}	INFO	[jepsen worker 0] jepsen.print: 0	:ok	:mq-poll	{:topic "jepsen-mq-s483690286", :partition 0, :consumer-group "cg-s483690286", :max-count 64}
2026-09-21 14:57:55,661{GMT}	INFO	[jepsen worker 1] jepsen.print: 1	:ok	:mq-poll	{:topic "jepsen-mq-s483690286", :partition 0, :consumer-group "cg-s483690286", :max-count 64}
2026-09-21 14:57:55,875{GMT}	INFO	[jepsen worker 2] jepsen.print: 2	:invoke	:mq-publish	{:topic "jepsen-mq-s483690286", :partition 0, :payload "s483690286-m56", :idempotency-key "s483690286-idem-56", :dup? true}
2026-09-21 14:57:55,885{GMT}	INFO	[jepsen worker 2] jepsen.print: 2	:ok	:mq-publish	{:topic "jepsen-mq-s483690286", :partition 0, :payload "s483690286-m56", :idempotency-key "s483690286-idem-56", :dup? true}
2026-09-21 14:57:55,948{GMT}	INFO	[jepsen worker 3] jepsen.print: 3	:invoke	:mq-publish	{:topic "jepsen-mq-s483690286", :partition 0, :payload "s483690286-m59", :idempotency-key "s483690286-idem-59", :dup? false}
2026-09-21 14:57:55,954{GMT}	INFO	[jepsen worker 3] jepsen.print: 3	:ok	:mq-publish	{:topic "jepsen-mq-s483690286", :partition 0, :payload "s483690286-m59", :idempotency-key "s483690286-idem-59", :dup? false}
2026-09-21 14:57:56,154{GMT}	INFO	[jepsen worker 4] jepsen.print: 4	:invoke	:mq-publish	{:topic "jepsen-mq-s483690286", :partition 0, :payload "s483690286-m62", :idempotency-key "s483690286-idem-62", :dup? true}
2026-09-21 14:57:56,160{GMT}	INFO	[jepsen worker 4] jepsen.print: 4	:ok	:mq-publish	{:topic "jepsen-mq-s483690286", :partition 0, :payload "s483690286-m62", :idempotency-key "s483690286-idem-62", :dup? true}
2026-09-21 14:57:56,356{GMT}	INFO	[jepsen worker 0] jepsen.print: 0	:invoke	:mq-publish	{:topic "jepsen-mq-s483690286", :partition 0, :payload "s483690286-m65", :idempotency-key "s483690286-idem-65", :dup? false}
2026-09-21 14:57:56,363{GMT}	INFO	[jepsen worker 0] jepsen.print: 0	:ok	:mq-publish	{:topic "jepsen-mq-s483690286", :partition 0, :payload "s483690286-m65", :idempotency-key "s483690286-idem-65", :dup? false}
2026-09-21 14:57:56,376{GMT}	INFO	[jepsen worker 0] jepsen.print: 0	:invoke	:mq-poll	{:topic "jepsen-mq-s483690286", :partition 0, :consumer-group "cg-s483690286", :max-count 64}
2026-09-21 14:57:56,402{GMT}	INFO	[jepsen worker 0] jepsen.print: 0	:ok	:mq-poll	{:topic "jepsen-mq-s483690286", :partition 0, :consumer-group "cg-s483690286", :max-count 64}
2026-09-21 14:57:56,541{GMT}	INFO	[jepsen worker 1] jepsen.print: 1	:invoke	:mq-publish	{:topic "jepsen-mq-s483690286", :partition 0, :payload "s483690286-m68", :idempotency-key "s483690286-idem-68", :dup? false}
2026-09-21 14:57:56,547{GMT}	INFO	[jepsen worker 1] jepsen.print: 1	:ok	:mq-publish	{:topic "jepsen-mq-s483690286", :partition 0, :payload "s483690286-m68", :idempotency-key "s483690286-idem-68", :dup? false}
2026-09-21 14:57:56,608{GMT}	INFO	[jepsen worker 2] jepsen.print: 2	:invoke	:mq-publish	{:topic "jepsen-mq-s483690286", :partition 0, :payload "s483690286-m71", :idempotency-key "s483690286-idem-71", :dup? false}
2026-09-21 14:57:56,615{GMT}	INFO	[jepsen worker 2] jepsen.print: 2	:ok	:mq-publish	{:topic "jepsen-mq-s483690286", :partition 0, :payload "s483690286-m71", :idempotency-key "s483690286-idem-71", :dup? false}
2026-09-21 14:57:57,214{GMT}	INFO	[jepsen worker 3] jepsen.print: 3	:invoke	:mq-publish	{:topic "jepsen-mq-s483690286", :partition 0, :payload "s483690286-m74", :idempotency-key "s483690286-idem-74", :dup? false}
2026-09-21 14:57:57,218{GMT}	INFO	[jepsen worker 3] jepsen.print: 3	:ok	:mq-publish	{:topic "jepsen-mq-s483690286", :partition 0, :payload "s483690286-m74", :idempotency-key "s483690286-idem-74", :dup? false}
2026-09-21 14:57:57,478{GMT}	INFO	[jepsen worker 4] jepsen.print: 4	:invoke	:mq-poll	{:topic "jepsen-mq-s483690286", :partition 0, :consumer-group "cg-s483690286", :max-count 64}
2026-09-21 14:57:57,530{GMT}	INFO	[jepsen worker 0] jepsen.print: 0	:invoke	:mq-publish	{:topic "jepsen-mq-s483690286", :partition 0, :payload "s483690286-m76", :idempotency-key "s483690286-idem-76", :dup? true}
2026-09-21 14:57:57,540{GMT}	INFO	[jepsen worker 0] jepsen.print: 0	:ok	:mq-publish	{:topic "jepsen-mq-s483690286", :partition 0, :payload "s483690286-m76", :idempotency-key "s483690286-idem-76", :dup? true}
2026-09-21 14:57:57,591{GMT}	INFO	[jepsen worker 4] jepsen.print: 4	:ok	:mq-poll	{:topic "jepsen-mq-s483690286", :partition 0, :consumer-group "cg-s483690286", :max-count 64}
2026-09-21 14:57:57,729{GMT}	INFO	[jepsen worker 0] jepsen.print: 0	:invoke	:mq-publish	{:topic "jepsen-mq-s483690286", :partition 0, :payload "s483690286-m80", :idempotency-key "s483690286-idem-80", :dup? true}
2026-09-21 14:57:57,738{GMT}	INFO	[jepsen worker 0] jepsen.print: 0	:ok	:mq-publish	{:topic "jepsen-mq-s483690286", :partition 0, :payload "s483690286-m80", :idempotency-key "s483690286-idem-80", :dup? true}
2026-09-21 14:57:58,000{GMT}	INFO	[jepsen worker 1] jepsen.print: 1	:invoke	:mq-poll	{:topic "jepsen-mq-s483690286", :partition 0, :consumer-group "cg-s483690286", :max-count 64}
2026-09-21 14:57:58,052{GMT}	INFO	[jepsen worker 1] jepsen.print: 1	:ok	:mq-poll	{:topic "jepsen-mq-s483690286", :partition 0, :consumer-group "cg-s483690286", :max-count 64}
2026-09-21 14:57:58,091{GMT}	INFO	[jepsen worker 2] jepsen.print: 2	:invoke	:mq-publish	{:topic "jepsen-mq-s483690286", :partition 0, :payload "s483690286-m83", :idempotency-key "s483690286-idem-83", :dup? false}
2026-09-21 14:57:58,098{GMT}	INFO	[jepsen worker 2] jepsen.print: 2	:ok	:mq-publish	{:topic "jepsen-mq-s483690286", :partition 0, :payload "s483690286-m83", :idempotency-key "s483690286-idem-83", :dup? false}
2026-09-21 14:57:58,134{GMT}	INFO	[jepsen worker 3] jepsen.print: 3	:invoke	:mq-poll	{:topic "jepsen-mq-s483690286", :partition 0, :consumer-group "cg-s483690286", :max-count 64}
2026-09-21 14:57:58,199{GMT}	INFO	[jepsen worker 3] jepsen.print: 3	:ok	:mq-poll	{:topic "jepsen-mq-s483690286", :partition 0, :consumer-group "cg-s483690286", :max-count 64}
2026-09-21 14:57:58,256{GMT}	INFO	[jepsen worker 4] jepsen.print: 4	:invoke	:mq-poll	{:topic "jepsen-mq-s483690286", :partition 0, :consumer-group "cg-s483690286", :max-count 64}
2026-09-21 14:57:58,274{GMT}	INFO	[jepsen worker 4] jepsen.print: 4	:ok	:mq-poll	{:topic "jepsen-mq-s483690286", :partition 0, :consumer-group "cg-s483690286", :max-count 64}
2026-09-21 14:58:00,784{GMT}	INFO	[jepsen worker 0] jepsen.print: 0	:invoke	:mq-poll	{:topic "jepsen-mq-s483690286", :partition 0, :consumer-group "cg-s483690286", :max-count 64}
2026-09-21 14:58:00,819{GMT}	INFO	[jepsen worker 0] jepsen.print: 0	:ok	:mq-poll	{:topic "jepsen-mq-s483690286", :partition 0, :consumer-group "cg-s483690286", :max-count 64}
2026-09-21 14:58:00,960{GMT}	INFO	[jepsen worker 0] jepsen.print: 0	:invoke	:mq-poll	{:topic "jepsen-mq-s483690286", :partition 0, :consumer-group "cg-s483690286", :max-count 64}
2026-09-21 14:58:00,963{GMT}	INFO	[jepsen worker 0] jepsen.print: 0	:ok	:mq-poll	{:topic "jepsen-mq-s483690286", :partition 0, :consumer-group "cg-s483690286", :max-count 64}
2026-09-21 14:58:01,210{GMT}	INFO	[jepsen worker 1] jepsen.print: 1	:invoke	:mq-publish	{:topic "jepsen-mq-s483690286", :partition 0, :payload "s483690286-m86", :idempotency-key "s483690286-idem-86", :dup? false}
2026-09-21 14:58:01,217{GMT}	INFO	[jepsen worker 1] jepsen.print: 1	:ok	:mq-publish	{:topic "jepsen-mq-s483690286", :partition 0, :payload "s483690286-m86", :idempotency-key "s483690286-idem-86", :dup? false}
2026-09-21 14:58:01,301{GMT}	INFO	[jepsen worker 2] jepsen.print: 2	:invoke	:mq-publish	{:topic "jepsen-mq-s483690286", :partition 0, :payload "s483690286-m89", :idempotency-key "s483690286-idem-89", :dup? false}
2026-09-21 14:58:01,303{GMT}	INFO	[jepsen worker 3] jepsen.print: 3	:invoke	:mq-publish	{:topic "jepsen-mq-s483690286", :partition 0, :payload "s483690286-m91", :idempotency-key "s483690286-idem-91", :dup? true}
2026-09-21 14:58:01,313{GMT}	INFO	[jepsen worker 3] jepsen.print: 3	:ok	:mq-publish	{:topic "jepsen-mq-s483690286", :partition 0, :payload "s483690286-m91", :idempotency-key "s483690286-idem-91", :dup? true}
2026-09-21 14:58:01,313{GMT}	INFO	[jepsen worker 2] jepsen.print: 2	:ok	:mq-publish	{:topic "jepsen-mq-s483690286", :partition 0, :payload "s483690286-m89", :idempotency-key "s483690286-idem-89", :dup? false}
2026-09-21 14:58:01,392{GMT}	INFO	[jepsen worker 4] jepsen.print: 4	:invoke	:mq-poll	{:topic "jepsen-mq-s483690286", :partition 0, :consumer-group "cg-s483690286", :max-count 64}
2026-09-21 14:58:01,411{GMT}	INFO	[jepsen worker 4] jepsen.print: 4	:ok	:mq-poll	{:topic "jepsen-mq-s483690286", :partition 0, :consumer-group "cg-s483690286", :max-count 64}
2026-09-21 14:58:01,988{GMT}	INFO	[jepsen worker 0] jepsen.print: 0	:invoke	:mq-publish	{:topic "jepsen-mq-s483690286", :partition 0, :payload "s483690286-m94", :idempotency-key "s483690286-idem-94", :dup? false}
2026-09-21 14:58:01,994{GMT}	INFO	[jepsen worker 0] jepsen.print: 0	:ok	:mq-publish	{:topic "jepsen-mq-s483690286", :partition 0, :payload "s483690286-m94", :idempotency-key "s483690286-idem-94", :dup? false}
2026-09-21 14:58:03,292{GMT}	INFO	[jepsen worker 0] jepsen.print: 0	:invoke	:mq-publish	{:topic "jepsen-mq-s483690286", :partition 0, :payload "s483690286-m97", :idempotency-key "s483690286-idem-97", :dup? true}
2026-09-21 14:58:03,299{GMT}	INFO	[jepsen worker 0] jepsen.print: 0	:ok	:mq-publish	{:topic "jepsen-mq-s483690286", :partition 0, :payload "s483690286-m97", :idempotency-key "s483690286-idem-97", :dup? true}
2026-09-21 14:58:03,415{GMT}	INFO	[jepsen worker 1] jepsen.print: 1	:invoke	:mq-publish	{:topic "jepsen-mq-s483690286", :partition 0, :payload "s483690286-m100", :idempotency-key "s483690286-idem-100", :dup? false}
2026-09-21 14:58:03,420{GMT}	INFO	[jepsen worker 1] jepsen.print: 1	:ok	:mq-publish	{:topic "jepsen-mq-s483690286", :partition 0, :payload "s483690286-m100", :idempotency-key "s483690286-idem-100", :dup? false}
2026-09-21 14:58:03,539{GMT}	INFO	[jepsen worker 2] jepsen.print: 2	:invoke	:mq-publish	{:topic "jepsen-mq-s483690286", :partition 0, :payload "s483690286-m103", :idempotency-key "s483690286-idem-103", :dup? false}
2026-09-21 14:58:03,545{GMT}	INFO	[jepsen worker 2] jepsen.print: 2	:ok	:mq-publish	{:topic "jepsen-mq-s483690286", :partition 0, :payload "s483690286-m103", :idempotency-key "s483690286-idem-103", :dup? false}
2026-09-21 14:58:03,777{GMT}	INFO	[jepsen worker 3] jepsen.print: 3	:invoke	:mq-publish	{:topic "jepsen-mq-s483690286", :partition 0, :payload "s483690286-m106", :idempotency-key "s483690286-idem-106", :dup? false}
2026-09-21 14:58:03,786{GMT}	INFO	[jepsen worker 3] jepsen.print: 3	:ok	:mq-publish	{:topic "jepsen-mq-s483690286", :partition 0, :payload "s483690286-m106", :idempotency-key "s483690286-idem-106", :dup? false}
2026-09-21 14:58:03,877{GMT}	INFO	[jepsen worker 4] jepsen.print: 4	:invoke	:mq-poll	{:topic "jepsen-mq-s483690286", :partition 0, :consumer-group "cg-s483690286", :max-count 64}
2026-09-21 14:58:03,906{GMT}	INFO	[jepsen worker 4] jepsen.print: 4	:ok	:mq-poll	{:topic "jepsen-mq-s483690286", :partition 0, :consumer-group "cg-s483690286", :max-count 64}
2026-09-21 14:58:04,174{GMT}	INFO	[jepsen worker 0] jepsen.print: 0	:invoke	:mq-publish	{:topic "jepsen-mq-s483690286", :partition 0, :payload "s483690286-m109", :idempotency-key "s483690286-idem-109", :dup? false}
2026-09-21 14:58:04,181{GMT}	INFO	[jepsen worker 0] jepsen.print: 0	:ok	:mq-publish	{:topic "jepsen-mq-s483690286", :partition 0, :payload "s483690286-m109", :idempotency-key "s483690286-idem-109", :dup? false}
2026-09-21 14:58:04,421{GMT}	INFO	[jepsen worker 0] jepsen.print: 0	:invoke	:mq-publish	{:topic "jepsen-mq-s483690286", :partition 0, :payload "s483690286-m112", :idempotency-key "s483690286-idem-112", :dup? false}
2026-09-21 14:58:04,432{GMT}	INFO	[jepsen worker 0] jepsen.print: 0	:ok	:mq-publish	{:topic "jepsen-mq-s483690286", :partition 0, :payload "s483690286-m112", :idempotency-key "s483690286-idem-112", :dup? false}
2026-09-21 14:58:04,582{GMT}	INFO	[jepsen worker 1] jepsen.print: 1	:invoke	:mq-publish	{:topic "jepsen-mq-s483690286", :partition 0, :payload "s483690286-m115", :idempotency-key "s483690286-idem-115", :dup? false}
2026-09-21 14:58:04,589{GMT}	INFO	[jepsen worker 1] jepsen.print: 1	:ok	:mq-publish	{:topic "jepsen-mq-s483690286", :partition 0, :payload "s483690286-m115", :idempotency-key "s483690286-idem-115", :dup? false}
2026-09-21 14:58:05,326{GMT}	INFO	[jepsen worker 2] jepsen.print: 2	:invoke	:mq-poll	{:topic "jepsen-mq-s483690286", :partition 0, :consumer-group "cg-s483690286", :max-count 64}
2026-09-21 14:58:05,382{GMT}	INFO	[jepsen worker 3] jepsen.print: 3	:invoke	:mq-publish	{:topic "jepsen-mq-s483690286", :partition 0, :payload "s483690286-m117", :idempotency-key "s483690286-idem-117", :dup? false}
2026-09-21 14:58:05,391{GMT}	INFO	[jepsen worker 3] jepsen.print: 3	:ok	:mq-publish	{:topic "jepsen-mq-s483690286", :partition 0, :payload "s483690286-m117", :idempotency-key "s483690286-idem-117", :dup? false}
2026-09-21 14:58:05,429{GMT}	INFO	[jepsen worker 2] jepsen.print: 2	:ok	:mq-poll	{:topic "jepsen-mq-s483690286", :partition 0, :consumer-group "cg-s483690286", :max-count 64}
2026-09-21 14:58:05,538{GMT}	INFO	[jepsen worker 4] jepsen.print: 4	:invoke	:mq-publish	{:topic "jepsen-mq-s483690286", :partition 0, :payload "s483690286-m121", :idempotency-key "s483690286-idem-121", :dup? false}
2026-09-21 14:58:05,544{GMT}	INFO	[jepsen worker 4] jepsen.print: 4	:ok	:mq-publish	{:topic "jepsen-mq-s483690286", :partition 0, :payload "s483690286-m121", :idempotency-key "s483690286-idem-121", :dup? false}
2026-09-21 14:58:05,667{GMT}	INFO	[jepsen worker 0] jepsen.print: 0	:invoke	:mq-publish	{:topic "jepsen-mq-s483690286", :partition 0, :payload "s483690286-m124", :idempotency-key "s483690286-idem-124", :dup? false}
2026-09-21 14:58:05,673{GMT}	INFO	[jepsen worker 0] jepsen.print: 0	:ok	:mq-publish	{:topic "jepsen-mq-s483690286", :partition 0, :payload "s483690286-m124", :idempotency-key "s483690286-idem-124", :dup? false}
2026-09-21 14:58:06,621{GMT}	INFO	[jepsen worker 0] jepsen.print: 0	:invoke	:mq-poll	{:topic "jepsen-mq-s483690286", :partition 0, :consumer-group "cg-s483690286", :max-count 64}
2026-09-21 14:58:06,695{GMT}	INFO	[jepsen worker 0] jepsen.print: 0	:ok	:mq-poll	{:topic "jepsen-mq-s483690286", :partition 0, :consumer-group "cg-s483690286", :max-count 64}
2026-09-21 14:58:07,207{GMT}	INFO	[jepsen worker 1] jepsen.print: 1	:invoke	:mq-publish	{:topic "jepsen-mq-s483690286", :partition 0, :payload "s483690286-m127", :idempotency-key "s483690286-idem-127", :dup? true}
2026-09-21 14:58:07,216{GMT}	INFO	[jepsen worker 1] jepsen.print: 1	:ok	:mq-publish	{:topic "jepsen-mq-s483690286", :partition 0, :payload "s483690286-m127", :idempotency-key "s483690286-idem-127", :dup? true}
2026-09-21 14:58:07,312{GMT}	INFO	[jepsen worker 2] jepsen.print: 2	:invoke	:mq-publish	{:topic "jepsen-mq-s483690286", :partition 0, :payload "s483690286-m130", :idempotency-key "s483690286-idem-130", :dup? false}
2026-09-21 14:58:07,318{GMT}	INFO	[jepsen worker 2] jepsen.print: 2	:ok	:mq-publish	{:topic "jepsen-mq-s483690286", :partition 0, :payload "s483690286-m130", :idempotency-key "s483690286-idem-130", :dup? false}
2026-09-21 14:58:07,408{GMT}	INFO	[jepsen worker 3] jepsen.print: 3	:invoke	:mq-publish	{:topic "jepsen-mq-s483690286", :partition 0, :payload "s483690286-m133", :idempotency-key "s483690286-idem-133", :dup? true}
2026-09-21 14:58:07,416{GMT}	INFO	[jepsen worker 3] jepsen.print: 3	:ok	:mq-publish	{:topic "jepsen-mq-s483690286", :partition 0, :payload "s483690286-m133", :idempotency-key "s483690286-idem-133", :dup? true}
2026-09-21 14:58:07,727{GMT}	INFO	[jepsen worker 4] jepsen.print: 4	:invoke	:mq-publish	{:topic "jepsen-mq-s483690286", :partition 0, :payload "s483690286-m136", :idempotency-key "s483690286-idem-136", :dup? true}
2026-09-21 14:58:07,736{GMT}	INFO	[jepsen worker 4] jepsen.print: 4	:ok	:mq-publish	{:topic "jepsen-mq-s483690286", :partition 0, :payload "s483690286-m136", :idempotency-key "s483690286-idem-136", :dup? true}
2026-09-21 14:58:08,060{GMT}	INFO	[jepsen worker 0] jepsen.print: 0	:invoke	:mq-publish	{:topic "jepsen-mq-s483690286", :partition 0, :payload "s483690286-m139", :idempotency-key "s483690286-idem-139", :dup? false}
2026-09-21 14:58:08,066{GMT}	INFO	[jepsen worker 0] jepsen.print: 0	:ok	:mq-publish	{:topic "jepsen-mq-s483690286", :partition 0, :payload "s483690286-m139", :idempotency-key "s483690286-idem-139", :dup? false}
2026-09-21 14:58:08,175{GMT}	INFO	[jepsen worker 0] jepsen.print: 0	:invoke	:mq-publish	{:topic "jepsen-mq-s483690286", :partition 0, :payload "s483690286-m142", :idempotency-key "s483690286-idem-142", :dup? false}
2026-09-21 14:58:08,181{GMT}	INFO	[jepsen worker 0] jepsen.print: 0	:ok	:mq-publish	{:topic "jepsen-mq-s483690286", :partition 0, :payload "s483690286-m142", :idempotency-key "s483690286-idem-142", :dup? false}
2026-09-21 14:58:08,556{GMT}	INFO	[jepsen worker 1] jepsen.print: 1	:invoke	:mq-publish	{:topic "jepsen-mq-s483690286", :partition 0, :payload "s483690286-m145", :idempotency-key "s483690286-idem-145", :dup? true}
2026-09-21 14:58:08,564{GMT}	INFO	[jepsen worker 1] jepsen.print: 1	:ok	:mq-publish	{:topic "jepsen-mq-s483690286", :partition 0, :payload "s483690286-m145", :idempotency-key "s483690286-idem-145", :dup? true}
2026-09-21 14:58:08,782{GMT}	INFO	[jepsen worker 2] jepsen.print: 2	:invoke	:mq-publish	{:topic "jepsen-mq-s483690286", :partition 0, :payload "s483690286-m148", :idempotency-key "s483690286-idem-148", :dup? true}
2026-09-21 14:58:08,791{GMT}	INFO	[jepsen worker 2] jepsen.print: 2	:ok	:mq-publish	{:topic "jepsen-mq-s483690286", :partition 0, :payload "s483690286-m148", :idempotency-key "s483690286-idem-148", :dup? true}
2026-09-21 14:58:08,895{GMT}	INFO	[jepsen worker 3] jepsen.print: 3	:invoke	:mq-publish	{:topic "jepsen-mq-s483690286", :partition 0, :payload "s483690286-m151", :idempotency-key "s483690286-idem-151", :dup? false}
2026-09-21 14:58:08,902{GMT}	INFO	[jepsen worker 3] jepsen.print: 3	:ok	:mq-publish	{:topic "jepsen-mq-s483690286", :partition 0, :payload "s483690286-m151", :idempotency-key "s483690286-idem-151", :dup? false}
2026-09-21 14:58:09,927{GMT}	INFO	[jepsen worker 4] jepsen.print: 4	:invoke	:mq-publish	{:topic "jepsen-mq-s483690286", :partition 0, :payload "s483690286-m154", :idempotency-key "s483690286-idem-154", :dup? false}
2026-09-21 14:58:09,933{GMT}	INFO	[jepsen worker 4] jepsen.print: 4	:ok	:mq-publish	{:topic "jepsen-mq-s483690286", :partition 0, :payload "s483690286-m154", :idempotency-key "s483690286-idem-154", :dup? false}
2026-09-21 14:58:10,053{GMT}	INFO	[jepsen worker 0] jepsen.print: 0	:invoke	:mq-publish	{:topic "jepsen-mq-s483690286", :partition 0, :payload "s483690286-m157", :idempotency-key "s483690286-idem-157", :dup? false}
2026-09-21 14:58:10,060{GMT}	INFO	[jepsen worker 0] jepsen.print: 0	:ok	:mq-publish	{:topic "jepsen-mq-s483690286", :partition 0, :payload "s483690286-m157", :idempotency-key "s483690286-idem-157", :dup? false}
2026-09-21 14:58:11,029{GMT}	INFO	[jepsen worker 0] jepsen.print: 0	:invoke	:mq-poll	{:topic "jepsen-mq-s483690286", :partition 0, :consumer-group "cg-s483690286", :max-count 64}
2026-09-21 14:58:11,080{GMT}	INFO	[jepsen worker 0] jepsen.print: 0	:ok	:mq-poll	{:topic "jepsen-mq-s483690286", :partition 0, :consumer-group "cg-s483690286", :max-count 64}
2026-09-21 14:58:11,102{GMT}	INFO	[jepsen worker 1] jepsen.print: 1	:invoke	:mq-publish	{:topic "jepsen-mq-s483690286", :partition 0, :payload "s483690286-m160", :idempotency-key "s483690286-idem-160", :dup? true}
2026-09-21 14:58:11,110{GMT}	INFO	[jepsen worker 1] jepsen.print: 1	:ok	:mq-publish	{:topic "jepsen-mq-s483690286", :partition 0, :payload "s483690286-m160", :idempotency-key "s483690286-idem-160", :dup? true}
2026-09-21 14:58:11,114{GMT}	INFO	[jepsen worker 2] jepsen.print: 2	:invoke	:mq-publish	{:topic "jepsen-mq-s483690286", :partition 0, :payload "s483690286-m163", :idempotency-key "s483690286-idem-163", :dup? true}
2026-09-21 14:58:11,119{GMT}	INFO	[jepsen worker 3] jepsen.print: 3	:invoke	:mq-poll	{:topic "jepsen-mq-s483690286", :partition 0, :consumer-group "cg-s483690286", :max-count 64}
2026-09-21 14:58:11,122{GMT}	INFO	[jepsen worker 2] jepsen.print: 2	:ok	:mq-publish	{:topic "jepsen-mq-s483690286", :partition 0, :payload "s483690286-m163", :idempotency-key "s483690286-idem-163", :dup? true}
2026-09-21 14:58:11,249{GMT}	INFO	[jepsen worker 3] jepsen.print: 3	:ok	:mq-poll	{:topic "jepsen-mq-s483690286", :partition 0, :consumer-group "cg-s483690286", :max-count 64}
2026-09-21 14:58:11,748{GMT}	INFO	[jepsen worker 4] jepsen.print: 4	:invoke	:mq-poll	{:topic "jepsen-mq-s483690286", :partition 0, :consumer-group "cg-s483690286", :max-count 64}
2026-09-21 14:58:11,754{GMT}	INFO	[jepsen worker 0] jepsen.print: 0	:invoke	:mq-publish	{:topic "jepsen-mq-s483690286", :partition 0, :payload "s483690286-m165", :idempotency-key "s483690286-idem-165", :dup? false}
2026-09-21 14:58:11,762{GMT}	INFO	[jepsen worker 0] jepsen.print: 0	:ok	:mq-publish	{:topic "jepsen-mq-s483690286", :partition 0, :payload "s483690286-m165", :idempotency-key "s483690286-idem-165", :dup? false}
2026-09-21 14:58:11,830{GMT}	INFO	[jepsen worker 4] jepsen.print: 4	:ok	:mq-poll	{:topic "jepsen-mq-s483690286", :partition 0, :consumer-group "cg-s483690286", :max-count 64}
2026-09-21 14:58:11,925{GMT}	INFO	[jepsen worker 0] jepsen.print: 0	:invoke	:mq-publish	{:topic "jepsen-mq-s483690286", :partition 0, :payload "s483690286-m169", :idempotency-key "s483690286-idem-169", :dup? false}
2026-09-21 14:58:11,931{GMT}	INFO	[jepsen worker 0] jepsen.print: 0	:ok	:mq-publish	{:topic "jepsen-mq-s483690286", :partition 0, :payload "s483690286-m169", :idempotency-key "s483690286-idem-169", :dup? false}
2026-09-21 14:58:12,086{GMT}	INFO	[jepsen worker 1] jepsen.print: 1	:invoke	:mq-publish	{:topic "jepsen-mq-s483690286", :partition 0, :payload "s483690286-m172", :idempotency-key "s483690286-idem-172", :dup? false}
2026-09-21 14:58:12,092{GMT}	INFO	[jepsen worker 1] jepsen.print: 1	:ok	:mq-publish	{:topic "jepsen-mq-s483690286", :partition 0, :payload "s483690286-m172", :idempotency-key "s483690286-idem-172", :dup? false}
2026-09-21 14:58:12,885{GMT}	INFO	[jepsen worker 2] jepsen.print: 2	:invoke	:mq-publish	{:topic "jepsen-mq-s483690286", :partition 0, :payload "s483690286-m175", :idempotency-key "s483690286-idem-175", :dup? true}
2026-09-21 14:58:12,893{GMT}	INFO	[jepsen worker 2] jepsen.print: 2	:ok	:mq-publish	{:topic "jepsen-mq-s483690286", :partition 0, :payload "s483690286-m175", :idempotency-key "s483690286-idem-175", :dup? true}
2026-09-21 14:58:13,884{GMT}	INFO	[jepsen worker 3] jepsen.print: 3	:invoke	:mq-publish	{:topic "jepsen-mq-s483690286", :partition 0, :payload "s483690286-m178", :idempotency-key "s483690286-idem-178", :dup? true}
2026-09-21 14:58:13,892{GMT}	INFO	[jepsen worker 3] jepsen.print: 3	:ok	:mq-publish	{:topic "jepsen-mq-s483690286", :partition 0, :payload "s483690286-m178", :idempotency-key "s483690286-idem-178", :dup? true}
2026-09-21 14:58:15,302{GMT}	INFO	[jepsen worker 4] jepsen.print: 4	:invoke	:mq-publish	{:topic "jepsen-mq-s483690286", :partition 0, :payload "s483690286-m181", :idempotency-key "s483690286-idem-181", :dup? false}
2026-09-21 14:58:15,309{GMT}	INFO	[jepsen worker 4] jepsen.print: 4	:ok	:mq-publish	{:topic "jepsen-mq-s483690286", :partition 0, :payload "s483690286-m181", :idempotency-key "s483690286-idem-181", :dup? false}
2026-09-21 14:58:15,357{GMT}	INFO	[jepsen worker 0] jepsen.print: 0	:invoke	:mq-poll	{:topic "jepsen-mq-s483690286", :partition 0, :consumer-group "cg-s483690286", :max-count 64}
2026-09-21 14:58:15,382{GMT}	INFO	[jepsen worker 1] jepsen.print: 1	:invoke	:mq-poll	{:topic "jepsen-mq-s483690286", :partition 0, :consumer-group "cg-s483690286", :max-count 64}
2026-09-21 14:58:15,403{GMT}	INFO	[jepsen worker 0] jepsen.print: 0	:ok	:mq-poll	{:topic "jepsen-mq-s483690286", :partition 0, :consumer-group "cg-s483690286", :max-count 64}
2026-09-21 14:58:15,529{GMT}	INFO	[jepsen worker 2] jepsen.print: 2	:invoke	:mq-publish	{:topic "jepsen-mq-s483690286", :partition 0, :payload "s483690286-m184", :idempotency-key "s483690286-idem-184", :dup? false}
2026-09-21 14:58:15,535{GMT}	INFO	[jepsen worker 2] jepsen.print: 2	:ok	:mq-publish	{:topic "jepsen-mq-s483690286", :partition 0, :payload "s483690286-m184", :idempotency-key "s483690286-idem-184", :dup? false}
2026-09-21 14:58:15,540{GMT}	INFO	[jepsen worker 1] jepsen.print: 1	:ok	:mq-poll	{:topic "jepsen-mq-s483690286", :partition 0, :consumer-group "cg-s483690286", :max-count 64}
2026-09-21 14:58:15,672{GMT}	INFO	[jepsen worker 2] jepsen.print: 2	:invoke	:mq-poll	{:topic "jepsen-mq-s483690286", :partition 0, :consumer-group "cg-s483690286", :max-count 64}
2026-09-21 14:58:15,775{GMT}	INFO	[jepsen worker 2] jepsen.print: 2	:ok	:mq-poll	{:topic "jepsen-mq-s483690286", :partition 0, :consumer-group "cg-s483690286", :max-count 64}
2026-09-21 14:58:15,853{GMT}	INFO	[jepsen worker 3] jepsen.print: 3	:invoke	:mq-publish	{:topic "jepsen-mq-s483690286", :partition 0, :payload "s483690286-m187", :idempotency-key "s483690286-idem-187", :dup? false}
2026-09-21 14:58:15,858{GMT}	INFO	[jepsen worker 3] jepsen.print: 3	:ok	:mq-publish	{:topic "jepsen-mq-s483690286", :partition 0, :payload "s483690286-m187", :idempotency-key "s483690286-idem-187", :dup? false}
2026-09-21 14:58:16,027{GMT}	INFO	[jepsen worker 4] jepsen.print: 4	:invoke	:mq-publish	{:topic "jepsen-mq-s483690286", :partition 0, :payload "s483690286-m190", :idempotency-key "s483690286-idem-190", :dup? false}
2026-09-21 14:58:16,033{GMT}	INFO	[jepsen worker 4] jepsen.print: 4	:ok	:mq-publish	{:topic "jepsen-mq-s483690286", :partition 0, :payload "s483690286-m190", :idempotency-key "s483690286-idem-190", :dup? false}
2026-09-21 14:58:16,121{GMT}	INFO	[jepsen worker 0] jepsen.print: 0	:invoke	:mq-publish	{:topic "jepsen-mq-s483690286", :partition 0, :payload "s483690286-m193", :idempotency-key "s483690286-idem-193", :dup? true}
2026-09-21 14:58:16,129{GMT}	INFO	[jepsen worker 0] jepsen.print: 0	:ok	:mq-publish	{:topic "jepsen-mq-s483690286", :partition 0, :payload "s483690286-m193", :idempotency-key "s483690286-idem-193", :dup? true}
2026-09-21 14:58:16,174{GMT}	INFO	[jepsen worker 0] jepsen.print: 0	:invoke	:mq-publish	{:topic "jepsen-mq-s483690286", :partition 0, :payload "s483690286-m196", :idempotency-key "s483690286-idem-196", :dup? false}
2026-09-21 14:58:16,180{GMT}	INFO	[jepsen worker 0] jepsen.print: 0	:ok	:mq-publish	{:topic "jepsen-mq-s483690286", :partition 0, :payload "s483690286-m196", :idempotency-key "s483690286-idem-196", :dup? false}
2026-09-21 14:58:16,606{GMT}	INFO	[jepsen worker 1] jepsen.print: 1	:invoke	:mq-poll	{:topic "jepsen-mq-s483690286", :partition 0, :consumer-group "cg-s483690286", :max-count 64}
2026-09-21 14:58:16,633{GMT}	INFO	[jepsen worker 1] jepsen.print: 1	:ok	:mq-poll	{:topic "jepsen-mq-s483690286", :partition 0, :consumer-group "cg-s483690286", :max-count 64}
2026-09-21 14:58:16,688{GMT}	INFO	[jepsen worker 2] jepsen.print: 2	:invoke	:mq-publish	{:topic "jepsen-mq-s483690286", :partition 0, :payload "s483690286-m199", :idempotency-key "s483690286-idem-199", :dup? false}
2026-09-21 14:58:16,693{GMT}	INFO	[jepsen worker 2] jepsen.print: 2	:ok	:mq-publish	{:topic "jepsen-mq-s483690286", :partition 0, :payload "s483690286-m199", :idempotency-key "s483690286-idem-199", :dup? false}
2026-09-21 14:58:16,858{GMT}	INFO	[jepsen worker 3] jepsen.print: 3	:invoke	:mq-poll	{:topic "jepsen-mq-s483690286", :partition 0, :consumer-group "cg-s483690286", :max-count 64}
2026-09-21 14:58:16,913{GMT}	INFO	[jepsen worker 3] jepsen.print: 3	:ok	:mq-poll	{:topic "jepsen-mq-s483690286", :partition 0, :consumer-group "cg-s483690286", :max-count 64}
2026-09-21 14:58:17,184{GMT}	INFO	[jepsen worker 4] jepsen.print: 4	:invoke	:mq-publish	{:topic "jepsen-mq-s483690286", :partition 0, :payload "s483690286-m202", :idempotency-key "s483690286-idem-202", :dup? false}
2026-09-21 14:58:17,190{GMT}	INFO	[jepsen worker 4] jepsen.print: 4	:ok	:mq-publish	{:topic "jepsen-mq-s483690286", :partition 0, :payload "s483690286-m202", :idempotency-key "s483690286-idem-202", :dup? false}
2026-09-21 14:58:17,408{GMT}	INFO	[jepsen worker 0] jepsen.print: 0	:invoke	:mq-publish	{:topic "jepsen-mq-s483690286", :partition 0, :payload "s483690286-m205", :idempotency-key "s483690286-idem-205", :dup? true}
2026-09-21 14:58:17,415{GMT}	INFO	[jepsen worker 0] jepsen.print: 0	:ok	:mq-publish	{:topic "jepsen-mq-s483690286", :partition 0, :payload "s483690286-m205", :idempotency-key "s483690286-idem-205", :dup? true}
2026-09-21 14:58:17,554{GMT}	INFO	[jepsen worker 0] jepsen.print: 0	:invoke	:mq-poll	{:topic "jepsen-mq-s483690286", :partition 0, :consumer-group "cg-s483690286", :max-count 64}
2026-09-21 14:58:17,564{GMT}	INFO	[jepsen worker 1] jepsen.print: 1	:invoke	:mq-publish	{:topic "jepsen-mq-s483690286", :partition 0, :payload "s483690286-m207", :idempotency-key "s483690286-idem-207", :dup? false}
2026-09-21 14:58:17,570{GMT}	INFO	[jepsen worker 1] jepsen.print: 1	:ok	:mq-publish	{:topic "jepsen-mq-s483690286", :partition 0, :payload "s483690286-m207", :idempotency-key "s483690286-idem-207", :dup? false}
2026-09-21 14:58:17,595{GMT}	INFO	[jepsen worker 0] jepsen.print: 0	:ok	:mq-poll	{:topic "jepsen-mq-s483690286", :partition 0, :consumer-group "cg-s483690286", :max-count 64}
2026-09-21 14:58:18,024{GMT}	INFO	[jepsen worker 2] jepsen.print: 2	:invoke	:mq-publish	{:topic "jepsen-mq-s483690286", :partition 0, :payload "s483690286-m211", :idempotency-key "s483690286-idem-211", :dup? false}
2026-09-21 14:58:18,031{GMT}	INFO	[jepsen worker 2] jepsen.print: 2	:ok	:mq-publish	{:topic "jepsen-mq-s483690286", :partition 0, :payload "s483690286-m211", :idempotency-key "s483690286-idem-211", :dup? false}
2026-09-21 14:58:18,565{GMT}	INFO	[jepsen worker 3] jepsen.print: 3	:invoke	:mq-publish	{:topic "jepsen-mq-s483690286", :partition 0, :payload "s483690286-m214", :idempotency-key "s483690286-idem-214", :dup? false}
2026-09-21 14:58:18,571{GMT}	INFO	[jepsen worker 3] jepsen.print: 3	:ok	:mq-publish	{:topic "jepsen-mq-s483690286", :partition 0, :payload "s483690286-m214", :idempotency-key "s483690286-idem-214", :dup? false}
2026-09-21 14:58:18,881{GMT}	INFO	[jepsen worker 4] jepsen.print: 4	:invoke	:mq-poll	{:topic "jepsen-mq-s483690286", :partition 0, :consumer-group "cg-s483690286", :max-count 64}
2026-09-21 14:58:18,955{GMT}	INFO	[jepsen worker 4] jepsen.print: 4	:ok	:mq-poll	{:topic "jepsen-mq-s483690286", :partition 0, :consumer-group "cg-s483690286", :max-count 64}
2026-09-21 14:58:18,962{GMT}	INFO	[jepsen worker 0] jepsen.print: 0	:invoke	:mq-poll	{:topic "jepsen-mq-s483690286", :partition 0, :consumer-group "cg-s483690286", :max-count 64}
2026-09-21 14:58:18,975{GMT}	INFO	[jepsen worker 0] jepsen.print: 0	:ok	:mq-poll	{:topic "jepsen-mq-s483690286", :partition 0, :consumer-group "cg-s483690286", :max-count 64}
2026-09-21 14:58:19,024{GMT}	INFO	[jepsen worker 0] jepsen.print: 0	:invoke	:mq-poll	{:topic "jepsen-mq-s483690286", :partition 0, :consumer-group "cg-s483690286", :max-count 64}
2026-09-21 14:58:19,027{GMT}	INFO	[jepsen worker 0] jepsen.print: 0	:ok	:mq-poll	{:topic "jepsen-mq-s483690286", :partition 0, :consumer-group "cg-s483690286", :max-count 64}
2026-09-21 14:58:19,145{GMT}	INFO	[jepsen worker 1] jepsen.print: 1	:invoke	:mq-poll	{:topic "jepsen-mq-s483690286", :partition 0, :consumer-group "cg-s483690286", :max-count 64}
2026-09-21 14:58:19,175{GMT}	INFO	[jepsen worker 1] jepsen.print: 1	:ok	:mq-poll	{:topic "jepsen-mq-s483690286", :partition 0, :consumer-group "cg-s483690286", :max-count 64}
2026-09-21 14:58:19,610{GMT}	INFO	[jepsen worker 2] jepsen.print: 2	:invoke	:mq-publish	{:topic "jepsen-mq-s483690286", :partition 0, :payload "s483690286-m217", :idempotency-key "s483690286-idem-217", :dup? true}
2026-09-21 14:58:19,620{GMT}	INFO	[jepsen worker 2] jepsen.print: 2	:ok	:mq-publish	{:topic "jepsen-mq-s483690286", :partition 0, :payload "s483690286-m217", :idempotency-key "s483690286-idem-217", :dup? true}
2026-09-21 14:58:20,001{GMT}	INFO	[jepsen worker 3] jepsen.print: 3	:invoke	:mq-publish	{:topic "jepsen-mq-s483690286", :partition 0, :payload "s483690286-m220", :idempotency-key "s483690286-idem-220", :dup? true}
2026-09-21 14:58:20,010{GMT}	INFO	[jepsen worker 3] jepsen.print: 3	:ok	:mq-publish	{:topic "jepsen-mq-s483690286", :partition 0, :payload "s483690286-m220", :idempotency-key "s483690286-idem-220", :dup? true}
2026-09-21 14:58:20,035{GMT}	INFO	[jepsen worker 4] jepsen.print: 4	:invoke	:mq-poll	{:topic "jepsen-mq-s483690286", :partition 0, :consumer-group "cg-s483690286", :max-count 64}
2026-09-21 14:58:20,048{GMT}	INFO	[jepsen worker 4] jepsen.print: 4	:ok	:mq-poll	{:topic "jepsen-mq-s483690286", :partition 0, :consumer-group "cg-s483690286", :max-count 64}
2026-09-21 14:58:20,088{GMT}	INFO	[jepsen worker 0] jepsen.print: 0	:invoke	:mq-poll	{:topic "jepsen-mq-s483690286", :partition 0, :consumer-group "cg-s483690286", :max-count 64}
2026-09-21 14:58:20,104{GMT}	INFO	[jepsen worker 0] jepsen.print: 0	:ok	:mq-poll	{:topic "jepsen-mq-s483690286", :partition 0, :consumer-group "cg-s483690286", :max-count 64}
2026-09-21 14:58:20,292{GMT}	INFO	[jepsen worker 0] jepsen.print: 0	:invoke	:mq-poll	{:topic "jepsen-mq-s483690286", :partition 0, :consumer-group "cg-s483690286", :max-count 64}
2026-09-21 14:58:20,293{GMT}	INFO	[jepsen worker 0] jepsen.print: 0	:ok	:mq-poll	{:topic "jepsen-mq-s483690286", :partition 0, :consumer-group "cg-s483690286", :max-count 64}
2026-09-21 14:58:21,381{GMT}	INFO	[jepsen worker 1] jepsen.print: 1	:invoke	:mq-publish	{:topic "jepsen-mq-s483690286", :partition 0, :payload "s483690286-m223", :idempotency-key "s483690286-idem-223", :dup? false}
2026-09-21 14:58:21,388{GMT}	INFO	[jepsen worker 1] jepsen.print: 1	:ok	:mq-publish	{:topic "jepsen-mq-s483690286", :partition 0, :payload "s483690286-m223", :idempotency-key "s483690286-idem-223", :dup? false}
2026-09-21 14:58:21,392{GMT}	INFO	[jepsen worker 2] jepsen.print: 2	:invoke	:mq-publish	{:topic "jepsen-mq-s483690286", :partition 0, :payload "s483690286-m226", :idempotency-key "s483690286-idem-226", :dup? true}
2026-09-21 14:58:21,399{GMT}	INFO	[jepsen worker 2] jepsen.print: 2	:ok	:mq-publish	{:topic "jepsen-mq-s483690286", :partition 0, :payload "s483690286-m226", :idempotency-key "s483690286-idem-226", :dup? true}
2026-09-21 14:58:21,464{GMT}	INFO	[jepsen worker 3] jepsen.print: 3	:invoke	:mq-publish	{:topic "jepsen-mq-s483690286", :partition 0, :payload "s483690286-m229", :idempotency-key "s483690286-idem-229", :dup? false}
2026-09-21 14:58:21,469{GMT}	INFO	[jepsen worker 3] jepsen.print: 3	:ok	:mq-publish	{:topic "jepsen-mq-s483690286", :partition 0, :payload "s483690286-m229", :idempotency-key "s483690286-idem-229", :dup? false}
2026-09-21 14:58:21,824{GMT}	INFO	[jepsen worker 4] jepsen.print: 4	:invoke	:mq-poll	{:topic "jepsen-mq-s483690286", :partition 0, :consumer-group "cg-s483690286", :max-count 64}
2026-09-21 14:58:21,841{GMT}	INFO	[jepsen worker 4] jepsen.print: 4	:ok	:mq-poll	{:topic "jepsen-mq-s483690286", :partition 0, :consumer-group "cg-s483690286", :max-count 64}
2026-09-21 14:58:21,998{GMT}	INFO	[jepsen worker 0] jepsen.print: 0	:invoke	:mq-publish	{:topic "jepsen-mq-s483690286", :partition 0, :payload "s483690286-m232", :idempotency-key "s483690286-idem-232", :dup? false}
2026-09-21 14:58:22,003{GMT}	INFO	[jepsen worker 0] jepsen.print: 0	:ok	:mq-publish	{:topic "jepsen-mq-s483690286", :partition 0, :payload "s483690286-m232", :idempotency-key "s483690286-idem-232", :dup? false}
2026-09-21 14:58:22,063{GMT}	INFO	[jepsen worker 0] jepsen.print: 0	:invoke	:mq-poll	{:topic "jepsen-mq-s483690286", :partition 0, :consumer-group "cg-s483690286", :max-count 64}
2026-09-21 14:58:22,085{GMT}	INFO	[jepsen worker 0] jepsen.print: 0	:ok	:mq-poll	{:topic "jepsen-mq-s483690286", :partition 0, :consumer-group "cg-s483690286", :max-count 64}
2026-09-21 14:58:22,340{GMT}	INFO	[jepsen worker 1] jepsen.print: 1	:invoke	:mq-poll	{:topic "jepsen-mq-s483690286", :partition 0, :consumer-group "cg-s483690286", :max-count 64}
2026-09-21 14:58:22,369{GMT}	INFO	[jepsen worker 1] jepsen.print: 1	:ok	:mq-poll	{:topic "jepsen-mq-s483690286", :partition 0, :consumer-group "cg-s483690286", :max-count 64}
2026-09-21 14:58:22,706{GMT}	INFO	[jepsen worker 2] jepsen.print: 2	:invoke	:mq-publish	{:topic "jepsen-mq-s483690286", :partition 0, :payload "s483690286-m235", :idempotency-key "s483690286-idem-235", :dup? false}
2026-09-21 14:58:22,712{GMT}	INFO	[jepsen worker 2] jepsen.print: 2	:ok	:mq-publish	{:topic "jepsen-mq-s483690286", :partition 0, :payload "s483690286-m235", :idempotency-key "s483690286-idem-235", :dup? false}
2026-09-21 14:58:23,179{GMT}	INFO	[jepsen worker 3] jepsen.print: 3	:invoke	:mq-publish	{:topic "jepsen-mq-s483690286", :partition 0, :payload "s483690286-m238", :idempotency-key "s483690286-idem-238", :dup? false}
2026-09-21 14:58:23,185{GMT}	INFO	[jepsen worker 3] jepsen.print: 3	:ok	:mq-publish	{:topic "jepsen-mq-s483690286", :partition 0, :payload "s483690286-m238", :idempotency-key "s483690286-idem-238", :dup? false}
2026-09-21 14:58:24,432{GMT}	INFO	[jepsen worker 4] jepsen.print: 4	:invoke	:mq-poll	{:topic "jepsen-mq-s483690286", :partition 0, :consumer-group "cg-s483690286", :max-count 64}
2026-09-21 14:58:24,449{GMT}	INFO	[jepsen worker 4] jepsen.print: 4	:ok	:mq-poll	{:topic "jepsen-mq-s483690286", :partition 0, :consumer-group "cg-s483690286", :max-count 64}
2026-09-21 14:58:24,683{GMT}	INFO	[jepsen worker 0] jepsen.print: 0	:invoke	:mq-publish	{:topic "jepsen-mq-s483690286", :partition 0, :payload "s483690286-m241", :idempotency-key "s483690286-idem-241", :dup? false}
2026-09-21 14:58:24,688{GMT}	INFO	[jepsen worker 0] jepsen.print: 0	:ok	:mq-publish	{:topic "jepsen-mq-s483690286", :partition 0, :payload "s483690286-m241", :idempotency-key "s483690286-idem-241", :dup? false}
2026-09-21 14:58:26,169{GMT}	INFO	[jepsen worker 0] jepsen.print: 0	:invoke	:mq-poll	{:topic "jepsen-mq-s483690286", :partition 0, :consumer-group "cg-s483690286", :max-count 64}
2026-09-21 14:58:26,184{GMT}	INFO	[jepsen worker 0] jepsen.print: 0	:ok	:mq-poll	{:topic "jepsen-mq-s483690286", :partition 0, :consumer-group "cg-s483690286", :max-count 64}
2026-09-21 14:58:26,604{GMT}	INFO	[jepsen worker 1] jepsen.print: 1	:invoke	:mq-publish	{:topic "jepsen-mq-s483690286", :partition 0, :payload "s483690286-m244", :idempotency-key "s483690286-idem-244", :dup? false}
2026-09-21 14:58:26,610{GMT}	INFO	[jepsen worker 1] jepsen.print: 1	:ok	:mq-publish	{:topic "jepsen-mq-s483690286", :partition 0, :payload "s483690286-m244", :idempotency-key "s483690286-idem-244", :dup? false}
2026-09-21 14:58:26,847{GMT}	INFO	[jepsen worker 2] jepsen.print: 2	:invoke	:mq-publish	{:topic "jepsen-mq-s483690286", :partition 0, :payload "s483690286-m247", :idempotency-key "s483690286-idem-247", :dup? false}
2026-09-21 14:58:26,853{GMT}	INFO	[jepsen worker 2] jepsen.print: 2	:ok	:mq-publish	{:topic "jepsen-mq-s483690286", :partition 0, :payload "s483690286-m247", :idempotency-key "s483690286-idem-247", :dup? false}
2026-09-21 14:58:26,898{GMT}	INFO	[jepsen worker 3] jepsen.print: 3	:invoke	:mq-poll	{:topic "jepsen-mq-s483690286", :partition 0, :consumer-group "cg-s483690286", :max-count 64}
2026-09-21 14:58:26,967{GMT}	INFO	[jepsen worker 3] jepsen.print: 3	:ok	:mq-poll	{:topic "jepsen-mq-s483690286", :partition 0, :consumer-group "cg-s483690286", :max-count 64}
2026-09-21 14:58:27,091{GMT}	INFO	[jepsen worker 4] jepsen.print: 4	:invoke	:mq-publish	{:topic "jepsen-mq-s483690286", :partition 0, :payload "s483690286-m250", :idempotency-key "s483690286-idem-250", :dup? false}
2026-09-21 14:58:27,097{GMT}	INFO	[jepsen worker 4] jepsen.print: 4	:ok	:mq-publish	{:topic "jepsen-mq-s483690286", :partition 0, :payload "s483690286-m250", :idempotency-key "s483690286-idem-250", :dup? false}
2026-09-21 14:58:27,140{GMT}	INFO	[jepsen worker 0] jepsen.print: 0	:invoke	:mq-poll	{:topic "jepsen-mq-s483690286", :partition 0, :consumer-group "cg-s483690286", :max-count 64}
2026-09-21 14:58:27,153{GMT}	INFO	[jepsen worker 0] jepsen.print: 0	:ok	:mq-poll	{:topic "jepsen-mq-s483690286", :partition 0, :consumer-group "cg-s483690286", :max-count 64}
2026-09-21 14:58:27,397{GMT}	INFO	[jepsen worker 0] jepsen.print: 0	:invoke	:mq-publish	{:topic "jepsen-mq-s483690286", :partition 0, :payload "s483690286-m253", :idempotency-key "s483690286-idem-253", :dup? false}
2026-09-21 14:58:27,402{GMT}	INFO	[jepsen worker 0] jepsen.print: 0	:ok	:mq-publish	{:topic "jepsen-mq-s483690286", :partition 0, :payload "s483690286-m253", :idempotency-key "s483690286-idem-253", :dup? false}
2026-09-21 14:58:27,475{GMT}	INFO	[jepsen worker 1] jepsen.print: 1	:invoke	:mq-publish	{:topic "jepsen-mq-s483690286", :partition 0, :payload "s483690286-m256", :idempotency-key "s483690286-idem-256", :dup? false}
2026-09-21 14:58:27,482{GMT}	INFO	[jepsen worker 1] jepsen.print: 1	:ok	:mq-publish	{:topic "jepsen-mq-s483690286", :partition 0, :payload "s483690286-m256", :idempotency-key "s483690286-idem-256", :dup? false}
2026-09-21 14:58:27,720{GMT}	INFO	[jepsen worker 2] jepsen.print: 2	:invoke	:mq-publish	{:topic "jepsen-mq-s483690286", :partition 0, :payload "s483690286-m259", :idempotency-key "s483690286-idem-259", :dup? false}
2026-09-21 14:58:27,728{GMT}	INFO	[jepsen worker 2] jepsen.print: 2	:ok	:mq-publish	{:topic "jepsen-mq-s483690286", :partition 0, :payload "s483690286-m259", :idempotency-key "s483690286-idem-259", :dup? false}
2026-09-21 14:58:27,837{GMT}	INFO	[jepsen worker 3] jepsen.print: 3	:invoke	:mq-publish	{:topic "jepsen-mq-s483690286", :partition 0, :payload "s483690286-m262", :idempotency-key "s483690286-idem-262", :dup? false}
2026-09-21 14:58:27,843{GMT}	INFO	[jepsen worker 3] jepsen.print: 3	:ok	:mq-publish	{:topic "jepsen-mq-s483690286", :partition 0, :payload "s483690286-m262", :idempotency-key "s483690286-idem-262", :dup? false}
2026-09-21 14:58:28,100{GMT}	INFO	[jepsen worker 4] jepsen.print: 4	:invoke	:mq-publish	{:topic "jepsen-mq-s483690286", :partition 0, :payload "s483690286-m265", :idempotency-key "s483690286-idem-265", :dup? false}
2026-09-21 14:58:28,105{GMT}	INFO	[jepsen worker 4] jepsen.print: 4	:ok	:mq-publish	{:topic "jepsen-mq-s483690286", :partition 0, :payload "s483690286-m265", :idempotency-key "s483690286-idem-265", :dup? false}
2026-09-21 14:58:28,427{GMT}	INFO	[jepsen worker 0] jepsen.print: 0	:invoke	:mq-publish	{:topic "jepsen-mq-s483690286", :partition 0, :payload "s483690286-m268", :idempotency-key "s483690286-idem-268", :dup? true}
2026-09-21 14:58:28,437{GMT}	INFO	[jepsen worker 0] jepsen.print: 0	:ok	:mq-publish	{:topic "jepsen-mq-s483690286", :partition 0, :payload "s483690286-m268", :idempotency-key "s483690286-idem-268", :dup? true}
2026-09-21 14:58:28,753{GMT}	INFO	[jepsen worker 0] jepsen.print: 0	:invoke	:mq-poll	{:topic "jepsen-mq-s483690286", :partition 0, :consumer-group "cg-s483690286", :max-count 64}
2026-09-21 14:58:28,773{GMT}	INFO	[jepsen worker 1] jepsen.print: 1	:invoke	:mq-publish	{:topic "jepsen-mq-s483690286", :partition 0, :payload "s483690286-m270", :idempotency-key "s483690286-idem-270", :dup? true}
2026-09-21 14:58:28,783{GMT}	INFO	[jepsen worker 1] jepsen.print: 1	:ok	:mq-publish	{:topic "jepsen-mq-s483690286", :partition 0, :payload "s483690286-m270", :idempotency-key "s483690286-idem-270", :dup? true}
2026-09-21 14:58:28,785{GMT}	INFO	[jepsen worker 2] jepsen.print: 2	:invoke	:mq-poll	{:topic "jepsen-mq-s483690286", :partition 0, :consumer-group "cg-s483690286", :max-count 64}
2026-09-21 14:58:28,787{GMT}	INFO	[jepsen worker 0] jepsen.print: 0	:ok	:mq-poll	{:topic "jepsen-mq-s483690286", :partition 0, :consumer-group "cg-s483690286", :max-count 64}
2026-09-21 14:58:28,895{GMT}	INFO	[jepsen worker 3] jepsen.print: 3	:invoke	:mq-publish	{:topic "jepsen-mq-s483690286", :partition 0, :payload "s483690286-m273", :idempotency-key "s483690286-idem-273", :dup? false}
2026-09-21 14:58:28,903{GMT}	INFO	[jepsen worker 3] jepsen.print: 3	:ok	:mq-publish	{:topic "jepsen-mq-s483690286", :partition 0, :payload "s483690286-m273", :idempotency-key "s483690286-idem-273", :dup? false}
2026-09-21 14:58:28,912{GMT}	INFO	[jepsen worker 2] jepsen.print: 2	:ok	:mq-poll	{:topic "jepsen-mq-s483690286", :partition 0, :consumer-group "cg-s483690286", :max-count 64}
2026-09-21 14:58:28,983{GMT}	INFO	[jepsen worker 4] jepsen.print: 4	:invoke	:mq-publish	{:topic "jepsen-mq-s483690286", :partition 0, :payload "s483690286-m277", :idempotency-key "s483690286-idem-277", :dup? false}
2026-09-21 14:58:28,988{GMT}	INFO	[jepsen worker 4] jepsen.print: 4	:ok	:mq-publish	{:topic "jepsen-mq-s483690286", :partition 0, :payload "s483690286-m277", :idempotency-key "s483690286-idem-277", :dup? false}
2026-09-21 14:58:29,071{GMT}	INFO	[jepsen worker 0] jepsen.print: 0	:invoke	:mq-publish	{:topic "jepsen-mq-s483690286", :partition 0, :payload "s483690286-m280", :idempotency-key "s483690286-idem-280", :dup? true}
2026-09-21 14:58:29,076{GMT}	INFO	[jepsen worker 1] jepsen.print: 1	:invoke	:mq-poll	{:topic "jepsen-mq-s483690286", :partition 0, :consumer-group "cg-s483690286", :max-count 64}
2026-09-21 14:58:29,079{GMT}	INFO	[jepsen worker 0] jepsen.print: 0	:ok	:mq-publish	{:topic "jepsen-mq-s483690286", :partition 0, :payload "s483690286-m280", :idempotency-key "s483690286-idem-280", :dup? true}
2026-09-21 14:58:29,149{GMT}	INFO	[jepsen worker 1] jepsen.print: 1	:ok	:mq-poll	{:topic "jepsen-mq-s483690286", :partition 0, :consumer-group "cg-s483690286", :max-count 64}
2026-09-21 14:58:29,319{GMT}	INFO	[jepsen worker 1] jepsen.print: 1	:invoke	:mq-publish	{:topic "jepsen-mq-s483690286", :partition 0, :payload "s483690286-m284", :idempotency-key "s483690286-idem-284", :dup? false}
2026-09-21 14:58:29,324{GMT}	INFO	[jepsen worker 1] jepsen.print: 1	:ok	:mq-publish	{:topic "jepsen-mq-s483690286", :partition 0, :payload "s483690286-m284", :idempotency-key "s483690286-idem-284", :dup? false}
2026-09-21 14:58:29,733{GMT}	INFO	[jepsen worker 2] jepsen.print: 2	:invoke	:mq-poll	{:topic "jepsen-mq-s483690286", :partition 0, :consumer-group "cg-s483690286", :max-count 64}
2026-09-21 14:58:29,753{GMT}	INFO	[jepsen worker 2] jepsen.print: 2	:ok	:mq-poll	{:topic "jepsen-mq-s483690286", :partition 0, :consumer-group "cg-s483690286", :max-count 64}
2026-09-21 14:58:29,940{GMT}	INFO	[jepsen worker 3] jepsen.print: 3	:invoke	:mq-poll	{:topic "jepsen-mq-s483690286", :partition 0, :consumer-group "cg-s483690286", :max-count 64}
2026-09-21 14:58:29,994{GMT}	INFO	[jepsen worker 3] jepsen.print: 3	:ok	:mq-poll	{:topic "jepsen-mq-s483690286", :partition 0, :consumer-group "cg-s483690286", :max-count 64}
2026-09-21 14:58:30,295{GMT}	INFO	[jepsen worker 4] jepsen.print: 4	:invoke	:mq-publish	{:topic "jepsen-mq-s483690286", :partition 0, :payload "s483690286-m287", :idempotency-key "s483690286-idem-287", :dup? false}
2026-09-21 14:58:30,299{GMT}	INFO	[jepsen worker 4] jepsen.print: 4	:ok	:mq-publish	{:topic "jepsen-mq-s483690286", :partition 0, :payload "s483690286-m287", :idempotency-key "s483690286-idem-287", :dup? false}
2026-09-21 14:58:30,714{GMT}	INFO	[jepsen worker 0] jepsen.print: 0	:invoke	:mq-poll	{:topic "jepsen-mq-s483690286", :partition 0, :consumer-group "cg-s483690286", :max-count 64}
2026-09-21 14:58:30,744{GMT}	INFO	[jepsen worker 0] jepsen.print: 0	:ok	:mq-poll	{:topic "jepsen-mq-s483690286", :partition 0, :consumer-group "cg-s483690286", :max-count 64}
2026-09-21 14:58:31,288{GMT}	INFO	[jepsen worker 0] jepsen.print: 0	:invoke	:mq-publish	{:topic "jepsen-mq-s483690286", :partition 0, :payload "s483690286-m290", :idempotency-key "s483690286-idem-290", :dup? true}
2026-09-21 14:58:31,295{GMT}	INFO	[jepsen worker 0] jepsen.print: 0	:ok	:mq-publish	{:topic "jepsen-mq-s483690286", :partition 0, :payload "s483690286-m290", :idempotency-key "s483690286-idem-290", :dup? true}
2026-09-21 14:58:31,879{GMT}	INFO	[jepsen worker 1] jepsen.print: 1	:invoke	:mq-publish	{:topic "jepsen-mq-s483690286", :partition 0, :payload "s483690286-m293", :idempotency-key "s483690286-idem-293", :dup? false}
2026-09-21 14:58:31,887{GMT}	INFO	[jepsen worker 1] jepsen.print: 1	:ok	:mq-publish	{:topic "jepsen-mq-s483690286", :partition 0, :payload "s483690286-m293", :idempotency-key "s483690286-idem-293", :dup? false}
2026-09-21 14:58:32,321{GMT}	INFO	[jepsen worker 2] jepsen.print: 2	:invoke	:mq-poll	{:topic "jepsen-mq-s483690286", :partition 0, :consumer-group "cg-s483690286", :max-count 64}
2026-09-21 14:58:32,338{GMT}	INFO	[jepsen worker 3] jepsen.print: 3	:invoke	:mq-poll	{:topic "jepsen-mq-s483690286", :partition 0, :consumer-group "cg-s483690286", :max-count 64}
2026-09-21 14:58:32,339{GMT}	INFO	[jepsen worker 2] jepsen.print: 2	:ok	:mq-poll	{:topic "jepsen-mq-s483690286", :partition 0, :consumer-group "cg-s483690286", :max-count 64}
2026-09-21 14:58:32,355{GMT}	INFO	[jepsen worker 3] jepsen.print: 3	:ok	:mq-poll	{:topic "jepsen-mq-s483690286", :partition 0, :consumer-group "cg-s483690286", :max-count 64}
2026-09-21 14:58:32,588{GMT}	INFO	[jepsen worker 4] jepsen.print: 4	:invoke	:mq-publish	{:topic "jepsen-mq-s483690286", :partition 0, :payload "s483690286-m297", :idempotency-key "s483690286-idem-297", :dup? false}
2026-09-21 14:58:32,592{GMT}	INFO	[jepsen worker 4] jepsen.print: 4	:ok	:mq-publish	{:topic "jepsen-mq-s483690286", :partition 0, :payload "s483690286-m297", :idempotency-key "s483690286-idem-297", :dup? false}
2026-09-21 14:58:32,703{GMT}	INFO	[jepsen worker 0] jepsen.print: 0	:invoke	:mq-publish	{:topic "jepsen-mq-s483690286", :partition 0, :payload "s483690286-m300", :idempotency-key "s483690286-idem-300", :dup? false}
2026-09-21 14:58:32,709{GMT}	INFO	[jepsen worker 0] jepsen.print: 0	:ok	:mq-publish	{:topic "jepsen-mq-s483690286", :partition 0, :payload "s483690286-m300", :idempotency-key "s483690286-idem-300", :dup? false}
2026-09-21 14:58:33,163{GMT}	INFO	[jepsen worker 0] jepsen.print: 0	:invoke	:mq-publish	{:topic "jepsen-mq-s483690286", :partition 0, :payload "s483690286-m303", :idempotency-key "s483690286-idem-303", :dup? true}
2026-09-21 14:58:33,171{GMT}	INFO	[jepsen worker 0] jepsen.print: 0	:ok	:mq-publish	{:topic "jepsen-mq-s483690286", :partition 0, :payload "s483690286-m303", :idempotency-key "s483690286-idem-303", :dup? true}
2026-09-21 14:58:33,606{GMT}	INFO	[jepsen worker 1] jepsen.print: 1	:invoke	:mq-publish	{:topic "jepsen-mq-s483690286", :partition 0, :payload "s483690286-m306", :idempotency-key "s483690286-idem-306", :dup? false}
2026-09-21 14:58:33,613{GMT}	INFO	[jepsen worker 1] jepsen.print: 1	:ok	:mq-publish	{:topic "jepsen-mq-s483690286", :partition 0, :payload "s483690286-m306", :idempotency-key "s483690286-idem-306", :dup? false}
2026-09-21 14:58:34,057{GMT}	INFO	[jepsen worker 2] jepsen.print: 2	:invoke	:mq-publish	{:topic "jepsen-mq-s483690286", :partition 0, :payload "s483690286-m309", :idempotency-key "s483690286-idem-309", :dup? false}
2026-09-21 14:58:34,066{GMT}	INFO	[jepsen worker 2] jepsen.print: 2	:ok	:mq-publish	{:topic "jepsen-mq-s483690286", :partition 0, :payload "s483690286-m309", :idempotency-key "s483690286-idem-309", :dup? false}
2026-09-21 14:58:34,339{GMT}	INFO	[jepsen worker 3] jepsen.print: 3	:invoke	:mq-publish	{:topic "jepsen-mq-s483690286", :partition 0, :payload "s483690286-m312", :idempotency-key "s483690286-idem-312", :dup? false}
2026-09-21 14:58:34,344{GMT}	INFO	[jepsen worker 3] jepsen.print: 3	:ok	:mq-publish	{:topic "jepsen-mq-s483690286", :partition 0, :payload "s483690286-m312", :idempotency-key "s483690286-idem-312", :dup? false}
2026-09-21 14:58:34,681{GMT}	INFO	[jepsen worker 4] jepsen.print: 4	:invoke	:mq-publish	{:topic "jepsen-mq-s483690286", :partition 0, :payload "s483690286-m315", :idempotency-key "s483690286-idem-315", :dup? true}
2026-09-21 14:58:34,689{GMT}	INFO	[jepsen worker 4] jepsen.print: 4	:ok	:mq-publish	{:topic "jepsen-mq-s483690286", :partition 0, :payload "s483690286-m315", :idempotency-key "s483690286-idem-315", :dup? true}
2026-09-21 14:58:34,824{GMT}	INFO	[jepsen worker 0] jepsen.print: 0	:invoke	:mq-publish	{:topic "jepsen-mq-s483690286", :partition 0, :payload "s483690286-m318", :idempotency-key "s483690286-idem-318", :dup? false}
2026-09-21 14:58:34,829{GMT}	INFO	[jepsen worker 0] jepsen.print: 0	:ok	:mq-publish	{:topic "jepsen-mq-s483690286", :partition 0, :payload "s483690286-m318", :idempotency-key "s483690286-idem-318", :dup? false}
2026-09-21 14:58:35,037{GMT}	INFO	[jepsen worker 0] jepsen.print: 0	:invoke	:mq-publish	{:topic "jepsen-mq-s483690286", :partition 0, :payload "s483690286-m321", :idempotency-key "s483690286-idem-321", :dup? false}
2026-09-21 14:58:35,042{GMT}	INFO	[jepsen worker 0] jepsen.print: 0	:ok	:mq-publish	{:topic "jepsen-mq-s483690286", :partition 0, :payload "s483690286-m321", :idempotency-key "s483690286-idem-321", :dup? false}
2026-09-21 14:58:35,451{GMT}	INFO	[jepsen worker 1] jepsen.print: 1	:invoke	:mq-publish	{:topic "jepsen-mq-s483690286", :partition 0, :payload "s483690286-m324", :idempotency-key "s483690286-idem-324", :dup? true}
2026-09-21 14:58:35,491{GMT}	INFO	[jepsen worker 1] jepsen.print: 1	:ok	:mq-publish	{:topic "jepsen-mq-s483690286", :partition 0, :payload "s483690286-m324", :idempotency-key "s483690286-idem-324", :dup? true}
2026-09-21 14:58:35,639{GMT}	INFO	[jepsen worker 2] jepsen.print: 2	:invoke	:mq-publish	{:topic "jepsen-mq-s483690286", :partition 0, :payload "s483690286-m327", :idempotency-key "s483690286-idem-327", :dup? false}
2026-09-21 14:58:35,645{GMT}	INFO	[jepsen worker 2] jepsen.print: 2	:ok	:mq-publish	{:topic "jepsen-mq-s483690286", :partition 0, :payload "s483690286-m327", :idempotency-key "s483690286-idem-327", :dup? false}
2026-09-21 14:58:35,767{GMT}	INFO	[jepsen worker 3] jepsen.print: 3	:invoke	:mq-poll	{:topic "jepsen-mq-s483690286", :partition 0, :consumer-group "cg-s483690286", :max-count 64}
2026-09-21 14:58:35,815{GMT}	INFO	[jepsen worker 3] jepsen.print: 3	:ok	:mq-poll	{:topic "jepsen-mq-s483690286", :partition 0, :consumer-group "cg-s483690286", :max-count 64}
2026-09-21 14:58:35,937{GMT}	INFO	[jepsen worker 4] jepsen.print: 4	:invoke	:mq-poll	{:topic "jepsen-mq-s483690286", :partition 0, :consumer-group "cg-s483690286", :max-count 64}
2026-09-21 14:58:35,976{GMT}	INFO	[jepsen worker 0] jepsen.print: 0	:invoke	:mq-publish	{:topic "jepsen-mq-s483690286", :partition 0, :payload "s483690286-m329", :idempotency-key "s483690286-idem-329", :dup? false}
2026-09-21 14:58:35,981{GMT}	INFO	[jepsen worker 0] jepsen.print: 0	:ok	:mq-publish	{:topic "jepsen-mq-s483690286", :partition 0, :payload "s483690286-m329", :idempotency-key "s483690286-idem-329", :dup? false}
2026-09-21 14:58:36,057{GMT}	INFO	[jepsen worker 0] jepsen.print: 0	:invoke	:mq-poll	{:topic "jepsen-mq-s483690286", :partition 0, :consumer-group "cg-s483690286", :max-count 64}
2026-09-21 14:58:36,083{GMT}	INFO	[jepsen worker 4] jepsen.print: 4	:ok	:mq-poll	{:topic "jepsen-mq-s483690286", :partition 0, :consumer-group "cg-s483690286", :max-count 64}
2026-09-21 14:58:36,128{GMT}	INFO	[jepsen worker 0] jepsen.print: 0	:ok	:mq-poll	{:topic "jepsen-mq-s483690286", :partition 0, :consumer-group "cg-s483690286", :max-count 64}
2026-09-21 14:58:36,795{GMT}	INFO	[jepsen worker 1] jepsen.print: 1	:invoke	:mq-publish	{:topic "jepsen-mq-s483690286", :partition 0, :payload "s483690286-m333", :idempotency-key "s483690286-idem-333", :dup? false}
2026-09-21 14:58:36,799{GMT}	INFO	[jepsen worker 1] jepsen.print: 1	:ok	:mq-publish	{:topic "jepsen-mq-s483690286", :partition 0, :payload "s483690286-m333", :idempotency-key "s483690286-idem-333", :dup? false}
2026-09-21 14:58:36,880{GMT}	INFO	[jepsen worker 2] jepsen.print: 2	:invoke	:mq-publish	{:topic "jepsen-mq-s483690286", :partition 0, :payload "s483690286-m336", :idempotency-key "s483690286-idem-336", :dup? false}
2026-09-21 14:58:36,886{GMT}	INFO	[jepsen worker 2] jepsen.print: 2	:ok	:mq-publish	{:topic "jepsen-mq-s483690286", :partition 0, :payload "s483690286-m336", :idempotency-key "s483690286-idem-336", :dup? false}
2026-09-21 14:58:37,360{GMT}	INFO	[jepsen worker 3] jepsen.print: 3	:invoke	:mq-poll	{:topic "jepsen-mq-s483690286", :partition 0, :consumer-group "cg-s483690286", :max-count 64}
2026-09-21 14:58:37,376{GMT}	INFO	[jepsen worker 3] jepsen.print: 3	:ok	:mq-poll	{:topic "jepsen-mq-s483690286", :partition 0, :consumer-group "cg-s483690286", :max-count 64}
2026-09-21 14:58:37,601{GMT}	INFO	[jepsen worker 4] jepsen.print: 4	:invoke	:mq-publish	{:topic "jepsen-mq-s483690286", :partition 0, :payload "s483690286-m339", :idempotency-key "s483690286-idem-339", :dup? false}
2026-09-21 14:58:37,605{GMT}	INFO	[jepsen worker 0] jepsen.print: 0	:invoke	:mq-poll	{:topic "jepsen-mq-s483690286", :partition 0, :consumer-group "cg-s483690286", :max-count 64}
2026-09-21 14:58:37,606{GMT}	INFO	[jepsen worker 4] jepsen.print: 4	:ok	:mq-publish	{:topic "jepsen-mq-s483690286", :partition 0, :payload "s483690286-m339", :idempotency-key "s483690286-idem-339", :dup? false}
2026-09-21 14:58:37,621{GMT}	INFO	[jepsen worker 0] jepsen.print: 0	:ok	:mq-poll	{:topic "jepsen-mq-s483690286", :partition 0, :consumer-group "cg-s483690286", :max-count 64}
2026-09-21 14:58:37,654{GMT}	INFO	[jepsen worker 0] jepsen.print: 0	:invoke	:mq-poll	{:topic "jepsen-mq-s483690286", :partition 0, :consumer-group "cg-s483690286", :max-count 64}
2026-09-21 14:58:37,656{GMT}	INFO	[jepsen worker 0] jepsen.print: 0	:ok	:mq-poll	{:topic "jepsen-mq-s483690286", :partition 0, :consumer-group "cg-s483690286", :max-count 64}
2026-09-21 14:58:37,732{GMT}	INFO	[jepsen worker 1] jepsen.print: 1	:invoke	:mq-poll	{:topic "jepsen-mq-s483690286", :partition 0, :consumer-group "cg-s483690286", :max-count 64}
2026-09-21 14:58:37,793{GMT}	INFO	[jepsen worker 2] jepsen.print: 2	:invoke	:mq-publish	{:topic "jepsen-mq-s483690286", :partition 0, :payload "s483690286-m341", :idempotency-key "s483690286-idem-341", :dup? true}
2026-09-21 14:58:37,805{GMT}	INFO	[jepsen worker 2] jepsen.print: 2	:ok	:mq-publish	{:topic "jepsen-mq-s483690286", :partition 0, :payload "s483690286-m341", :idempotency-key "s483690286-idem-341", :dup? true}
2026-09-21 14:58:37,824{GMT}	INFO	[jepsen worker 1] jepsen.print: 1	:ok	:mq-poll	{:topic "jepsen-mq-s483690286", :partition 0, :consumer-group "cg-s483690286", :max-count 64}
2026-09-21 14:58:38,270{GMT}	INFO	[jepsen worker 3] jepsen.print: 3	:invoke	:mq-poll	{:topic "jepsen-mq-s483690286", :partition 0, :consumer-group "cg-s483690286", :max-count 64}
2026-09-21 14:58:38,283{GMT}	INFO	[jepsen worker 3] jepsen.print: 3	:ok	:mq-poll	{:topic "jepsen-mq-s483690286", :partition 0, :consumer-group "cg-s483690286", :max-count 64}
2026-09-21 14:58:38,317{GMT}	INFO	[jepsen worker 4] jepsen.print: 4	:invoke	:mq-poll	{:topic "jepsen-mq-s483690286", :partition 0, :consumer-group "cg-s483690286", :max-count 64}
2026-09-21 14:58:38,341{GMT}	INFO	[jepsen worker 4] jepsen.print: 4	:ok	:mq-poll	{:topic "jepsen-mq-s483690286", :partition 0, :consumer-group "cg-s483690286", :max-count 64}
2026-09-21 14:58:38,930{GMT}	INFO	[jepsen worker 0] jepsen.print: 0	:invoke	:mq-publish	{:topic "jepsen-mq-s483690286", :partition 0, :payload "s483690286-m344", :idempotency-key "s483690286-idem-344", :dup? false}
2026-09-21 14:58:38,935{GMT}	INFO	[jepsen worker 0] jepsen.print: 0	:ok	:mq-publish	{:topic "jepsen-mq-s483690286", :partition 0, :payload "s483690286-m344", :idempotency-key "s483690286-idem-344", :dup? false}
2026-09-21 14:58:39,225{GMT}	INFO	[jepsen worker 0] jepsen.print: 0	:invoke	:mq-publish	{:topic "jepsen-mq-s483690286", :partition 0, :payload "s483690286-m347", :idempotency-key "s483690286-idem-347", :dup? false}
2026-09-21 14:58:39,231{GMT}	INFO	[jepsen worker 0] jepsen.print: 0	:ok	:mq-publish	{:topic "jepsen-mq-s483690286", :partition 0, :payload "s483690286-m347", :idempotency-key "s483690286-idem-347", :dup? false}
2026-09-21 14:58:39,728{GMT}	INFO	[jepsen worker 1] jepsen.print: 1	:invoke	:mq-publish	{:topic "jepsen-mq-s483690286", :partition 0, :payload "s483690286-m350", :idempotency-key "s483690286-idem-350", :dup? false}
2026-09-21 14:58:39,734{GMT}	INFO	[jepsen worker 1] jepsen.print: 1	:ok	:mq-publish	{:topic "jepsen-mq-s483690286", :partition 0, :payload "s483690286-m350", :idempotency-key "s483690286-idem-350", :dup? false}
2026-09-21 14:58:39,899{GMT}	INFO	[jepsen worker 2] jepsen.print: 2	:invoke	:mq-publish	{:topic "jepsen-mq-s483690286", :partition 0, :payload "s483690286-m353", :idempotency-key "s483690286-idem-353", :dup? false}
2026-09-21 14:58:39,903{GMT}	INFO	[jepsen worker 2] jepsen.print: 2	:ok	:mq-publish	{:topic "jepsen-mq-s483690286", :partition 0, :payload "s483690286-m353", :idempotency-key "s483690286-idem-353", :dup? false}
2026-09-21 14:58:40,016{GMT}	INFO	[jepsen worker 3] jepsen.print: 3	:invoke	:mq-publish	{:topic "jepsen-mq-s483690286", :partition 0, :payload "s483690286-m356", :idempotency-key "s483690286-idem-356", :dup? true}
2026-09-21 14:58:40,024{GMT}	INFO	[jepsen worker 3] jepsen.print: 3	:ok	:mq-publish	{:topic "jepsen-mq-s483690286", :partition 0, :payload "s483690286-m356", :idempotency-key "s483690286-idem-356", :dup? true}
2026-09-21 14:58:40,317{GMT}	INFO	[jepsen worker 4] jepsen.print: 4	:invoke	:mq-publish	{:topic "jepsen-mq-s483690286", :partition 0, :payload "s483690286-m359", :idempotency-key "s483690286-idem-359", :dup? false}
2026-09-21 14:58:40,323{GMT}	INFO	[jepsen worker 4] jepsen.print: 4	:ok	:mq-publish	{:topic "jepsen-mq-s483690286", :partition 0, :payload "s483690286-m359", :idempotency-key "s483690286-idem-359", :dup? false}
2026-09-21 14:58:40,506{GMT}	INFO	[jepsen worker 0] jepsen.print: 0	:invoke	:mq-publish	{:topic "jepsen-mq-s483690286", :partition 0, :payload "s483690286-m362", :idempotency-key "s483690286-idem-362", :dup? false}
2026-09-21 14:58:40,511{GMT}	INFO	[jepsen worker 0] jepsen.print: 0	:ok	:mq-publish	{:topic "jepsen-mq-s483690286", :partition 0, :payload "s483690286-m362", :idempotency-key "s483690286-idem-362", :dup? false}
2026-09-21 14:58:40,550{GMT}	INFO	[jepsen worker 0] jepsen.print: 0	:invoke	:mq-poll	{:topic "jepsen-mq-s483690286", :partition 0, :consumer-group "cg-s483690286", :max-count 64}
2026-09-21 14:58:40,592{GMT}	INFO	[jepsen worker 0] jepsen.print: 0	:ok	:mq-poll	{:topic "jepsen-mq-s483690286", :partition 0, :consumer-group "cg-s483690286", :max-count 64}
2026-09-21 14:58:40,832{GMT}	INFO	[jepsen worker 1] jepsen.print: 1	:invoke	:mq-publish	{:topic "jepsen-mq-s483690286", :partition 0, :payload "s483690286-m365", :idempotency-key "s483690286-idem-365", :dup? false}
2026-09-21 14:58:40,838{GMT}	INFO	[jepsen worker 1] jepsen.print: 1	:ok	:mq-publish	{:topic "jepsen-mq-s483690286", :partition 0, :payload "s483690286-m365", :idempotency-key "s483690286-idem-365", :dup? false}
2026-09-21 14:58:41,118{GMT}	INFO	[jepsen worker 2] jepsen.print: 2	:invoke	:mq-publish	{:topic "jepsen-mq-s483690286", :partition 0, :payload "s483690286-m368", :idempotency-key "s483690286-idem-368", :dup? false}
2026-09-21 14:58:41,123{GMT}	INFO	[jepsen worker 2] jepsen.print: 2	:ok	:mq-publish	{:topic "jepsen-mq-s483690286", :partition 0, :payload "s483690286-m368", :idempotency-key "s483690286-idem-368", :dup? false}
2026-09-21 14:58:41,206{GMT}	INFO	[jepsen worker 3] jepsen.print: 3	:invoke	:mq-publish	{:topic "jepsen-mq-s483690286", :partition 0, :payload "s483690286-m371", :idempotency-key "s483690286-idem-371", :dup? false}
2026-09-21 14:58:41,211{GMT}	INFO	[jepsen worker 3] jepsen.print: 3	:ok	:mq-publish	{:topic "jepsen-mq-s483690286", :partition 0, :payload "s483690286-m371", :idempotency-key "s483690286-idem-371", :dup? false}
2026-09-21 14:58:41,776{GMT}	INFO	[jepsen worker 4] jepsen.print: 4	:invoke	:mq-publish	{:topic "jepsen-mq-s483690286", :partition 0, :payload "s483690286-m374", :idempotency-key "s483690286-idem-374", :dup? false}
2026-09-21 14:58:41,781{GMT}	INFO	[jepsen worker 4] jepsen.print: 4	:ok	:mq-publish	{:topic "jepsen-mq-s483690286", :partition 0, :payload "s483690286-m374", :idempotency-key "s483690286-idem-374", :dup? false}
2026-09-21 14:58:42,015{GMT}	INFO	[jepsen worker 0] jepsen.print: 0	:invoke	:mq-publish	{:topic "jepsen-mq-s483690286", :partition 0, :payload "s483690286-m377", :idempotency-key "s483690286-idem-377", :dup? false}
2026-09-21 14:58:42,021{GMT}	INFO	[jepsen worker 0] jepsen.print: 0	:ok	:mq-publish	{:topic "jepsen-mq-s483690286", :partition 0, :payload "s483690286-m377", :idempotency-key "s483690286-idem-377", :dup? false}
2026-09-21 14:58:42,045{GMT}	INFO	[jepsen worker 0] jepsen.print: 0	:invoke	:mq-publish	{:topic "jepsen-mq-s483690286", :partition 0, :payload "s483690286-m380", :idempotency-key "s483690286-idem-380", :dup? true}
2026-09-21 14:58:42,050{GMT}	INFO	[jepsen worker 0] jepsen.print: 0	:ok	:mq-publish	{:topic "jepsen-mq-s483690286", :partition 0, :payload "s483690286-m380", :idempotency-key "s483690286-idem-380", :dup? true}
2026-09-21 14:58:42,144{GMT}	INFO	[jepsen worker 1] jepsen.print: 1	:invoke	:mq-publish	{:topic "jepsen-mq-s483690286", :partition 0, :payload "s483690286-m383", :idempotency-key "s483690286-idem-383", :dup? false}
2026-09-21 14:58:42,149{GMT}	INFO	[jepsen worker 1] jepsen.print: 1	:ok	:mq-publish	{:topic "jepsen-mq-s483690286", :partition 0, :payload "s483690286-m383", :idempotency-key "s483690286-idem-383", :dup? false}
2026-09-21 14:58:42,561{GMT}	INFO	[jepsen worker 2] jepsen.print: 2	:invoke	:mq-publish	{:topic "jepsen-mq-s483690286", :partition 0, :payload "s483690286-m386", :idempotency-key "s483690286-idem-386", :dup? false}
2026-09-21 14:58:42,566{GMT}	INFO	[jepsen worker 2] jepsen.print: 2	:ok	:mq-publish	{:topic "jepsen-mq-s483690286", :partition 0, :payload "s483690286-m386", :idempotency-key "s483690286-idem-386", :dup? false}
2026-09-21 14:58:42,725{GMT}	INFO	[jepsen worker 3] jepsen.print: 3	:invoke	:mq-publish	{:topic "jepsen-mq-s483690286", :partition 0, :payload "s483690286-m389", :idempotency-key "s483690286-idem-389", :dup? false}
2026-09-21 14:58:42,730{GMT}	INFO	[jepsen worker 3] jepsen.print: 3	:ok	:mq-publish	{:topic "jepsen-mq-s483690286", :partition 0, :payload "s483690286-m389", :idempotency-key "s483690286-idem-389", :dup? false}
2026-09-21 14:58:42,980{GMT}	INFO	[jepsen worker 4] jepsen.print: 4	:invoke	:mq-publish	{:topic "jepsen-mq-s483690286", :partition 0, :payload "s483690286-m392", :idempotency-key "s483690286-idem-392", :dup? false}
2026-09-21 14:58:42,991{GMT}	INFO	[jepsen worker 4] jepsen.print: 4	:ok	:mq-publish	{:topic "jepsen-mq-s483690286", :partition 0, :payload "s483690286-m392", :idempotency-key "s483690286-idem-392", :dup? false}
2026-09-21 14:58:43,136{GMT}	INFO	[jepsen worker 0] jepsen.print: 0	:invoke	:mq-publish	{:topic "jepsen-mq-s483690286", :partition 0, :payload "s483690286-m395", :idempotency-key "s483690286-idem-395", :dup? true}
2026-09-21 14:58:43,144{GMT}	INFO	[jepsen worker 0] jepsen.print: 0	:ok	:mq-publish	{:topic "jepsen-mq-s483690286", :partition 0, :payload "s483690286-m395", :idempotency-key "s483690286-idem-395", :dup? true}
2026-09-21 14:58:43,160{GMT}	INFO	[jepsen worker 0] jepsen.print: 0	:invoke	:mq-publish	{:topic "jepsen-mq-s483690286", :partition 0, :payload "s483690286-m398", :idempotency-key "s483690286-idem-398", :dup? false}
2026-09-21 14:58:43,166{GMT}	INFO	[jepsen worker 0] jepsen.print: 0	:ok	:mq-publish	{:topic "jepsen-mq-s483690286", :partition 0, :payload "s483690286-m398", :idempotency-key "s483690286-idem-398", :dup? false}
2026-09-21 14:58:43,689{GMT}	INFO	[jepsen worker 1] jepsen.print: 1	:invoke	:mq-publish	{:topic "jepsen-mq-s483690286", :partition 0, :payload "s483690286-m401", :idempotency-key "s483690286-idem-401", :dup? true}
2026-09-21 14:58:43,696{GMT}	INFO	[jepsen worker 1] jepsen.print: 1	:ok	:mq-publish	{:topic "jepsen-mq-s483690286", :partition 0, :payload "s483690286-m401", :idempotency-key "s483690286-idem-401", :dup? true}
2026-09-21 14:58:44,113{GMT}	INFO	[jepsen worker 2] jepsen.print: 2	:invoke	:mq-publish	{:topic "jepsen-mq-s483690286", :partition 0, :payload "s483690286-m404", :idempotency-key "s483690286-idem-404", :dup? false}
2026-09-21 14:58:44,119{GMT}	INFO	[jepsen worker 2] jepsen.print: 2	:ok	:mq-publish	{:topic "jepsen-mq-s483690286", :partition 0, :payload "s483690286-m404", :idempotency-key "s483690286-idem-404", :dup? false}
2026-09-21 14:58:44,200{GMT}	INFO	[jepsen worker 3] jepsen.print: 3	:invoke	:mq-poll	{:topic "jepsen-mq-s483690286", :partition 0, :consumer-group "cg-s483690286", :max-count 64}
2026-09-21 14:58:44,214{GMT}	INFO	[jepsen worker 4] jepsen.print: 4	:invoke	:mq-publish	{:topic "jepsen-mq-s483690286", :partition 0, :payload "s483690286-m406", :idempotency-key "s483690286-idem-406", :dup? false}
2026-09-21 14:58:44,221{GMT}	INFO	[jepsen worker 4] jepsen.print: 4	:ok	:mq-publish	{:topic "jepsen-mq-s483690286", :partition 0, :payload "s483690286-m406", :idempotency-key "s483690286-idem-406", :dup? false}
2026-09-21 14:58:44,257{GMT}	INFO	[jepsen worker 0] jepsen.print: 0	:invoke	:mq-poll	{:topic "jepsen-mq-s483690286", :partition 0, :consumer-group "cg-s483690286", :max-count 64}
2026-09-21 14:58:44,325{GMT}	INFO	[jepsen worker 3] jepsen.print: 3	:ok	:mq-poll	{:topic "jepsen-mq-s483690286", :partition 0, :consumer-group "cg-s483690286", :max-count 64}
2026-09-21 14:58:44,354{GMT}	INFO	[jepsen worker 0] jepsen.print: 0	:ok	:mq-poll	{:topic "jepsen-mq-s483690286", :partition 0, :consumer-group "cg-s483690286", :max-count 64}
2026-09-21 14:58:44,568{GMT}	INFO	[jepsen worker 0] jepsen.print: 0	:invoke	:mq-poll	{:topic "jepsen-mq-s483690286", :partition 0, :consumer-group "cg-s483690286", :max-count 64}
2026-09-21 14:58:44,570{GMT}	INFO	[jepsen worker 0] jepsen.print: 0	:ok	:mq-poll	{:topic "jepsen-mq-s483690286", :partition 0, :consumer-group "cg-s483690286", :max-count 64}
2026-09-21 14:58:45,298{GMT}	INFO	[jepsen worker 1] jepsen.print: 1	:invoke	:mq-poll	{:topic "jepsen-mq-s483690286", :partition 0, :consumer-group "cg-s483690286", :max-count 64}
2026-09-21 14:58:45,394{GMT}	INFO	[jepsen worker 1] jepsen.print: 1	:ok	:mq-poll	{:topic "jepsen-mq-s483690286", :partition 0, :consumer-group "cg-s483690286", :max-count 64}
2026-09-21 14:58:45,394{GMT}	INFO	[jepsen worker 2] jepsen.generator.interpreter: recovery: letting cluster converge
2026-09-21 14:59:15,412{GMT}	INFO	[jepsen node n1] jepsen.coord.client: Opening coord client on n1
2026-09-21 14:59:15,412{GMT}	INFO	[jepsen node n3] jepsen.coord.client: Opening coord client on n3
2026-09-21 14:59:15,412{GMT}	INFO	[jepsen node n2] jepsen.coord.client: Opening coord client on n2
2026-09-21 14:59:15,555{GMT}	INFO	[jepsen test runner] jepsen.core: Run complete, writing
2026-09-21 14:59:15,642{GMT}	INFO	[jepsen test runner] jepsen.core: Snarfing log files
2026-09-21 14:59:15,643{GMT}	INFO	[jepsen node n1] jepsen.coord.db: Killing coord on n1
2026-09-21 14:59:15,643{GMT}	INFO	[jepsen node n3] jepsen.coord.db: Killing coord on n3
2026-09-21 14:59:15,643{GMT}	INFO	[jepsen node n2] jepsen.coord.db: Killing coord on n2
2026-09-21 14:59:15,703{GMT}	INFO	[jepsen node n3] jepsen.core: downloading /var/log/coord.log to coord.log
2026-09-21 14:59:15,703{GMT}	INFO	[jepsen node n2] jepsen.core: downloading /var/log/coord.log to coord.log
2026-09-21 14:59:15,704{GMT}	INFO	[jepsen node n1] jepsen.core: downloading /var/log/coord.log to coord.log
2026-09-21 14:59:15,821{GMT}	INFO	[jepsen node n2] jepsen.coord.db: Tearing down coord on n2
2026-09-21 14:59:15,821{GMT}	INFO	[jepsen node n1] jepsen.coord.db: Tearing down coord on n1
2026-09-21 14:59:15,821{GMT}	INFO	[jepsen node n3] jepsen.coord.db: Tearing down coord on n3
2026-09-21 14:59:17,481{GMT}	INFO	[jepsen test runner] jepsen.core: Analyzing...
2026-09-21 14:59:17,516{GMT}	INFO	[clojure-agent-send-off-pool-1] jepsen.coord.mqck: mq checker: {:polls-with-messages 69, :polls 81, :idem-dups 0, :by-op {:mq-publish 137, :mq-poll 81}, :violations-by-class {}, :published-offsets 137, :publishes 137, :acked-offsets 624, :poll-ack-failures 0, :empty-polls 12, :failures (), :delivered-offsets 137}
2026-09-21 14:59:17,636{GMT}	INFO	[jepsen test runner] jepsen.core: Analysis complete
2026-09-21 14:59:17,641{GMT}	INFO	[jepsen results] jepsen.store: Wrote /opt/coord/jepsen/store/coord/2026-09-21T14:57:25.750750534Z/results.edn
2026-09-21 14:59:17,679{GMT}	INFO	[jepsen test runner] jepsen.core: {:linear {:valid? true,
          :mq {:polls-with-messages 69,
               :polls 81,
               :idem-dups 0,
               :by-op {:mq-publish 137, :mq-poll 81},
               :violations-by-class {},
               :published-offsets 137,
               :publishes 137,
               :acked-offsets 624,
               :poll-ack-failures 0,
               :empty-polls 12,
               :delivered-offsets 137},
          :failures []},
 :gates {:valid? true,
         :gates {:premise {:valid? true,
                           :writes 0,
                           :duplicate-value-count 0,
                           :duplicate-values {}},
                 :availability {:min-ratio 0.95,
                                :min-sample 100,
                                :windows 0,
                                :judged 0,
                                :skipped-small-sample 0,
                                :worst-window nil,
                                :violations []},
                 :rto {:budget-seconds 0,
                       :n 0,
                       :p95 nil,
                       :max nil,
                       :samples [],
                       :unrecovered 0,
                       :not-measured 0,
                       :details []},
                 :liveness {:min-ok-ratio 0.1,
                            :min-sample 10,
                            :ops 2,
                            :judged 2,
                            :skipped-small-sample 0,
                            :ok-ratio 1.0,
                            :by-op {:mq-publish {:total 137,
                                                 :ok 137,
                                                 :info 0,
                                                 :fail 0,
                                                 :legit-fail 0,
                                                 :judged 137,
                                                 :errors {}},
                                    :mq-poll {:total 81,
                                              :ok 81,
                                              :info 0,
                                              :fail 0,
                                              :legit-fail 0,
                                              :judged 81,
                                              :errors {}}},
                            :violations []},
                 :agent {:proof {:total 3,
                                 :by-method {:put 0,
                                             :range 3,
                                             :delete 0,
                                             :txn 0,
                                             :status 0},
                                 :agents [{:host "n4",
                                           :up? true,
                                           :up-now? true,
                                           :total 3,
                                           :by-method {:put 0,
                                                       :range 3,
                                                       :delete 0,
                                                       :txn 0,
                                                       :status 0}}]},
                         :min-requests 1,
                         :local-surface? true}},
         :failures []},
 :perf {:latency-graph {:valid? true},
        :rate-graph {:valid? true},
        :valid? true},
 :valid? true}


Everything looks good! ヽ(‘ー`)ノ
