2026-09-17 11:21:37,871{GMT}	INFO	[jepsen test runner] jepsen.core: Test version ad22337b09f7aae407b39e9d639de867e52bccc7 (plus uncommitted changes)
2026-09-17 11:21:37,871{GMT}	INFO	[jepsen test runner] jepsen.core: Command line:
lein run test --nodes-file /root/nodes --username root --ssh-private-key /root/.ssh/id_ed25519 --workload watch --nemesis kill --time-limit 120 --concurrency 1n --rate 5
2026-09-17 11:21:37,933{GMT}	INFO	[jepsen test runner] jepsen.core: Running test:
{:remote
 #jepsen.control.retry.Remote{:remote #jepsen.control.scp.Remote{:cmd-remote #jepsen.control.sshj.SSHJRemote{:concurrency-limit 6,
                                                                                                             :conn-spec nil,
                                                                                                             :client nil,
                                                                                                             :semaphore nil},
                                                                 :conn-spec nil},
                              :conn nil}
 :idem-replay-delay-ms 0
 :ssh-private-key "/root/.ssh/id_ed25519"
 :idem-min-replay-attempts nil
 :watch-min-events nil
 :concurrency 5
 :soak-disrupt 600
 :db
 #jepsen.coord.db.CoordDB{:cluster-name "jepsen-coord",
                          :pidfile-prefix "/var/run/coord-",
                          :root-password "66c57bb56bce306f484344e4a8650836",
                          :coord-dir "/opt/coord",
                          :config-dir "/etc/coord",
                          :logfile "/var/log/coord.log",
                          :regions nil,
                          :data-dir "/var/lib/coord",
                          :nodes ("n1" "n2" "n3"),
                          :auth-root-key "820662a9f85924333d6d466714bc51734b251e73b827a394e1978e36d2429bfc",
                          :raft-secret "93edf94d2860fec54bc59278a804cb1bbd2d0a7243e4f39d667d66966d9844d1",
                          :coord-bin "/root/coord-test/coord"}
 :leave-db-running? false
 :name "coord"
 :logging-json? false
 :mixture-ratio nil
 :start-time
 #object[java.time.OffsetDateTime "0x4eb43d2f" "2026-09-17T11:21:37.845519254Z"]
 :regions nil
 :map-keys nil
 :net
 #object[jepsen.net$iptables_with_dev$reify__15623
         "0x453961d7"
         "jepsen.net$iptables_with_dev$reify__15623@453961d7"]
 :client
 #jepsen.coord.client.CoordClient{:root-password "66c57bb56bce306f484344e4a8650836",
                                  :channels nil,
                                  :cct nil,
                                  :raw-channels nil,
                                  :parse-values? false,
                                  :nodes ["n1" "n2" "n3"],
                                  :leader-idx #object[clojure.lang.Atom
                                                      "0x5c70eda4"
                                                      {:status :ready, :val {}}],
                                  :last-rev #object[clojure.lang.Atom
                                                    "0x77ac7cd6"
                                                    {:status :ready, :val {}}],
                                  :last-watch-rev #object[clojure.lang.Atom
                                                          "0x12830e23"
                                                          {:status :ready,
                                                           :val {}}]}
 :barrier
 #object[java.util.concurrent.CyclicBarrier
         "0x81f9b01"
         "java.util.concurrent.CyclicBarrier@81f9b01"]
 :ssh
 {:dummy? false,
  :username "root",
  :password "root",
  :strict-host-key-checking false,
  :private-key-path "/root/.ssh/id_ed25519"}
 :rate 5.0
 :map-min-deletes nil
 :seed 742834458
 :checker
 #jepsen.checker.Compose{:checkers {:linear #object[jepsen.coord.watchck$checker$reify__2277
                                                    "0x53d94a6b"
                                                    "jepsen.coord.watchck$checker$reify__2277@53d94a6b"],
                                    :gates #object[jepsen.coord.gates$checker$reify__955
                                                   "0x4707d60a"
                                                   "jepsen.coord.gates$checker$reify__955@4707d60a"],
                                    :perf #jepsen.checker.Compose{:checkers {:latency-graph #jepsen.checker.LatencyGraph{:opts {}},
                                                                             :rate-graph #jepsen.checker.RateGraph{:opts {}}}}}}
 :argv
 ("test"
  "--nodes-file"
  "/root/nodes"
  "--username"
  "root"
  "--ssh-private-key"
  "/root/.ssh/id_ed25519"
  "--workload"
  "watch"
  "--nemesis"
  "kill"
  "--time-limit"
  "120"
  "--concurrency"
  "1n"
  "--rate"
  "5")
 :nemesis #unprintable "jepsen.nemesis$node_start_stopper$reify__15946@4d7f3adf"
 :watch-resumes nil
 :nodes ("n1" "n2" "n3")
 :test-count 1
 :no-jitter false
 :generator
 #object[jepsen.util.Forgettable
         "0x3f4fd0dc"
         ((jepsen.generator.Synchronize
           {:gen (jepsen.generator.TimeLimit
                  {:limit 120000000000,
                   :cutoff nil,
                   :gen (jepsen.generator.Any
                         {:gens [(jepsen.generator.OnThreads
                                  {:f #{:nemesis},
                                   :context-filter #object[jepsen.generator.context$make_thread_filter$lazy_filter__5865
                                                           "0x34fde3a3"
                                                           "jepsen.generator.context$make_thread_filter$lazy_filter__5865@34fde3a3"],
                                   :gen ({:type :sleep,
                                          :value 4.932813431369853}
                                         {:type :info, :f :start}
                                         {:type :sleep, :value 6.45882964567728}
                                         {:type :info, :f :stop}
                                         {:type :sleep,
                                          :value 5.443430942776434}
                                         {:type :info, :f :start}
                                         {:type :sleep,
                                          :value 7.102837922047052}
                                         {:type :info, :f :stop}
                                         ...)})
                                 (jepsen.generator.OnThreads
                                  {:f #jepsen.generator.context.AllBut{:element :nemesis},
                                   :context-filter #object[jepsen.generator.context$make_thread_filter$lazy_filter__5865
                                                           "0x5d9639bb"
                                                           "jepsen.generator.context$make_thread_filter$lazy_filter__5865@5d9639bb"],
                                   :gen (jepsen.generator.Delay
                                         {:dt 200000000,
                                          :next-time nil,
                                          :gen (jepsen.generator.OnThreads
                                                {:f #jepsen.generator.context.AllBut{:element :nemesis},
                                                 :context-filter #object[jepsen.generator.context$make_thread_filter$lazy_filter__5865
                                                                         "0x796687de"
                                                                         "jepsen.generator.context$make_thread_filter$lazy_filter__5865@796687de"],
                                                 :gen (jepsen.generator.Mix
                                                       {:i 0,
                                                        :gens [(jepsen.generator.Mix
                                                                {:i 3,
                                                                 :gens [#object[jepsen.coord$watch_gen$w__2400
                                                                                "0x225d93aa"
                                                                                "jepsen.coord$watch_gen$w__2400@225d93aa"]
                                                                        #object[jepsen.coord$watch_gen$w__2400
                                                                                "0x225d93aa"
                                                                                "jepsen.coord$watch_gen$w__2400@225d93aa"]
                                                                        #object[jepsen.coord$watch_gen$sess__2402$fn__2403
                                                                                "0x35ef158f"
                                                                                "jepsen.coord$watch_gen$sess__2402$fn__2403@35ef158f"]
                                                                        #object[jepsen.coord$watch_gen$sess__2402$fn__2403
                                                                                "0x59d8a968"
                                                                                "jepsen.coord$watch_gen$sess__2402$fn__2403@59d8a968"]]})]})})})})]})})})
          (jepsen.generator.Synchronize
           {:gen (jepsen.generator.OnThreads
                  {:f #{:nemesis},
                   :context-filter #object[jepsen.generator.context$make_thread_filter$lazy_filter__5865
                                           "0x14cd8dfa"
                                           "jepsen.generator.context$make_thread_filter$lazy_filter__5865@14cd8dfa"],
                   :gen {:type :info, :f :stop}})})
          (jepsen.generator.Synchronize
           {:gen {:type :log, :value "recovery: letting cluster converge"}})
          (jepsen.generator.Synchronize {:gen {:type :sleep, :value 30}}))]
 :min-op-ok-ratio nil
 :soak-max-rto-seconds nil
 :idem-replay-node-offset 0
 :min-op-sample nil
 :os
 #object[jepsen.os$reify__16045 "0x5a438c0a" "jepsen.os$reify__16045@5a438c0a"]
 :time-limit 120
 :quiet-availability-min nil
 :soak-quiet 1800
 :value-size nil
 :quiet-min-sample nil
 :watch-window-ms nil
 :workload :watch
 :watch-max-events nil
 :watch-semantics nil}

2026-09-17 11:21:39,341{GMT}	INFO	[jepsen test runner] jepsen.db: Tearing down DB
2026-09-17 11:21:39,341{GMT}	INFO	[jepsen node n2] jepsen.coord.db: Tearing down coord on n2
2026-09-17 11:21:39,341{GMT}	INFO	[jepsen node n1] jepsen.coord.db: Tearing down coord on n1
2026-09-17 11:21:39,341{GMT}	INFO	[jepsen node n3] jepsen.coord.db: Tearing down coord on n3
2026-09-17 11:21:40,949{GMT}	INFO	[jepsen test runner] jepsen.db: Setting up DB
2026-09-17 11:21:40,951{GMT}	INFO	[jepsen node n1] jepsen.coord.db: Setting up coord on n1
2026-09-17 11:21:40,951{GMT}	INFO	[jepsen node n2] jepsen.coord.db: Setting up coord on n2
2026-09-17 11:21:40,951{GMT}	INFO	[jepsen node n3] jepsen.coord.db: Setting up coord on n3
2026-09-17 11:21:43,608{GMT}	INFO	[jepsen node n2] jepsen.control.util: Starting coord
2026-09-17 11:21:43,636{GMT}	INFO	[jepsen node n3] jepsen.control.util: Starting coord
2026-09-17 11:21:43,684{GMT}	INFO	[jepsen node n1] jepsen.control.util: Starting coord
2026-09-17 11:21:43,726{GMT}	INFO	[jepsen node n2] jepsen.coord.db: Waiting for coord on n2 to be ready
2026-09-17 11:21:43,743{GMT}	INFO	[jepsen node n3] jepsen.coord.db: Waiting for coord on n3 to be ready
2026-09-17 11:21:43,789{GMT}	INFO	[jepsen node n1] jepsen.coord.db: Waiting for coord on n1 to be ready
2026-09-17 11:21:44,007{GMT}	INFO	[jepsen node n3] jepsen.coord.db: coord n3 is ready
2026-09-17 11:21:44,007{GMT}	INFO	[jepsen node n2] jepsen.coord.db: coord n2 is ready
2026-09-17 11:21:44,500{GMT}	INFO	[jepsen node n1] jepsen.coord.db: coord n1 is ready
2026-09-17 11:21:44,502{GMT}	INFO	[jepsen test runner] jepsen.core: Relative time begins now
2026-09-17 11:21:44,503{GMT}	INFO	[jepsen node n1] jepsen.coord.client: Opening coord client on n1
2026-09-17 11:21:44,503{GMT}	INFO	[jepsen node n2] jepsen.coord.client: Opening coord client on n2
2026-09-17 11:21:44,503{GMT}	INFO	[jepsen node n3] jepsen.coord.client: Opening coord client on n3
2026-09-17 11:21:44,686{GMT}	INFO	[jepsen node n2] jepsen.coord.client: coord client setup: waiting for a successful read (quorum + auth)
2026-09-17 11:21:44,686{GMT}	INFO	[jepsen node n1] jepsen.coord.client: coord client setup: waiting for a successful read (quorum + auth)
2026-09-17 11:21:44,686{GMT}	INFO	[jepsen node n3] jepsen.coord.client: coord client setup: waiting for a successful read (quorum + auth)
2026-09-17 11:21:44,691{GMT}	INFO	[jepsen node n2] jepsen.coord.client: coord cluster is ready
2026-09-17 11:21:44,733{GMT}	INFO	[jepsen node n1] jepsen.coord.client: coord cluster is ready
2026-09-17 11:21:44,733{GMT}	INFO	[jepsen node n3] jepsen.coord.client: coord cluster is ready
2026-09-17 11:21:44,748{GMT}	INFO	[jepsen worker 1] jepsen.print: 1	:invoke	:watch-session	{:key "/jepsen/watch/s742834458", :start-revision :last, :prev-kv? false, :window-ms 2000, :max-events 10000, :resumes 2}
2026-09-17 11:21:44,749{GMT}	INFO	[jepsen worker 1] jepsen.coord.client: Opening coord client on n2
2026-09-17 11:21:44,947{GMT}	INFO	[jepsen worker 2] jepsen.print: 2	:invoke	:write	"vs742834458-2-xx"
2026-09-17 11:21:44,948{GMT}	INFO	[jepsen worker 2] jepsen.coord.client: Opening coord client on n3
2026-09-17 11:21:45,073{GMT}	INFO	[jepsen worker 2] jepsen.print: 2	:ok	:write	"vs742834458-2-xx"
2026-09-17 11:21:45,148{GMT}	INFO	[jepsen worker 3] jepsen.print: 3	:invoke	:watch-session	{:key "/jepsen/watch/s742834458", :start-revision 0, :prev-kv? true, :window-ms 2000, :max-events 10000, :resumes 2}
2026-09-17 11:21:45,148{GMT}	INFO	[jepsen worker 3] jepsen.coord.client: Opening coord client on n1
2026-09-17 11:21:45,348{GMT}	INFO	[jepsen worker 4] jepsen.print: 4	:invoke	:write	"vs742834458-4-xx"
2026-09-17 11:21:45,348{GMT}	INFO	[jepsen worker 4] jepsen.coord.client: Opening coord client on n2
2026-09-17 11:21:45,467{GMT}	INFO	[jepsen worker 4] jepsen.print: 4	:ok	:write	"vs742834458-4-xx"
2026-09-17 11:21:45,549{GMT}	INFO	[jepsen worker 0] jepsen.print: 0	:invoke	:write	"vs742834458-7-xx"
2026-09-17 11:21:45,549{GMT}	INFO	[jepsen worker 0] jepsen.coord.client: Opening coord client on n1
2026-09-17 11:21:45,685{GMT}	INFO	[jepsen worker 0] jepsen.print: 0	:ok	:write	"vs742834458-7-xx"
2026-09-17 11:21:45,749{GMT}	INFO	[jepsen worker 0] jepsen.print: 0	:invoke	:watch-session	{:key "/jepsen/watch/s742834458", :start-revision :last, :prev-kv? false, :window-ms 2000, :max-events 10000, :resumes 2}
2026-09-17 11:21:45,950{GMT}	INFO	[jepsen worker 2] jepsen.print: 2	:invoke	:write	"vs742834458-9-xx"
2026-09-17 11:21:45,976{GMT}	INFO	[jepsen worker 2] jepsen.print: 2	:ok	:write	"vs742834458-9-xx"
2026-09-17 11:21:46,150{GMT}	INFO	[jepsen worker 2] jepsen.print: 2	:invoke	:watch-session	{:key "/jepsen/watch/s742834458", :start-revision :last, :prev-kv? false, :window-ms 2000, :max-events 10000, :resumes 2}
2026-09-17 11:21:46,350{GMT}	INFO	[jepsen worker 4] jepsen.print: 4	:invoke	:write	"vs742834458-11-x"
2026-09-17 11:21:46,376{GMT}	INFO	[jepsen worker 4] jepsen.print: 4	:ok	:write	"vs742834458-11-x"
2026-09-17 11:21:46,551{GMT}	INFO	[jepsen worker 4] jepsen.print: 4	:invoke	:watch-session	{:key "/jepsen/watch/s742834458", :start-revision :last, :prev-kv? false, :window-ms 2000, :max-events 10000, :resumes 2}
2026-09-17 11:21:46,834{GMT}	INFO	[jepsen worker 1] jepsen.print: 1	:ok	:watch-session	{:key "/jepsen/watch/s742834458", :start-revision :last, :prev-kv? false, :window-ms 2000, :max-events 10000, :resumes 2}
2026-09-17 11:21:46,835{GMT}	INFO	[jepsen worker 1] jepsen.print: 1	:invoke	:watch-session	{:key "/jepsen/watch/s742834458", :start-revision 0, :prev-kv? true, :window-ms 2000, :max-events 10000, :resumes 2}
2026-09-17 11:21:47,225{GMT}	INFO	[jepsen worker 3] jepsen.print: 3	:ok	:watch-session	{:key "/jepsen/watch/s742834458", :start-revision 0, :prev-kv? true, :window-ms 2000, :max-events 10000, :resumes 2}
2026-09-17 11:21:47,226{GMT}	INFO	[jepsen worker 3] jepsen.print: 3	:invoke	:watch-session	{:key "/jepsen/watch/s742834458", :start-revision :last, :prev-kv? false, :window-ms 2000, :max-events 10000, :resumes 2}
2026-09-17 11:21:47,751{GMT}	INFO	[jepsen worker 0] jepsen.print: 0	:ok	:watch-session	{:key "/jepsen/watch/s742834458", :start-revision :last, :prev-kv? false, :window-ms 2000, :max-events 10000, :resumes 2}
2026-09-17 11:21:47,752{GMT}	INFO	[jepsen worker 0] jepsen.print: 0	:invoke	:write	"vs742834458-12-x"
2026-09-17 11:21:47,775{GMT}	INFO	[jepsen worker 0] jepsen.print: 0	:ok	:write	"vs742834458-12-x"
2026-09-17 11:21:47,952{GMT}	INFO	[jepsen worker 0] jepsen.print: 0	:invoke	:watch-session	{:key "/jepsen/watch/s742834458", :start-revision :last, :prev-kv? true, :window-ms 2000, :max-events 10000, :resumes 2}
2026-09-17 11:21:48,152{GMT}	INFO	[jepsen worker 2] jepsen.print: 2	:ok	:watch-session	{:key "/jepsen/watch/s742834458", :start-revision :last, :prev-kv? false, :window-ms 2000, :max-events 10000, :resumes 2}
2026-09-17 11:21:48,152{GMT}	INFO	[jepsen worker 2] jepsen.print: 2	:invoke	:write	"vs742834458-14-x"
2026-09-17 11:21:48,178{GMT}	INFO	[jepsen worker 2] jepsen.print: 2	:ok	:write	"vs742834458-14-x"
2026-09-17 11:21:48,353{GMT}	INFO	[jepsen worker 2] jepsen.print: 2	:invoke	:watch-session	{:key "/jepsen/watch/s742834458", :start-revision :last, :prev-kv? false, :window-ms 2000, :max-events 10000, :resumes 2}
2026-09-17 11:21:48,553{GMT}	INFO	[jepsen worker 4] jepsen.print: 4	:ok	:watch-session	{:key "/jepsen/watch/s742834458", :start-revision :last, :prev-kv? false, :window-ms 2000, :max-events 10000, :resumes 2}
2026-09-17 11:21:48,553{GMT}	INFO	[jepsen worker 4] jepsen.print: 4	:invoke	:write	"vs742834458-13-x"
2026-09-17 11:21:48,581{GMT}	INFO	[jepsen worker 4] jepsen.print: 4	:ok	:write	"vs742834458-13-x"
2026-09-17 11:21:48,753{GMT}	INFO	[jepsen worker 4] jepsen.print: 4	:invoke	:write	"vs742834458-15-x"
2026-09-17 11:21:48,786{GMT}	INFO	[jepsen worker 4] jepsen.print: 4	:ok	:write	"vs742834458-15-x"
2026-09-17 11:21:48,836{GMT}	INFO	[jepsen worker 1] jepsen.print: 1	:ok	:watch-session	{:key "/jepsen/watch/s742834458", :start-revision 0, :prev-kv? true, :window-ms 2000, :max-events 10000, :resumes 2}
2026-09-17 11:21:48,954{GMT}	INFO	[jepsen worker 1] jepsen.print: 1	:invoke	:watch-session	{:key "/jepsen/watch/s742834458", :start-revision :last, :prev-kv? false, :window-ms 2000, :max-events 10000, :resumes 2}
2026-09-17 11:21:49,154{GMT}	INFO	[jepsen worker 4] jepsen.print: 4	:invoke	:write	"vs742834458-16-x"
2026-09-17 11:21:49,176{GMT}	INFO	[jepsen worker 4] jepsen.print: 4	:ok	:write	"vs742834458-16-x"
2026-09-17 11:21:49,227{GMT}	INFO	[jepsen worker 3] jepsen.print: 3	:ok	:watch-session	{:key "/jepsen/watch/s742834458", :start-revision :last, :prev-kv? false, :window-ms 2000, :max-events 10000, :resumes 2}
2026-09-17 11:21:49,354{GMT}	INFO	[jepsen worker 3] jepsen.print: 3	:invoke	:watch-session	{:key "/jepsen/watch/s742834458", :start-revision 0, :prev-kv? false, :window-ms 2000, :max-events 10000, :resumes 2}
2026-09-17 11:21:49,555{GMT}	INFO	[jepsen worker 4] jepsen.print: 4	:invoke	:watch-session	{:key "/jepsen/watch/s742834458", :start-revision :last, :prev-kv? false, :window-ms 2000, :max-events 10000, :resumes 2}
2026-09-17 11:21:49,679{GMT}	INFO	[jepsen worker nemesis] jepsen.print: :nemesis	:info	:start	nil
2026-09-17 11:21:49,702{GMT}	INFO	[jepsen worker nemesis] jepsen.print: :nemesis	:info	:start	{"n2" [:killed "n2"]}
2026-09-17 11:21:49,954{GMT}	INFO	[jepsen worker 0] jepsen.print: 0	:ok	:watch-session	{:key "/jepsen/watch/s742834458", :start-revision :last, :prev-kv? true, :window-ms 2000, :max-events 10000, :resumes 2}
2026-09-17 11:21:49,954{GMT}	INFO	[jepsen worker 0] jepsen.print: 0	:invoke	:watch-session	{:key "/jepsen/watch/s742834458", :start-revision 0, :prev-kv? true, :window-ms 2000, :max-events 10000, :resumes 2}
2026-09-17 11:21:50,354{GMT}	INFO	[jepsen worker 2] jepsen.print: 2	:ok	:watch-session	{:key "/jepsen/watch/s742834458", :start-revision :last, :prev-kv? false, :window-ms 2000, :max-events 10000, :resumes 2}
2026-09-17 11:21:50,354{GMT}	INFO	[jepsen worker 2] jepsen.print: 2	:invoke	:watch-session	{:key "/jepsen/watch/s742834458", :start-revision :last, :prev-kv? true, :window-ms 2000, :max-events 10000, :resumes 2}
2026-09-17 11:21:50,955{GMT}	INFO	[jepsen worker 1] jepsen.print: 1	:ok	:watch-session	{:key "/jepsen/watch/s742834458", :start-revision :last, :prev-kv? false, :window-ms 2000, :max-events 10000, :resumes 2}
2026-09-17 11:21:50,956{GMT}	INFO	[jepsen worker 1] jepsen.print: 1	:invoke	:watch-session	{:key "/jepsen/watch/s742834458", :start-revision 0, :prev-kv? false, :window-ms 2000, :max-events 10000, :resumes 2}
2026-09-17 11:21:51,356{GMT}	INFO	[jepsen worker 3] jepsen.print: 3	:ok	:watch-session	{:key "/jepsen/watch/s742834458", :start-revision 0, :prev-kv? false, :window-ms 2000, :max-events 10000, :resumes 2}
2026-09-17 11:21:51,356{GMT}	INFO	[jepsen worker 3] jepsen.print: 3	:invoke	:write	"vs742834458-18-x"
2026-09-17 11:21:51,379{GMT}	INFO	[jepsen worker 3] jepsen.print: 3	:ok	:write	"vs742834458-18-x"
2026-09-17 11:21:51,556{GMT}	INFO	[jepsen worker 4] jepsen.print: 4	:ok	:watch-session	{:key "/jepsen/watch/s742834458", :start-revision :last, :prev-kv? false, :window-ms 2000, :max-events 10000, :resumes 2}
2026-09-17 11:21:51,557{GMT}	INFO	[jepsen worker 3] jepsen.print: 3	:invoke	:watch-session	{:key "/jepsen/watch/s742834458", :start-revision 0, :prev-kv? false, :window-ms 2000, :max-events 10000, :resumes 2}
2026-09-17 11:21:51,757{GMT}	INFO	[jepsen worker 4] jepsen.print: 4	:invoke	:write	"vs742834458-19-x"
2026-09-17 11:21:51,780{GMT}	INFO	[jepsen worker 4] jepsen.print: 4	:ok	:write	"vs742834458-19-x"
2026-09-17 11:21:51,955{GMT}	INFO	[jepsen worker 0] jepsen.print: 0	:ok	:watch-session	{:key "/jepsen/watch/s742834458", :start-revision 0, :prev-kv? true, :window-ms 2000, :max-events 10000, :resumes 2}
2026-09-17 11:21:51,957{GMT}	INFO	[jepsen worker 4] jepsen.print: 4	:invoke	:watch-session	{:key "/jepsen/watch/s742834458", :start-revision 0, :prev-kv? true, :window-ms 2000, :max-events 10000, :resumes 2}
2026-09-17 11:21:52,158{GMT}	INFO	[jepsen worker 0] jepsen.print: 0	:invoke	:watch-session	{:key "/jepsen/watch/s742834458", :start-revision :last, :prev-kv? true, :window-ms 2000, :max-events 10000, :resumes 2}
2026-09-17 11:21:52,356{GMT}	INFO	[jepsen worker 2] jepsen.print: 2	:ok	:watch-session	{:key "/jepsen/watch/s742834458", :start-revision :last, :prev-kv? true, :window-ms 2000, :max-events 10000, :resumes 2}
2026-09-17 11:21:52,358{GMT}	INFO	[jepsen worker 2] jepsen.print: 2	:invoke	:watch-session	{:key "/jepsen/watch/s742834458", :start-revision 0, :prev-kv? true, :window-ms 2000, :max-events 10000, :resumes 2}
2026-09-17 11:21:52,957{GMT}	INFO	[jepsen worker 1] jepsen.print: 1	:ok	:watch-session	{:key "/jepsen/watch/s742834458", :start-revision 0, :prev-kv? false, :window-ms 2000, :max-events 10000, :resumes 2}
2026-09-17 11:21:52,957{GMT}	INFO	[jepsen worker 1] jepsen.print: 1	:invoke	:watch-session	{:key "/jepsen/watch/s742834458", :start-revision :last, :prev-kv? true, :window-ms 2000, :max-events 10000, :resumes 2}
2026-09-17 11:21:53,558{GMT}	INFO	[jepsen worker 3] jepsen.print: 3	:ok	:watch-session	{:key "/jepsen/watch/s742834458", :start-revision 0, :prev-kv? false, :window-ms 2000, :max-events 10000, :resumes 2}
2026-09-17 11:21:53,558{GMT}	INFO	[jepsen worker 3] jepsen.print: 3	:invoke	:write	"vs742834458-17-x"
2026-09-17 11:21:53,584{GMT}	INFO	[jepsen worker 3] jepsen.print: 3	:ok	:write	"vs742834458-17-x"
2026-09-17 11:21:53,759{GMT}	INFO	[jepsen worker 3] jepsen.print: 3	:invoke	:watch-session	{:key "/jepsen/watch/s742834458", :start-revision :last, :prev-kv? true, :window-ms 2000, :max-events 10000, :resumes 2}
2026-09-17 11:21:53,958{GMT}	INFO	[jepsen worker 4] jepsen.print: 4	:ok	:watch-session	{:key "/jepsen/watch/s742834458", :start-revision 0, :prev-kv? true, :window-ms 2000, :max-events 10000, :resumes 2}
2026-09-17 11:21:53,959{GMT}	INFO	[jepsen worker 4] jepsen.print: 4	:invoke	:watch-session	{:key "/jepsen/watch/s742834458", :start-revision :last, :prev-kv? true, :window-ms 2000, :max-events 10000, :resumes 2}
2026-09-17 11:21:54,160{GMT}	INFO	[jepsen worker 0] jepsen.print: 0	:ok	:watch-session	{:key "/jepsen/watch/s742834458", :start-revision :last, :prev-kv? true, :window-ms 2000, :max-events 10000, :resumes 2}
2026-09-17 11:21:54,160{GMT}	INFO	[jepsen worker 0] jepsen.print: 0	:invoke	:write	"vs742834458-20-x"
2026-09-17 11:21:54,192{GMT}	INFO	[jepsen worker 0] jepsen.print: 0	:ok	:write	"vs742834458-20-x"
2026-09-17 11:21:54,359{GMT}	INFO	[jepsen worker 2] jepsen.print: 2	:ok	:watch-session	{:key "/jepsen/watch/s742834458", :start-revision 0, :prev-kv? true, :window-ms 2000, :max-events 10000, :resumes 2}
2026-09-17 11:21:54,360{GMT}	INFO	[jepsen worker 0] jepsen.print: 0	:invoke	:watch-session	{:key "/jepsen/watch/s742834458", :start-revision :last, :prev-kv? false, :window-ms 2000, :max-events 10000, :resumes 2}
2026-09-17 11:21:54,561{GMT}	INFO	[jepsen worker 2] jepsen.print: 2	:invoke	:write	"vs742834458-21-x"
2026-09-17 11:21:54,594{GMT}	INFO	[jepsen worker 2] jepsen.print: 2	:ok	:write	"vs742834458-21-x"
2026-09-17 11:21:54,761{GMT}	INFO	[jepsen worker 2] jepsen.print: 2	:invoke	:watch-session	{:key "/jepsen/watch/s742834458", :start-revision :last, :prev-kv? true, :window-ms 2000, :max-events 10000, :resumes 2}
2026-09-17 11:21:54,958{GMT}	INFO	[jepsen worker 1] jepsen.print: 1	:ok	:watch-session	{:key "/jepsen/watch/s742834458", :start-revision :last, :prev-kv? true, :window-ms 2000, :max-events 10000, :resumes 2}
2026-09-17 11:21:54,961{GMT}	INFO	[jepsen worker 1] jepsen.print: 1	:invoke	:write	"vs742834458-22-x"
2026-09-17 11:21:54,993{GMT}	INFO	[jepsen worker 1] jepsen.print: 1	:ok	:write	"vs742834458-22-x"
2026-09-17 11:21:55,161{GMT}	INFO	[jepsen worker 1] jepsen.print: 1	:invoke	:write	"vs742834458-24-x"
2026-09-17 11:21:55,191{GMT}	INFO	[jepsen worker 1] jepsen.print: 1	:ok	:write	"vs742834458-24-x"
2026-09-17 11:21:55,361{GMT}	INFO	[jepsen worker 1] jepsen.print: 1	:invoke	:write	"vs742834458-23-x"
2026-09-17 11:21:55,388{GMT}	INFO	[jepsen worker 1] jepsen.print: 1	:ok	:write	"vs742834458-23-x"
2026-09-17 11:21:55,561{GMT}	INFO	[jepsen worker 1] jepsen.print: 1	:invoke	:write	"vs742834458-25-x"
2026-09-17 11:21:55,588{GMT}	INFO	[jepsen worker 1] jepsen.print: 1	:ok	:write	"vs742834458-25-x"
2026-09-17 11:21:55,760{GMT}	INFO	[jepsen worker 3] jepsen.print: 3	:ok	:watch-session	{:key "/jepsen/watch/s742834458", :start-revision :last, :prev-kv? true, :window-ms 2000, :max-events 10000, :resumes 2}
2026-09-17 11:21:55,762{GMT}	INFO	[jepsen worker 1] jepsen.print: 1	:invoke	:watch-session	{:key "/jepsen/watch/s742834458", :start-revision :last, :prev-kv? true, :window-ms 2000, :max-events 10000, :resumes 2}
2026-09-17 11:21:55,960{GMT}	INFO	[jepsen worker 4] jepsen.print: 4	:ok	:watch-session	{:key "/jepsen/watch/s742834458", :start-revision :last, :prev-kv? true, :window-ms 2000, :max-events 10000, :resumes 2}
2026-09-17 11:21:55,962{GMT}	INFO	[jepsen worker 3] jepsen.print: 3	:invoke	:watch-session	{:key "/jepsen/watch/s742834458", :start-revision 0, :prev-kv? false, :window-ms 2000, :max-events 10000, :resumes 2}
2026-09-17 11:21:56,161{GMT}	INFO	[jepsen worker nemesis] jepsen.print: :nemesis	:info	:stop	nil
2026-09-17 11:21:56,162{GMT}	INFO	[jepsen worker 4] jepsen.print: 4	:invoke	:watch-session	{:key "/jepsen/watch/s742834458", :start-revision 0, :prev-kv? true, :window-ms 2000, :max-events 10000, :resumes 2}
2026-09-17 11:21:56,220{GMT}	INFO	[jepsen node n2] jepsen.coord.db: Restarting coord on n2
2026-09-17 11:21:56,220{GMT}	INFO	[jepsen node n2] jepsen.control.util: Starting coord
2026-09-17 11:21:56,337{GMT}	INFO	[jepsen node n2] jepsen.coord.db: Waiting for coord on n2 to be ready
2026-09-17 11:21:56,361{GMT}	INFO	[jepsen worker 0] jepsen.print: 0	:ok	:watch-session	{:key "/jepsen/watch/s742834458", :start-revision :last, :prev-kv? false, :window-ms 2000, :max-events 10000, :resumes 2}
2026-09-17 11:21:56,362{GMT}	INFO	[jepsen worker 0] jepsen.print: 0	:invoke	:watch-session	{:key "/jepsen/watch/s742834458", :start-revision :last, :prev-kv? false, :window-ms 2000, :max-events 10000, :resumes 2}
2026-09-17 11:21:56,441{GMT}	INFO	[jepsen node n2] jepsen.coord.db: coord n2 is ready
2026-09-17 11:21:56,441{GMT}	INFO	[jepsen worker nemesis] jepsen.print: :nemesis	:info	:stop	{"n2" [:restarted "n2"]}
2026-09-17 11:21:56,762{GMT}	INFO	[jepsen worker 2] jepsen.print: 2	:ok	:watch-session	{:key "/jepsen/watch/s742834458", :start-revision :last, :prev-kv? true, :window-ms 2000, :max-events 10000, :resumes 2}
2026-09-17 11:21:56,763{GMT}	INFO	[jepsen worker 2] jepsen.print: 2	:invoke	:watch-session	{:key "/jepsen/watch/s742834458", :start-revision 0, :prev-kv? false, :window-ms 2000, :max-events 10000, :resumes 2}
2026-09-17 11:21:57,763{GMT}	INFO	[jepsen worker 1] jepsen.print: 1	:ok	:watch-session	{:key "/jepsen/watch/s742834458", :start-revision :last, :prev-kv? true, :window-ms 2000, :max-events 10000, :resumes 2}
2026-09-17 11:21:57,763{GMT}	INFO	[jepsen worker 1] jepsen.print: 1	:invoke	:watch-session	{:key "/jepsen/watch/s742834458", :start-revision :last, :prev-kv? true, :window-ms 2000, :max-events 10000, :resumes 2}
2026-09-17 11:21:57,964{GMT}	INFO	[jepsen worker 3] jepsen.print: 3	:ok	:watch-session	{:key "/jepsen/watch/s742834458", :start-revision 0, :prev-kv? false, :window-ms 2000, :max-events 10000, :resumes 2}
2026-09-17 11:21:57,964{GMT}	INFO	[jepsen worker 3] jepsen.print: 3	:invoke	:watch-session	{:key "/jepsen/watch/s742834458", :start-revision 0, :prev-kv? true, :window-ms 2000, :max-events 10000, :resumes 2}
2026-09-17 11:21:58,163{GMT}	INFO	[jepsen worker 4] jepsen.print: 4	:ok	:watch-session	{:key "/jepsen/watch/s742834458", :start-revision 0, :prev-kv? true, :window-ms 2000, :max-events 10000, :resumes 2}
2026-09-17 11:21:58,164{GMT}	INFO	[jepsen worker 4] jepsen.print: 4	:invoke	:write	"vs742834458-26-x"
2026-09-17 11:21:58,188{GMT}	INFO	[jepsen worker 4] jepsen.print: 4	:ok	:write	"vs742834458-26-x"
2026-09-17 11:21:58,363{GMT}	INFO	[jepsen worker 0] jepsen.print: 0	:ok	:watch-session	{:key "/jepsen/watch/s742834458", :start-revision :last, :prev-kv? false, :window-ms 2000, :max-events 10000, :resumes 2}
2026-09-17 11:21:58,365{GMT}	INFO	[jepsen worker 4] jepsen.print: 4	:invoke	:write	"vs742834458-27-x"
2026-09-17 11:21:58,403{GMT}	INFO	[jepsen worker 4] jepsen.print: 4	:ok	:write	"vs742834458-27-x"
2026-09-17 11:21:58,565{GMT}	INFO	[jepsen worker 4] jepsen.print: 4	:invoke	:watch-session	{:key "/jepsen/watch/s742834458", :start-revision 0, :prev-kv? true, :window-ms 2000, :max-events 10000, :resumes 2}
2026-09-17 11:21:58,765{GMT}	INFO	[jepsen worker 2] jepsen.print: 2	:ok	:watch-session	{:key "/jepsen/watch/s742834458", :start-revision 0, :prev-kv? false, :window-ms 2000, :max-events 10000, :resumes 2}
2026-09-17 11:21:58,765{GMT}	INFO	[jepsen worker 0] jepsen.print: 0	:invoke	:watch-session	{:key "/jepsen/watch/s742834458", :start-revision 0, :prev-kv? false, :window-ms 2000, :max-events 10000, :resumes 2}
2026-09-17 11:21:58,966{GMT}	INFO	[jepsen worker 2] jepsen.print: 2	:invoke	:watch-session	{:key "/jepsen/watch/s742834458", :start-revision :last, :prev-kv? true, :window-ms 2000, :max-events 10000, :resumes 2}
2026-09-17 11:21:59,764{GMT}	INFO	[jepsen worker 1] jepsen.print: 1	:ok	:watch-session	{:key "/jepsen/watch/s742834458", :start-revision :last, :prev-kv? true, :window-ms 2000, :max-events 10000, :resumes 2}
2026-09-17 11:21:59,764{GMT}	INFO	[jepsen worker 1] jepsen.print: 1	:invoke	:write	"vs742834458-29-x"
2026-09-17 11:21:59,793{GMT}	INFO	[jepsen worker 1] jepsen.print: 1	:ok	:write	"vs742834458-29-x"
2026-09-17 11:21:59,965{GMT}	INFO	[jepsen worker 1] jepsen.print: 1	:invoke	:write	"vs742834458-30-x"
2026-09-17 11:21:59,965{GMT}	INFO	[jepsen worker 3] jepsen.print: 3	:ok	:watch-session	{:key "/jepsen/watch/s742834458", :start-revision 0, :prev-kv? true, :window-ms 2000, :max-events 10000, :resumes 2}
2026-09-17 11:21:59,998{GMT}	INFO	[jepsen worker 1] jepsen.print: 1	:ok	:write	"vs742834458-30-x"
2026-09-17 11:22:00,165{GMT}	INFO	[jepsen worker 3] jepsen.print: 3	:invoke	:watch-session	{:key "/jepsen/watch/s742834458", :start-revision 0, :prev-kv? true, :window-ms 2000, :max-events 10000, :resumes 2}
2026-09-17 11:22:00,365{GMT}	INFO	[jepsen worker 1] jepsen.print: 1	:invoke	:watch-session	{:key "/jepsen/watch/s742834458", :start-revision 0, :prev-kv? false, :window-ms 2000, :max-events 10000, :resumes 2}
2026-09-17 11:22:00,566{GMT}	INFO	[jepsen worker 4] jepsen.print: 4	:ok	:watch-session	{:key "/jepsen/watch/s742834458", :start-revision 0, :prev-kv? true, :window-ms 2000, :max-events 10000, :resumes 2}
2026-09-17 11:22:00,566{GMT}	INFO	[jepsen worker 4] jepsen.print: 4	:invoke	:watch-session	{:key "/jepsen/watch/s742834458", :start-revision :last, :prev-kv? true, :window-ms 2000, :max-events 10000, :resumes 2}
2026-09-17 11:22:00,766{GMT}	INFO	[jepsen worker 0] jepsen.print: 0	:ok	:watch-session	{:key "/jepsen/watch/s742834458", :start-revision 0, :prev-kv? false, :window-ms 2000, :max-events 10000, :resumes 2}
2026-09-17 11:22:00,766{GMT}	INFO	[jepsen worker 0] jepsen.print: 0	:invoke	:watch-session	{:key "/jepsen/watch/s742834458", :start-revision 0, :prev-kv? true, :window-ms 2000, :max-events 10000, :resumes 2}
2026-09-17 11:22:00,967{GMT}	INFO	[jepsen worker 2] jepsen.print: 2	:ok	:watch-session	{:key "/jepsen/watch/s742834458", :start-revision :last, :prev-kv? true, :window-ms 2000, :max-events 10000, :resumes 2}
2026-09-17 11:22:00,967{GMT}	INFO	[jepsen worker 2] jepsen.print: 2	:invoke	:watch-session	{:key "/jepsen/watch/s742834458", :start-revision 0, :prev-kv? false, :window-ms 2000, :max-events 10000, :resumes 2}
2026-09-17 11:22:01,885{GMT}	INFO	[jepsen worker nemesis] jepsen.print: :nemesis	:info	:start	nil
2026-09-17 11:22:01,911{GMT}	INFO	[jepsen worker nemesis] jepsen.print: :nemesis	:info	:start	{"n2" [:killed "n2"]}
2026-09-17 11:22:02,166{GMT}	INFO	[jepsen worker 3] jepsen.print: 3	:ok	:watch-session	{:key "/jepsen/watch/s742834458", :start-revision 0, :prev-kv? true, :window-ms 2000, :max-events 10000, :resumes 2}
2026-09-17 11:22:02,167{GMT}	INFO	[jepsen worker 3] jepsen.print: 3	:invoke	:write	"vs742834458-28-x"
2026-09-17 11:22:02,188{GMT}	INFO	[jepsen worker 3] jepsen.print: 3	:ok	:write	"vs742834458-28-x"
2026-09-17 11:22:02,366{GMT}	INFO	[jepsen worker 1] jepsen.print: 1	:ok	:watch-session	{:key "/jepsen/watch/s742834458", :start-revision 0, :prev-kv? false, :window-ms 2000, :max-events 10000, :resumes 2}
2026-09-17 11:22:02,367{GMT}	INFO	[jepsen worker 1] jepsen.print: 1	:invoke	:write	"vs742834458-31-x"
2026-09-17 11:22:02,390{GMT}	INFO	[jepsen worker 1] jepsen.print: 1	:ok	:write	"vs742834458-31-x"
2026-09-17 11:22:02,567{GMT}	INFO	[jepsen worker 4] jepsen.print: 4	:ok	:watch-session	{:key "/jepsen/watch/s742834458", :start-revision :last, :prev-kv? true, :window-ms 2000, :max-events 10000, :resumes 2}
2026-09-17 11:22:02,567{GMT}	INFO	[jepsen worker 1] jepsen.print: 1	:invoke	:watch-session	{:key "/jepsen/watch/s742834458", :start-revision :last, :prev-kv? false, :window-ms 2000, :max-events 10000, :resumes 2}
2026-09-17 11:22:02,768{GMT}	INFO	[jepsen worker 0] jepsen.print: 0	:ok	:watch-session	{:key "/jepsen/watch/s742834458", :start-revision 0, :prev-kv? true, :window-ms 2000, :max-events 10000, :resumes 2}
2026-09-17 11:22:02,768{GMT}	INFO	[jepsen worker 3] jepsen.print: 3	:invoke	:watch-session	{:key "/jepsen/watch/s742834458", :start-revision 0, :prev-kv? true, :window-ms 2000, :max-events 10000, :resumes 2}
2026-09-17 11:22:02,968{GMT}	INFO	[jepsen worker 4] jepsen.print: 4	:invoke	:write	"vs742834458-32-x"
2026-09-17 11:22:02,969{GMT}	INFO	[jepsen worker 2] jepsen.print: 2	:ok	:watch-session	{:key "/jepsen/watch/s742834458", :start-revision 0, :prev-kv? false, :window-ms 2000, :max-events 10000, :resumes 2}
2026-09-17 11:22:02,994{GMT}	INFO	[jepsen worker 4] jepsen.print: 4	:ok	:write	"vs742834458-32-x"
2026-09-17 11:22:03,168{GMT}	INFO	[jepsen worker 2] jepsen.print: 2	:invoke	:write	"vs742834458-36-x"
2026-09-17 11:22:03,195{GMT}	INFO	[jepsen worker 2] jepsen.print: 2	:ok	:write	"vs742834458-36-x"
2026-09-17 11:22:03,369{GMT}	INFO	[jepsen worker 4] jepsen.print: 4	:invoke	:watch-session	{:key "/jepsen/watch/s742834458", :start-revision 0, :prev-kv? false, :window-ms 2000, :max-events 10000, :resumes 2}
2026-09-17 11:22:03,569{GMT}	INFO	[jepsen worker 0] jepsen.print: 0	:invoke	:write	"vs742834458-38-x"
2026-09-17 11:22:03,595{GMT}	INFO	[jepsen worker 0] jepsen.print: 0	:ok	:write	"vs742834458-38-x"
2026-09-17 11:22:03,769{GMT}	INFO	[jepsen worker 0] jepsen.print: 0	:invoke	:write	"vs742834458-41-x"
2026-09-17 11:22:03,797{GMT}	INFO	[jepsen worker 0] jepsen.print: 0	:ok	:write	"vs742834458-41-x"
2026-09-17 11:22:03,969{GMT}	INFO	[jepsen worker 0] jepsen.print: 0	:invoke	:watch-session	{:key "/jepsen/watch/s742834458", :start-revision 0, :prev-kv? false, :window-ms 2000, :max-events 10000, :resumes 2}
2026-09-17 11:22:04,169{GMT}	INFO	[jepsen worker 2] jepsen.print: 2	:invoke	:write	"vs742834458-43-x"
2026-09-17 11:22:04,196{GMT}	INFO	[jepsen worker 2] jepsen.print: 2	:ok	:write	"vs742834458-43-x"
2026-09-17 11:22:04,370{GMT}	INFO	[jepsen worker 2] jepsen.print: 2	:invoke	:write	"vs742834458-45-x"
2026-09-17 11:22:04,396{GMT}	INFO	[jepsen worker 2] jepsen.print: 2	:ok	:write	"vs742834458-45-x"
2026-09-17 11:22:04,569{GMT}	INFO	[jepsen worker 1] jepsen.print: 1	:ok	:watch-session	{:key "/jepsen/watch/s742834458", :start-revision :last, :prev-kv? false, :window-ms 2000, :max-events 10000, :resumes 2}
2026-09-17 11:22:04,570{GMT}	INFO	[jepsen worker 1] jepsen.print: 1	:invoke	:write	"vs742834458-44-x"
2026-09-17 11:22:04,598{GMT}	INFO	[jepsen worker 1] jepsen.print: 1	:ok	:write	"vs742834458-44-x"
2026-09-17 11:22:04,769{GMT}	INFO	[jepsen worker 3] jepsen.print: 3	:ok	:watch-session	{:key "/jepsen/watch/s742834458", :start-revision 0, :prev-kv? true, :window-ms 2000, :max-events 10000, :resumes 2}
2026-09-17 11:22:04,770{GMT}	INFO	[jepsen worker 1] jepsen.print: 1	:invoke	:watch-session	{:key "/jepsen/watch/s742834458", :start-revision 0, :prev-kv? true, :window-ms 2000, :max-events 10000, :resumes 2}
2026-09-17 11:22:04,970{GMT}	INFO	[jepsen worker 2] jepsen.print: 2	:invoke	:watch-session	{:key "/jepsen/watch/s742834458", :start-revision :last, :prev-kv? false, :window-ms 2000, :max-events 10000, :resumes 2}
2026-09-17 11:22:05,171{GMT}	INFO	[jepsen worker 3] jepsen.print: 3	:invoke	:write	"vs742834458-48-x"
2026-09-17 11:22:05,198{GMT}	INFO	[jepsen worker 3] jepsen.print: 3	:ok	:write	"vs742834458-48-x"
2026-09-17 11:22:05,370{GMT}	INFO	[jepsen worker 4] jepsen.print: 4	:ok	:watch-session	{:key "/jepsen/watch/s742834458", :start-revision 0, :prev-kv? false, :window-ms 2000, :max-events 10000, :resumes 2}
2026-09-17 11:22:05,371{GMT}	INFO	[jepsen worker 3] jepsen.print: 3	:invoke	:watch-session	{:key "/jepsen/watch/s742834458", :start-revision :last, :prev-kv? true, :window-ms 2000, :max-events 10000, :resumes 2}
2026-09-17 11:22:05,571{GMT}	INFO	[jepsen worker 4] jepsen.print: 4	:invoke	:watch-session	{:key "/jepsen/watch/s742834458", :start-revision :last, :prev-kv? false, :window-ms 2000, :max-events 10000, :resumes 2}
2026-09-17 11:22:05,971{GMT}	INFO	[jepsen worker 0] jepsen.print: 0	:ok	:watch-session	{:key "/jepsen/watch/s742834458", :start-revision 0, :prev-kv? false, :window-ms 2000, :max-events 10000, :resumes 2}
2026-09-17 11:22:05,971{GMT}	INFO	[jepsen worker 0] jepsen.print: 0	:invoke	:watch-session	{:key "/jepsen/watch/s742834458", :start-revision 0, :prev-kv? true, :window-ms 2000, :max-events 10000, :resumes 2}
2026-09-17 11:22:06,771{GMT}	INFO	[jepsen worker 1] jepsen.print: 1	:ok	:watch-session	{:key "/jepsen/watch/s742834458", :start-revision 0, :prev-kv? true, :window-ms 2000, :max-events 10000, :resumes 2}
2026-09-17 11:22:06,771{GMT}	INFO	[jepsen worker 1] jepsen.print: 1	:invoke	:watch-session	{:key "/jepsen/watch/s742834458", :start-revision :last, :prev-kv? true, :window-ms 2000, :max-events 10000, :resumes 2}
2026-09-17 11:22:06,972{GMT}	INFO	[jepsen worker 2] jepsen.print: 2	:ok	:watch-session	{:key "/jepsen/watch/s742834458", :start-revision :last, :prev-kv? false, :window-ms 2000, :max-events 10000, :resumes 2}
2026-09-17 11:22:06,973{GMT}	INFO	[jepsen worker 2] jepsen.print: 2	:invoke	:write	"vs742834458-49-x"
2026-09-17 11:22:07,000{GMT}	INFO	[jepsen worker 2] jepsen.print: 2	:ok	:write	"vs742834458-49-x"
2026-09-17 11:22:07,173{GMT}	INFO	[jepsen worker 2] jepsen.print: 2	:invoke	:watch-session	{:key "/jepsen/watch/s742834458", :start-revision 0, :prev-kv? true, :window-ms 2000, :max-events 10000, :resumes 2}
2026-09-17 11:22:07,372{GMT}	INFO	[jepsen worker 3] jepsen.print: 3	:ok	:watch-session	{:key "/jepsen/watch/s742834458", :start-revision :last, :prev-kv? true, :window-ms 2000, :max-events 10000, :resumes 2}
2026-09-17 11:22:07,373{GMT}	INFO	[jepsen worker 3] jepsen.print: 3	:invoke	:watch-session	{:key "/jepsen/watch/s742834458", :start-revision 0, :prev-kv? true, :window-ms 2000, :max-events 10000, :resumes 2}
2026-09-17 11:22:07,572{GMT}	INFO	[jepsen worker 4] jepsen.print: 4	:ok	:watch-session	{:key "/jepsen/watch/s742834458", :start-revision :last, :prev-kv? false, :window-ms 2000, :max-events 10000, :resumes 2}
2026-09-17 11:22:07,573{GMT}	INFO	[jepsen worker 4] jepsen.print: 4	:invoke	:write	"vs742834458-50-x"
2026-09-17 11:22:07,598{GMT}	INFO	[jepsen worker 4] jepsen.print: 4	:ok	:write	"vs742834458-50-x"
2026-09-17 11:22:07,773{GMT}	INFO	[jepsen worker 4] jepsen.print: 4	:invoke	:watch-session	{:key "/jepsen/watch/s742834458", :start-revision :last, :prev-kv? false, :window-ms 2000, :max-events 10000, :resumes 2}
2026-09-17 11:22:07,972{GMT}	INFO	[jepsen worker 0] jepsen.print: 0	:ok	:watch-session	{:key "/jepsen/watch/s742834458", :start-revision 0, :prev-kv? true, :window-ms 2000, :max-events 10000, :resumes 2}
2026-09-17 11:22:07,973{GMT}	INFO	[jepsen worker 0] jepsen.print: 0	:invoke	:watch-session	{:key "/jepsen/watch/s742834458", :start-revision :last, :prev-kv? true, :window-ms 2000, :max-events 10000, :resumes 2}
2026-09-17 11:22:08,771{GMT}	INFO	[jepsen worker 1] jepsen.print: 1	:ok	:watch-session	{:key "/jepsen/watch/s742834458", :start-revision :last, :prev-kv? true, :window-ms 2000, :max-events 10000, :resumes 2}
2026-09-17 11:22:08,772{GMT}	INFO	[jepsen worker 1] jepsen.print: 1	:invoke	:watch-session	{:key "/jepsen/watch/s742834458", :start-revision 0, :prev-kv? true, :window-ms 2000, :max-events 10000, :resumes 2}
2026-09-17 11:22:09,013{GMT}	INFO	[jepsen worker nemesis] jepsen.print: :nemesis	:info	:stop	nil
2026-09-17 11:22:09,046{GMT}	INFO	[jepsen node n2] jepsen.coord.db: Restarting coord on n2
2026-09-17 11:22:09,047{GMT}	INFO	[jepsen node n2] jepsen.control.util: Starting coord
2026-09-17 11:22:09,161{GMT}	INFO	[jepsen node n2] jepsen.coord.db: Waiting for coord on n2 to be ready
2026-09-17 11:22:09,174{GMT}	INFO	[jepsen worker 2] jepsen.print: 2	:ok	:watch-session	{:key "/jepsen/watch/s742834458", :start-revision 0, :prev-kv? true, :window-ms 2000, :max-events 10000, :resumes 2}
2026-09-17 11:22:09,174{GMT}	INFO	[jepsen worker 2] jepsen.print: 2	:invoke	:write	"vs742834458-51-x"
2026-09-17 11:22:09,231{GMT}	INFO	[jepsen worker 2] jepsen.print: 2	:ok	:write	"vs742834458-51-x"
2026-09-17 11:22:09,374{GMT}	INFO	[jepsen worker 2] jepsen.print: 2	:invoke	:watch-session	{:key "/jepsen/watch/s742834458", :start-revision 0, :prev-kv? false, :window-ms 2000, :max-events 10000, :resumes 2}
2026-09-17 11:22:09,374{GMT}	INFO	[jepsen worker 3] jepsen.print: 3	:ok	:watch-session	{:key "/jepsen/watch/s742834458", :start-revision 0, :prev-kv? true, :window-ms 2000, :max-events 10000, :resumes 2}
2026-09-17 11:22:09,575{GMT}	INFO	[jepsen worker 3] jepsen.print: 3	:invoke	:write	"vs742834458-46-x"
2026-09-17 11:22:09,605{GMT}	INFO	[jepsen worker 3] jepsen.print: 3	:ok	:write	"vs742834458-46-x"
2026-09-17 11:22:09,774{GMT}	INFO	[jepsen worker 4] jepsen.print: 4	:ok	:watch-session	{:key "/jepsen/watch/s742834458", :start-revision :last, :prev-kv? false, :window-ms 2000, :max-events 10000, :resumes 2}
2026-09-17 11:22:09,775{GMT}	INFO	[jepsen worker 4] jepsen.print: 4	:invoke	:watch-session	{:key "/jepsen/watch/s742834458", :start-revision :last, :prev-kv? false, :window-ms 2000, :max-events 10000, :resumes 2}
2026-09-17 11:22:09,974{GMT}	INFO	[jepsen worker 0] jepsen.print: 0	:ok	:watch-session	{:key "/jepsen/watch/s742834458", :start-revision :last, :prev-kv? true, :window-ms 2000, :max-events 10000, :resumes 2}
2026-09-17 11:22:09,975{GMT}	INFO	[jepsen worker 0] jepsen.print: 0	:invoke	:write	"vs742834458-53-x"
2026-09-17 11:22:10,015{GMT}	INFO	[jepsen worker 0] jepsen.print: 0	:ok	:write	"vs742834458-53-x"
2026-09-17 11:22:10,175{GMT}	INFO	[jepsen worker 0] jepsen.print: 0	:invoke	:write	"vs742834458-56-x"
2026-09-17 11:22:10,178{GMT}	INFO	[jepsen node n2] jepsen.coord.db: coord n2 is ready
2026-09-17 11:22:10,178{GMT}	INFO	[jepsen worker nemesis] jepsen.print: :nemesis	:info	:stop	{"n2" [:restarted "n2"]}
2026-09-17 11:22:10,214{GMT}	INFO	[jepsen worker 0] jepsen.print: 0	:ok	:write	"vs742834458-56-x"
2026-09-17 11:22:10,375{GMT}	INFO	[jepsen worker 3] jepsen.print: 3	:invoke	:watch-session	{:key "/jepsen/watch/s742834458", :start-revision :last, :prev-kv? true, :window-ms 2000, :max-events 10000, :resumes 2}
2026-09-17 11:22:10,576{GMT}	INFO	[jepsen worker 0] jepsen.print: 0	:invoke	:write	"vs742834458-58-x"
2026-09-17 11:22:10,612{GMT}	INFO	[jepsen worker 0] jepsen.print: 0	:ok	:write	"vs742834458-58-x"
2026-09-17 11:22:10,774{GMT}	INFO	[jepsen worker 1] jepsen.print: 1	:ok	:watch-session	{:key "/jepsen/watch/s742834458", :start-revision 0, :prev-kv? true, :window-ms 2000, :max-events 10000, :resumes 2}
2026-09-17 11:22:10,776{GMT}	INFO	[jepsen worker 0] jepsen.print: 0	:invoke	:write	"vs742834458-59-x"
2026-09-17 11:22:10,804{GMT}	INFO	[jepsen worker 0] jepsen.print: 0	:ok	:write	"vs742834458-59-x"
2026-09-17 11:22:10,976{GMT}	INFO	[jepsen worker 0] jepsen.print: 0	:invoke	:watch-session	{:key "/jepsen/watch/s742834458", :start-revision 0, :prev-kv? false, :window-ms 2000, :max-events 10000, :resumes 2}
2026-09-17 11:22:11,176{GMT}	INFO	[jepsen worker 1] jepsen.print: 1	:invoke	:watch-session	{:key "/jepsen/watch/s742834458", :start-revision :last, :prev-kv? false, :window-ms 2000, :max-events 10000, :resumes 2}
2026-09-17 11:22:11,376{GMT}	INFO	[jepsen worker 2] jepsen.print: 2	:ok	:watch-session	{:key "/jepsen/watch/s742834458", :start-revision 0, :prev-kv? false, :window-ms 2000, :max-events 10000, :resumes 2}
2026-09-17 11:22:11,376{GMT}	INFO	[jepsen worker 2] jepsen.print: 2	:invoke	:watch-session	{:key "/jepsen/watch/s742834458", :start-revision :last, :prev-kv? false, :window-ms 2000, :max-events 10000, :resumes 2}
2026-09-17 11:22:11,776{GMT}	INFO	[jepsen worker 4] jepsen.print: 4	:ok	:watch-session	{:key "/jepsen/watch/s742834458", :start-revision :last, :prev-kv? false, :window-ms 2000, :max-events 10000, :resumes 2}
2026-09-17 11:22:11,776{GMT}	INFO	[jepsen worker 4] jepsen.print: 4	:invoke	:watch-session	{:key "/jepsen/watch/s742834458", :start-revision 0, :prev-kv? true, :window-ms 2000, :max-events 10000, :resumes 2}
2026-09-17 11:22:12,376{GMT}	INFO	[jepsen worker 3] jepsen.print: 3	:ok	:watch-session	{:key "/jepsen/watch/s742834458", :start-revision :last, :prev-kv? true, :window-ms 2000, :max-events 10000, :resumes 2}
2026-09-17 11:22:12,377{GMT}	INFO	[jepsen worker 3] jepsen.print: 3	:invoke	:watch-session	{:key "/jepsen/watch/s742834458", :start-revision :last, :prev-kv? true, :window-ms 2000, :max-events 10000, :resumes 2}
2026-09-17 11:22:12,977{GMT}	INFO	[jepsen worker 0] jepsen.print: 0	:ok	:watch-session	{:key "/jepsen/watch/s742834458", :start-revision 0, :prev-kv? false, :window-ms 2000, :max-events 10000, :resumes 2}
2026-09-17 11:22:12,978{GMT}	INFO	[jepsen worker 0] jepsen.print: 0	:invoke	:watch-session	{:key "/jepsen/watch/s742834458", :start-revision :last, :prev-kv? false, :window-ms 2000, :max-events 10000, :resumes 2}
2026-09-17 11:22:13,177{GMT}	INFO	[jepsen worker 1] jepsen.print: 1	:ok	:watch-session	{:key "/jepsen/watch/s742834458", :start-revision :last, :prev-kv? false, :window-ms 2000, :max-events 10000, :resumes 2}
2026-09-17 11:22:13,178{GMT}	INFO	[jepsen worker 1] jepsen.print: 1	:invoke	:watch-session	{:key "/jepsen/watch/s742834458", :start-revision :last, :prev-kv? true, :window-ms 2000, :max-events 10000, :resumes 2}
2026-09-17 11:22:13,254{GMT}	INFO	[jepsen worker nemesis] jepsen.print: :nemesis	:info	:start	nil
2026-09-17 11:22:13,265{GMT}	INFO	[jepsen worker nemesis] jepsen.print: :nemesis	:info	:start	{"n2" [:killed "n2"]}
2026-09-17 11:22:13,377{GMT}	INFO	[jepsen worker 2] jepsen.print: 2	:ok	:watch-session	{:key "/jepsen/watch/s742834458", :start-revision :last, :prev-kv? false, :window-ms 2000, :max-events 10000, :resumes 2}
2026-09-17 11:22:13,378{GMT}	INFO	[jepsen worker 2] jepsen.print: 2	:invoke	:write	"vs742834458-52-x"
2026-09-17 11:22:13,409{GMT}	INFO	[jepsen worker 2] jepsen.print: 2	:ok	:write	"vs742834458-52-x"
2026-09-17 11:22:13,578{GMT}	INFO	[jepsen worker 2] jepsen.print: 2	:invoke	:watch-session	{:key "/jepsen/watch/s742834458", :start-revision :last, :prev-kv? false, :window-ms 2000, :max-events 10000, :resumes 2}
2026-09-17 11:22:13,777{GMT}	INFO	[jepsen worker 4] jepsen.print: 4	:ok	:watch-session	{:key "/jepsen/watch/s742834458", :start-revision 0, :prev-kv? true, :window-ms 2000, :max-events 10000, :resumes 2}
2026-09-17 11:22:13,778{GMT}	INFO	[jepsen worker 4] jepsen.print: 4	:invoke	:watch-session	{:key "/jepsen/watch/s742834458", :start-revision :last, :prev-kv? false, :window-ms 2000, :max-events 10000, :resumes 2}
2026-09-17 11:22:14,378{GMT}	INFO	[jepsen worker 3] jepsen.print: 3	:ok	:watch-session	{:key "/jepsen/watch/s742834458", :start-revision :last, :prev-kv? true, :window-ms 2000, :max-events 10000, :resumes 2}
2026-09-17 11:22:14,378{GMT}	INFO	[jepsen worker 3] jepsen.print: 3	:invoke	:watch-session	{:key "/jepsen/watch/s742834458", :start-revision 0, :prev-kv? true, :window-ms 2000, :max-events 10000, :resumes 2}
2026-09-17 11:22:14,978{GMT}	INFO	[jepsen worker 0] jepsen.print: 0	:ok	:watch-session	{:key "/jepsen/watch/s742834458", :start-revision :last, :prev-kv? false, :window-ms 2000, :max-events 10000, :resumes 2}
2026-09-17 11:22:14,979{GMT}	INFO	[jepsen worker 0] jepsen.print: 0	:invoke	:watch-session	{:key "/jepsen/watch/s742834458", :start-revision 0, :prev-kv? true, :window-ms 2000, :max-events 10000, :resumes 2}
2026-09-17 11:22:15,178{GMT}	INFO	[jepsen worker 1] jepsen.print: 1	:ok	:watch-session	{:key "/jepsen/watch/s742834458", :start-revision :last, :prev-kv? true, :window-ms 2000, :max-events 10000, :resumes 2}
2026-09-17 11:22:15,179{GMT}	INFO	[jepsen worker 1] jepsen.print: 1	:invoke	:write	"vs742834458-60-x"
2026-09-17 11:22:15,202{GMT}	INFO	[jepsen worker 1] jepsen.print: 1	:ok	:write	"vs742834458-60-x"
2026-09-17 11:22:15,379{GMT}	INFO	[jepsen worker 1] jepsen.print: 1	:invoke	:write	"vs742834458-62-x"
2026-09-17 11:22:15,405{GMT}	INFO	[jepsen worker 1] jepsen.print: 1	:ok	:write	"vs742834458-62-x"
2026-09-17 11:22:15,579{GMT}	INFO	[jepsen worker 1] jepsen.print: 1	:invoke	:watch-session	{:key "/jepsen/watch/s742834458", :start-revision 0, :prev-kv? false, :window-ms 2000, :max-events 10000, :resumes 2}
2026-09-17 11:22:15,579{GMT}	INFO	[jepsen worker 2] jepsen.print: 2	:ok	:watch-session	{:key "/jepsen/watch/s742834458", :start-revision :last, :prev-kv? false, :window-ms 2000, :max-events 10000, :resumes 2}
2026-09-17 11:22:15,779{GMT}	INFO	[jepsen worker 2] jepsen.print: 2	:invoke	:write	"vs742834458-61-x"
2026-09-17 11:22:15,779{GMT}	INFO	[jepsen worker 4] jepsen.print: 4	:ok	:watch-session	{:key "/jepsen/watch/s742834458", :start-revision :last, :prev-kv? false, :window-ms 2000, :max-events 10000, :resumes 2}
2026-09-17 11:22:15,812{GMT}	INFO	[jepsen worker 2] jepsen.print: 2	:ok	:write	"vs742834458-61-x"
2026-09-17 11:22:15,980{GMT}	INFO	[jepsen worker 2] jepsen.print: 2	:invoke	:write	"vs742834458-66-x"
2026-09-17 11:22:16,008{GMT}	INFO	[jepsen worker 2] jepsen.print: 2	:ok	:write	"vs742834458-66-x"
2026-09-17 11:22:16,180{GMT}	INFO	[jepsen worker 2] jepsen.print: 2	:invoke	:watch-session	{:key "/jepsen/watch/s742834458", :start-revision 0, :prev-kv? false, :window-ms 2000, :max-events 10000, :resumes 2}
2026-09-17 11:22:16,379{GMT}	INFO	[jepsen worker 3] jepsen.print: 3	:ok	:watch-session	{:key "/jepsen/watch/s742834458", :start-revision 0, :prev-kv? true, :window-ms 2000, :max-events 10000, :resumes 2}
2026-09-17 11:22:16,380{GMT}	INFO	[jepsen worker 3] jepsen.print: 3	:invoke	:watch-session	{:key "/jepsen/watch/s742834458", :start-revision 0, :prev-kv? false, :window-ms 2000, :max-events 10000, :resumes 2}
2026-09-17 11:22:16,580{GMT}	INFO	[jepsen worker 4] jepsen.print: 4	:invoke	:watch-session	{:key "/jepsen/watch/s742834458", :start-revision 0, :prev-kv? true, :window-ms 2000, :max-events 10000, :resumes 2}
2026-09-17 11:22:16,980{GMT}	INFO	[jepsen worker 0] jepsen.print: 0	:ok	:watch-session	{:key "/jepsen/watch/s742834458", :start-revision 0, :prev-kv? true, :window-ms 2000, :max-events 10000, :resumes 2}
2026-09-17 11:22:16,981{GMT}	INFO	[jepsen worker 0] jepsen.print: 0	:invoke	:watch-session	{:key "/jepsen/watch/s742834458", :start-revision 0, :prev-kv? true, :window-ms 2000, :max-events 10000, :resumes 2}
2026-09-17 11:22:17,581{GMT}	INFO	[jepsen worker 1] jepsen.print: 1	:ok	:watch-session	{:key "/jepsen/watch/s742834458", :start-revision 0, :prev-kv? false, :window-ms 2000, :max-events 10000, :resumes 2}
2026-09-17 11:22:17,581{GMT}	INFO	[jepsen worker 1] jepsen.print: 1	:invoke	:watch-session	{:key "/jepsen/watch/s742834458", :start-revision 0, :prev-kv? false, :window-ms 2000, :max-events 10000, :resumes 2}
2026-09-17 11:22:18,056{GMT}	INFO	[jepsen worker nemesis] jepsen.print: :nemesis	:info	:stop	nil
2026-09-17 11:22:18,087{GMT}	INFO	[jepsen node n2] jepsen.coord.db: Restarting coord on n2
2026-09-17 11:22:18,088{GMT}	INFO	[jepsen node n2] jepsen.control.util: Starting coord
2026-09-17 11:22:18,181{GMT}	INFO	[jepsen worker 2] jepsen.print: 2	:ok	:watch-session	{:key "/jepsen/watch/s742834458", :start-revision 0, :prev-kv? false, :window-ms 2000, :max-events 10000, :resumes 2}
2026-09-17 11:22:18,181{GMT}	INFO	[jepsen worker 2] jepsen.print: 2	:invoke	:watch-session	{:key "/jepsen/watch/s742834458", :start-revision 0, :prev-kv? true, :window-ms 2000, :max-events 10000, :resumes 2}
2026-09-17 11:22:18,188{GMT}	INFO	[jepsen node n2] jepsen.coord.db: Waiting for coord on n2 to be ready
2026-09-17 11:22:18,381{GMT}	INFO	[jepsen worker 3] jepsen.print: 3	:ok	:watch-session	{:key "/jepsen/watch/s742834458", :start-revision 0, :prev-kv? false, :window-ms 2000, :max-events 10000, :resumes 2}
2026-09-17 11:22:18,381{GMT}	INFO	[jepsen worker 3] jepsen.print: 3	:invoke	:write	"vs742834458-63-x"
2026-09-17 11:22:18,406{GMT}	INFO	[jepsen worker 3] jepsen.print: 3	:ok	:write	"vs742834458-63-x"
2026-09-17 11:22:18,581{GMT}	INFO	[jepsen worker 4] jepsen.print: 4	:ok	:watch-session	{:key "/jepsen/watch/s742834458", :start-revision 0, :prev-kv? true, :window-ms 2000, :max-events 10000, :resumes 2}
2026-09-17 11:22:18,581{GMT}	INFO	[jepsen worker 3] jepsen.print: 3	:invoke	:write	"vs742834458-68-x"
2026-09-17 11:22:18,610{GMT}	INFO	[jepsen worker 3] jepsen.print: 3	:ok	:write	"vs742834458-68-x"
2026-09-17 11:22:18,782{GMT}	INFO	[jepsen worker 3] jepsen.print: 3	:invoke	:write	"vs742834458-71-x"
2026-09-17 11:22:18,811{GMT}	INFO	[jepsen worker 3] jepsen.print: 3	:ok	:write	"vs742834458-71-x"
2026-09-17 11:22:18,981{GMT}	INFO	[jepsen worker 0] jepsen.print: 0	:ok	:watch-session	{:key "/jepsen/watch/s742834458", :start-revision 0, :prev-kv? true, :window-ms 2000, :max-events 10000, :resumes 2}
2026-09-17 11:22:18,982{GMT}	INFO	[jepsen worker 4] jepsen.print: 4	:invoke	:write	"vs742834458-75-x"
2026-09-17 11:22:19,012{GMT}	INFO	[jepsen worker 4] jepsen.print: 4	:ok	:write	"vs742834458-75-x"
2026-09-17 11:22:19,182{GMT}	INFO	[jepsen worker 0] jepsen.print: 0	:invoke	:write	"vs742834458-78-x"
2026-09-17 11:22:19,213{GMT}	INFO	[jepsen worker 0] jepsen.print: 0	:ok	:write	"vs742834458-78-x"
2026-09-17 11:22:19,225{GMT}	INFO	[jepsen node n2] jepsen.coord.db: coord n2 is ready
2026-09-17 11:22:19,225{GMT}	INFO	[jepsen worker nemesis] jepsen.print: :nemesis	:info	:stop	{"n2" [:restarted "n2"]}
2026-09-17 11:22:19,383{GMT}	INFO	[jepsen worker 3] jepsen.print: 3	:invoke	:watch-session	{:key "/jepsen/watch/s742834458", :start-revision :last, :prev-kv? false, :window-ms 2000, :max-events 10000, :resumes 2}
2026-09-17 11:22:19,582{GMT}	INFO	[jepsen worker 1] jepsen.print: 1	:ok	:watch-session	{:key "/jepsen/watch/s742834458", :start-revision 0, :prev-kv? false, :window-ms 2000, :max-events 10000, :resumes 2}
2026-09-17 11:22:19,583{GMT}	INFO	[jepsen worker 4] jepsen.print: 4	:invoke	:watch-session	{:key "/jepsen/watch/s742834458", :start-revision 0, :prev-kv? false, :window-ms 2000, :max-events 10000, :resumes 2}
2026-09-17 11:22:19,783{GMT}	INFO	[jepsen worker 0] jepsen.print: 0	:invoke	:watch-session	{:key "/jepsen/watch/s742834458", :start-revision 0, :prev-kv? true, :window-ms 2000, :max-events 10000, :resumes 2}
2026-09-17 11:22:19,983{GMT}	INFO	[jepsen worker 1] jepsen.print: 1	:invoke	:write	"vs742834458-80-x"
2026-09-17 11:22:20,014{GMT}	INFO	[jepsen worker 1] jepsen.print: 1	:ok	:write	"vs742834458-80-x"
2026-09-17 11:22:20,182{GMT}	INFO	[jepsen worker 2] jepsen.print: 2	:ok	:watch-session	{:key "/jepsen/watch/s742834458", :start-revision 0, :prev-kv? true, :window-ms 2000, :max-events 10000, :resumes 2}
2026-09-17 11:22:20,183{GMT}	INFO	[jepsen worker 1] jepsen.print: 1	:invoke	:write	"vs742834458-81-x"
2026-09-17 11:22:20,209{GMT}	INFO	[jepsen worker 1] jepsen.print: 1	:ok	:write	"vs742834458-81-x"
2026-09-17 11:22:20,383{GMT}	INFO	[jepsen worker 1] jepsen.print: 1	:invoke	:watch-session	{:key "/jepsen/watch/s742834458", :start-revision :last, :prev-kv? true, :window-ms 2000, :max-events 10000, :resumes 2}
2026-09-17 11:22:20,584{GMT}	INFO	[jepsen worker 2] jepsen.print: 2	:invoke	:write	"vs742834458-83-x"
2026-09-17 11:22:20,618{GMT}	INFO	[jepsen worker 2] jepsen.print: 2	:ok	:write	"vs742834458-83-x"
2026-09-17 11:22:20,784{GMT}	INFO	[jepsen worker 2] jepsen.print: 2	:invoke	:write	"vs742834458-67-x"
2026-09-17 11:22:20,813{GMT}	INFO	[jepsen worker 2] jepsen.print: 2	:ok	:write	"vs742834458-67-x"
2026-09-17 11:22:20,984{GMT}	INFO	[jepsen worker 2] jepsen.print: 2	:invoke	:watch-session	{:key "/jepsen/watch/s742834458", :start-revision :last, :prev-kv? false, :window-ms 2000, :max-events 10000, :resumes 2}
2026-09-17 11:22:21,383{GMT}	INFO	[jepsen worker 3] jepsen.print: 3	:ok	:watch-session	{:key "/jepsen/watch/s742834458", :start-revision :last, :prev-kv? false, :window-ms 2000, :max-events 10000, :resumes 2}
2026-09-17 11:22:21,383{GMT}	INFO	[jepsen worker 3] jepsen.print: 3	:invoke	:write	"vs742834458-85-x"
2026-09-17 11:22:21,412{GMT}	INFO	[jepsen worker 3] jepsen.print: 3	:ok	:write	"vs742834458-85-x"
2026-09-17 11:22:21,583{GMT}	INFO	[jepsen worker 4] jepsen.print: 4	:ok	:watch-session	{:key "/jepsen/watch/s742834458", :start-revision 0, :prev-kv? false, :window-ms 2000, :max-events 10000, :resumes 2}
2026-09-17 11:22:21,584{GMT}	INFO	[jepsen worker 3] jepsen.print: 3	:invoke	:write	"vs742834458-84-x"
2026-09-17 11:22:21,615{GMT}	INFO	[jepsen worker 3] jepsen.print: 3	:ok	:write	"vs742834458-84-x"
2026-09-17 11:22:21,784{GMT}	INFO	[jepsen worker 3] jepsen.print: 3	:invoke	:watch-session	{:key "/jepsen/watch/s742834458", :start-revision 0, :prev-kv? true, :window-ms 2000, :max-events 10000, :resumes 2}
2026-09-17 11:22:21,784{GMT}	INFO	[jepsen worker 0] jepsen.print: 0	:ok	:watch-session	{:key "/jepsen/watch/s742834458", :start-revision 0, :prev-kv? true, :window-ms 2000, :max-events 10000, :resumes 2}
2026-09-17 11:22:21,984{GMT}	INFO	[jepsen worker 4] jepsen.print: 4	:invoke	:watch-session	{:key "/jepsen/watch/s742834458", :start-revision :last, :prev-kv? false, :window-ms 2000, :max-events 10000, :resumes 2}
2026-09-17 11:22:22,184{GMT}	INFO	[jepsen worker 0] jepsen.print: 0	:invoke	:write	"vs742834458-86-x"
2026-09-17 11:22:22,212{GMT}	INFO	[jepsen worker 0] jepsen.print: 0	:ok	:write	"vs742834458-86-x"
2026-09-17 11:22:22,384{GMT}	INFO	[jepsen worker 0] jepsen.print: 0	:invoke	:write	"vs742834458-88-x"
2026-09-17 11:22:22,385{GMT}	INFO	[jepsen worker 1] jepsen.print: 1	:ok	:watch-session	{:key "/jepsen/watch/s742834458", :start-revision :last, :prev-kv? true, :window-ms 2000, :max-events 10000, :resumes 2}
2026-09-17 11:22:22,412{GMT}	INFO	[jepsen worker 0] jepsen.print: 0	:ok	:write	"vs742834458-88-x"
2026-09-17 11:22:22,585{GMT}	INFO	[jepsen worker 0] jepsen.print: 0	:invoke	:write	"vs742834458-87-x"
2026-09-17 11:22:22,617{GMT}	INFO	[jepsen worker 0] jepsen.print: 0	:ok	:write	"vs742834458-87-x"
2026-09-17 11:22:22,785{GMT}	INFO	[jepsen worker 0] jepsen.print: 0	:invoke	:watch-session	{:key "/jepsen/watch/s742834458", :start-revision 0, :prev-kv? false, :window-ms 2000, :max-events 10000, :resumes 2}
2026-09-17 11:22:22,985{GMT}	INFO	[jepsen worker 1] jepsen.print: 1	:invoke	:write	"vs742834458-90-x"
2026-09-17 11:22:22,985{GMT}	INFO	[jepsen worker 2] jepsen.print: 2	:ok	:watch-session	{:key "/jepsen/watch/s742834458", :start-revision :last, :prev-kv? false, :window-ms 2000, :max-events 10000, :resumes 2}
2026-09-17 11:22:23,012{GMT}	INFO	[jepsen worker 1] jepsen.print: 1	:ok	:write	"vs742834458-90-x"
2026-09-17 11:22:23,185{GMT}	INFO	[jepsen worker 1] jepsen.print: 1	:invoke	:write	"vs742834458-93-x"
2026-09-17 11:22:23,214{GMT}	INFO	[jepsen worker 1] jepsen.print: 1	:ok	:write	"vs742834458-93-x"
2026-09-17 11:22:23,385{GMT}	INFO	[jepsen worker 2] jepsen.print: 2	:invoke	:watch-session	{:key "/jepsen/watch/s742834458", :start-revision 0, :prev-kv? true, :window-ms 2000, :max-events 10000, :resumes 2}
2026-09-17 11:22:23,586{GMT}	INFO	[jepsen worker 1] jepsen.print: 1	:invoke	:watch-session	{:key "/jepsen/watch/s742834458", :start-revision :last, :prev-kv? true, :window-ms 2000, :max-events 10000, :resumes 2}
2026-09-17 11:22:23,785{GMT}	INFO	[jepsen worker 3] jepsen.print: 3	:ok	:watch-session	{:key "/jepsen/watch/s742834458", :start-revision 0, :prev-kv? true, :window-ms 2000, :max-events 10000, :resumes 2}
2026-09-17 11:22:23,786{GMT}	INFO	[jepsen worker 3] jepsen.print: 3	:invoke	:watch-session	{:key "/jepsen/watch/s742834458", :start-revision 0, :prev-kv? true, :window-ms 2000, :max-events 10000, :resumes 2}
2026-09-17 11:22:23,986{GMT}	INFO	[jepsen worker 4] jepsen.print: 4	:ok	:watch-session	{:key "/jepsen/watch/s742834458", :start-revision :last, :prev-kv? false, :window-ms 2000, :max-events 10000, :resumes 2}
2026-09-17 11:22:23,986{GMT}	INFO	[jepsen worker 4] jepsen.print: 4	:invoke	:write	"vs742834458-95-x"
2026-09-17 11:22:24,019{GMT}	INFO	[jepsen worker 4] jepsen.print: 4	:ok	:write	"vs742834458-95-x"
2026-09-17 11:22:24,186{GMT}	INFO	[jepsen worker 4] jepsen.print: 4	:invoke	:watch-session	{:key "/jepsen/watch/s742834458", :start-revision 0, :prev-kv? true, :window-ms 2000, :max-events 10000, :resumes 2}
2026-09-17 11:22:24,600{GMT}	INFO	[jepsen worker nemesis] jepsen.print: :nemesis	:info	:start	nil
2026-09-17 11:22:24,624{GMT}	INFO	[jepsen worker nemesis] jepsen.print: :nemesis	:info	:start	{"n2" [:killed "n2"]}
2026-09-17 11:22:24,786{GMT}	INFO	[jepsen worker 0] jepsen.print: 0	:ok	:watch-session	{:key "/jepsen/watch/s742834458", :start-revision 0, :prev-kv? false, :window-ms 2000, :max-events 10000, :resumes 2}
2026-09-17 11:22:24,786{GMT}	INFO	[jepsen worker 0] jepsen.print: 0	:invoke	:write	"vs742834458-96-x"
2026-09-17 11:22:24,811{GMT}	INFO	[jepsen worker 0] jepsen.print: 0	:ok	:write	"vs742834458-96-x"
2026-09-17 11:22:24,986{GMT}	INFO	[jepsen worker 0] jepsen.print: 0	:invoke	:watch-session	{:key "/jepsen/watch/s742834458", :start-revision :last, :prev-kv? false, :window-ms 2000, :max-events 10000, :resumes 2}
2026-09-17 11:22:25,386{GMT}	INFO	[jepsen worker 2] jepsen.print: 2	:ok	:watch-session	{:key "/jepsen/watch/s742834458", :start-revision 0, :prev-kv? true, :window-ms 2000, :max-events 10000, :resumes 2}
2026-09-17 11:22:25,387{GMT}	INFO	[jepsen worker 2] jepsen.print: 2	:invoke	:watch-session	{:key "/jepsen/watch/s742834458", :start-revision 0, :prev-kv? true, :window-ms 2000, :max-events 10000, :resumes 2}
2026-09-17 11:22:25,587{GMT}	INFO	[jepsen worker 1] jepsen.print: 1	:ok	:watch-session	{:key "/jepsen/watch/s742834458", :start-revision :last, :prev-kv? true, :window-ms 2000, :max-events 10000, :resumes 2}
2026-09-17 11:22:25,587{GMT}	INFO	[jepsen worker 1] jepsen.print: 1	:invoke	:write	"vs742834458-94-x"
2026-09-17 11:22:25,612{GMT}	INFO	[jepsen worker 1] jepsen.print: 1	:ok	:write	"vs742834458-94-x"
2026-09-17 11:22:25,787{GMT}	INFO	[jepsen worker 3] jepsen.print: 3	:ok	:watch-session	{:key "/jepsen/watch/s742834458", :start-revision 0, :prev-kv? true, :window-ms 2000, :max-events 10000, :resumes 2}
2026-09-17 11:22:25,787{GMT}	INFO	[jepsen worker 1] jepsen.print: 1	:invoke	:watch-session	{:key "/jepsen/watch/s742834458", :start-revision 0, :prev-kv? false, :window-ms 2000, :max-events 10000, :resumes 2}
2026-09-17 11:22:25,987{GMT}	INFO	[jepsen worker 3] jepsen.print: 3	:invoke	:write	"vs742834458-98-x"
2026-09-17 11:22:26,009{GMT}	INFO	[jepsen worker 3] jepsen.print: 3	:ok	:write	"vs742834458-98-x"
2026-09-17 11:22:26,187{GMT}	INFO	[jepsen worker 3] jepsen.print: 3	:invoke	:write	"vs742834458-97-x"
2026-09-17 11:22:26,187{GMT}	INFO	[jepsen worker 4] jepsen.print: 4	:ok	:watch-session	{:key "/jepsen/watch/s742834458", :start-revision 0, :prev-kv? true, :window-ms 2000, :max-events 10000, :resumes 2}
2026-09-17 11:22:26,215{GMT}	INFO	[jepsen worker 3] jepsen.print: 3	:ok	:write	"vs742834458-97-x"
2026-09-17 11:22:26,388{GMT}	INFO	[jepsen worker 4] jepsen.print: 4	:invoke	:watch-session	{:key "/jepsen/watch/s742834458", :start-revision 0, :prev-kv? true, :window-ms 2000, :max-events 10000, :resumes 2}
2026-09-17 11:22:26,588{GMT}	INFO	[jepsen worker 3] jepsen.print: 3	:invoke	:watch-session	{:key "/jepsen/watch/s742834458", :start-revision :last, :prev-kv? false, :window-ms 2000, :max-events 10000, :resumes 2}
2026-09-17 11:22:26,987{GMT}	INFO	[jepsen worker 0] jepsen.print: 0	:ok	:watch-session	{:key "/jepsen/watch/s742834458", :start-revision :last, :prev-kv? false, :window-ms 2000, :max-events 10000, :resumes 2}
2026-09-17 11:22:26,987{GMT}	INFO	[jepsen worker 0] jepsen.print: 0	:invoke	:watch-session	{:key "/jepsen/watch/s742834458", :start-revision :last, :prev-kv? true, :window-ms 2000, :max-events 10000, :resumes 2}
2026-09-17 11:22:27,387{GMT}	INFO	[jepsen worker 2] jepsen.print: 2	:ok	:watch-session	{:key "/jepsen/watch/s742834458", :start-revision 0, :prev-kv? true, :window-ms 2000, :max-events 10000, :resumes 2}
2026-09-17 11:22:27,387{GMT}	INFO	[jepsen worker 2] jepsen.print: 2	:invoke	:write	"vs742834458-99-x"
2026-09-17 11:22:27,411{GMT}	INFO	[jepsen worker 2] jepsen.print: 2	:ok	:write	"vs742834458-99-x"
2026-09-17 11:22:27,587{GMT}	INFO	[jepsen worker 2] jepsen.print: 2	:invoke	:write	"vs742834458-100-"
2026-09-17 11:22:27,609{GMT}	INFO	[jepsen worker 2] jepsen.print: 2	:ok	:write	"vs742834458-100-"
2026-09-17 11:22:27,788{GMT}	INFO	[jepsen worker 2] jepsen.print: 2	:invoke	:watch-session	{:key "/jepsen/watch/s742834458", :start-revision 0, :prev-kv? false, :window-ms 2000, :max-events 10000, :resumes 2}
2026-09-17 11:22:27,789{GMT}	INFO	[jepsen worker 1] jepsen.print: 1	:ok	:watch-session	{:key "/jepsen/watch/s742834458", :start-revision 0, :prev-kv? false, :window-ms 2000, :max-events 10000, :resumes 2}
2026-09-17 11:22:27,988{GMT}	INFO	[jepsen worker 1] jepsen.print: 1	:invoke	:watch-session	{:key "/jepsen/watch/s742834458", :start-revision :last, :prev-kv? true, :window-ms 2000, :max-events 10000, :resumes 2}
2026-09-17 11:22:28,300{GMT}	INFO	[jepsen worker nemesis] jepsen.print: :nemesis	:info	:stop	nil
2026-09-17 11:22:28,348{GMT}	INFO	[jepsen node n2] jepsen.coord.db: Restarting coord on n2
2026-09-17 11:22:28,348{GMT}	INFO	[jepsen node n2] jepsen.control.util: Starting coord
2026-09-17 11:22:28,389{GMT}	INFO	[jepsen worker 4] jepsen.print: 4	:ok	:watch-session	{:key "/jepsen/watch/s742834458", :start-revision 0, :prev-kv? true, :window-ms 2000, :max-events 10000, :resumes 2}
2026-09-17 11:22:28,389{GMT}	INFO	[jepsen worker 4] jepsen.print: 4	:invoke	:write	"vs742834458-101-"
2026-09-17 11:22:28,415{GMT}	INFO	[jepsen worker 4] jepsen.print: 4	:ok	:write	"vs742834458-101-"
2026-09-17 11:22:28,461{GMT}	INFO	[jepsen node n2] jepsen.coord.db: Waiting for coord on n2 to be ready
2026-09-17 11:22:28,560{GMT}	INFO	[jepsen node n2] jepsen.coord.db: coord n2 is ready
2026-09-17 11:22:28,560{GMT}	INFO	[jepsen worker nemesis] jepsen.print: :nemesis	:info	:stop	{"n2" [:restarted "n2"]}
2026-09-17 11:22:28,589{GMT}	INFO	[jepsen worker 4] jepsen.print: 4	:invoke	:watch-session	{:key "/jepsen/watch/s742834458", :start-revision 0, :prev-kv? false, :window-ms 2000, :max-events 10000, :resumes 2}
2026-09-17 11:22:28,589{GMT}	INFO	[jepsen worker 3] jepsen.print: 3	:ok	:watch-session	{:key "/jepsen/watch/s742834458", :start-revision :last, :prev-kv? false, :window-ms 2000, :max-events 10000, :resumes 2}
2026-09-17 11:22:28,789{GMT}	INFO	[jepsen worker 3] jepsen.print: 3	:invoke	:write	"vs742834458-103-"
2026-09-17 11:22:28,812{GMT}	INFO	[jepsen worker 3] jepsen.print: 3	:ok	:write	"vs742834458-103-"
2026-09-17 11:22:28,989{GMT}	INFO	[jepsen worker 0] jepsen.print: 0	:ok	:watch-session	{:key "/jepsen/watch/s742834458", :start-revision :last, :prev-kv? true, :window-ms 2000, :max-events 10000, :resumes 2}
2026-09-17 11:22:28,990{GMT}	INFO	[jepsen worker 0] jepsen.print: 0	:invoke	:watch-session	{:key "/jepsen/watch/s742834458", :start-revision 0, :prev-kv? true, :window-ms 2000, :max-events 10000, :resumes 2}
2026-09-17 11:22:29,190{GMT}	INFO	[jepsen worker 3] jepsen.print: 3	:invoke	:watch-session	{:key "/jepsen/watch/s742834458", :start-revision 0, :prev-kv? false, :window-ms 2000, :max-events 10000, :resumes 2}
2026-09-17 11:22:29,789{GMT}	INFO	[jepsen worker 2] jepsen.print: 2	:ok	:watch-session	{:key "/jepsen/watch/s742834458", :start-revision 0, :prev-kv? false, :window-ms 2000, :max-events 10000, :resumes 2}
2026-09-17 11:22:29,789{GMT}	INFO	[jepsen worker 2] jepsen.print: 2	:invoke	:write	"vs742834458-102-"
2026-09-17 11:22:29,821{GMT}	INFO	[jepsen worker 2] jepsen.print: 2	:ok	:write	"vs742834458-102-"
2026-09-17 11:22:29,989{GMT}	INFO	[jepsen worker 1] jepsen.print: 1	:ok	:watch-session	{:key "/jepsen/watch/s742834458", :start-revision :last, :prev-kv? true, :window-ms 2000, :max-events 10000, :resumes 2}
2026-09-17 11:22:29,990{GMT}	INFO	[jepsen worker 1] jepsen.print: 1	:invoke	:watch-session	{:key "/jepsen/watch/s742834458", :start-revision 0, :prev-kv? false, :window-ms 2000, :max-events 10000, :resumes 2}
2026-09-17 11:22:30,190{GMT}	INFO	[jepsen worker 2] jepsen.print: 2	:invoke	:write	"vs742834458-104-"
2026-09-17 11:22:30,222{GMT}	INFO	[jepsen worker 2] jepsen.print: 2	:ok	:write	"vs742834458-104-"
2026-09-17 11:22:30,390{GMT}	INFO	[jepsen worker 2] jepsen.print: 2	:invoke	:watch-session	{:key "/jepsen/watch/s742834458", :start-revision :last, :prev-kv? true, :window-ms 2000, :max-events 10000, :resumes 2}
2026-09-17 11:22:30,590{GMT}	INFO	[jepsen worker 4] jepsen.print: 4	:ok	:watch-session	{:key "/jepsen/watch/s742834458", :start-revision 0, :prev-kv? false, :window-ms 2000, :max-events 10000, :resumes 2}
2026-09-17 11:22:30,591{GMT}	INFO	[jepsen worker 4] jepsen.print: 4	:invoke	:write	"vs742834458-106-"
2026-09-17 11:22:30,618{GMT}	INFO	[jepsen worker 4] jepsen.print: 4	:ok	:write	"vs742834458-106-"
2026-09-17 11:22:30,791{GMT}	INFO	[jepsen worker 4] jepsen.print: 4	:invoke	:write	"vs742834458-107-"
2026-09-17 11:22:30,820{GMT}	INFO	[jepsen worker 4] jepsen.print: 4	:ok	:write	"vs742834458-107-"
2026-09-17 11:22:30,991{GMT}	INFO	[jepsen worker 0] jepsen.print: 0	:ok	:watch-session	{:key "/jepsen/watch/s742834458", :start-revision 0, :prev-kv? true, :window-ms 2000, :max-events 10000, :resumes 2}
2026-09-17 11:22:30,991{GMT}	INFO	[jepsen worker 4] jepsen.print: 4	:invoke	:watch-session	{:key "/jepsen/watch/s742834458", :start-revision 0, :prev-kv? true, :window-ms 2000, :max-events 10000, :resumes 2}
2026-09-17 11:22:31,191{GMT}	INFO	[jepsen worker 3] jepsen.print: 3	:ok	:watch-session	{:key "/jepsen/watch/s742834458", :start-revision 0, :prev-kv? false, :window-ms 2000, :max-events 10000, :resumes 2}
2026-09-17 11:22:31,191{GMT}	INFO	[jepsen worker 0] jepsen.print: 0	:invoke	:watch-session	{:key "/jepsen/watch/s742834458", :start-revision :last, :prev-kv? true, :window-ms 2000, :max-events 10000, :resumes 2}
2026-09-17 11:22:31,391{GMT}	INFO	[jepsen worker 3] jepsen.print: 3	:invoke	:write	"vs742834458-108-"
2026-09-17 11:22:31,419{GMT}	INFO	[jepsen worker 3] jepsen.print: 3	:ok	:write	"vs742834458-108-"
2026-09-17 11:22:31,592{GMT}	INFO	[jepsen worker 3] jepsen.print: 3	:invoke	:write	"vs742834458-109-"
2026-09-17 11:22:31,626{GMT}	INFO	[jepsen worker 3] jepsen.print: 3	:ok	:write	"vs742834458-109-"
2026-09-17 11:22:31,792{GMT}	INFO	[jepsen worker 3] jepsen.print: 3	:invoke	:watch-session	{:key "/jepsen/watch/s742834458", :start-revision :last, :prev-kv? true, :window-ms 2000, :max-events 10000, :resumes 2}
2026-09-17 11:22:31,991{GMT}	INFO	[jepsen worker 1] jepsen.print: 1	:ok	:watch-session	{:key "/jepsen/watch/s742834458", :start-revision 0, :prev-kv? false, :window-ms 2000, :max-events 10000, :resumes 2}
2026-09-17 11:22:31,992{GMT}	INFO	[jepsen worker 1] jepsen.print: 1	:invoke	:watch-session	{:key "/jepsen/watch/s742834458", :start-revision 0, :prev-kv? true, :window-ms 2000, :max-events 10000, :resumes 2}
2026-09-17 11:22:32,391{GMT}	INFO	[jepsen worker 2] jepsen.print: 2	:ok	:watch-session	{:key "/jepsen/watch/s742834458", :start-revision :last, :prev-kv? true, :window-ms 2000, :max-events 10000, :resumes 2}
2026-09-17 11:22:32,392{GMT}	INFO	[jepsen worker 2] jepsen.print: 2	:invoke	:write	"vs742834458-105-"
2026-09-17 11:22:32,424{GMT}	INFO	[jepsen worker 2] jepsen.print: 2	:ok	:write	"vs742834458-105-"
2026-09-17 11:22:32,592{GMT}	INFO	[jepsen worker 2] jepsen.print: 2	:invoke	:write	"vs742834458-110-"
2026-09-17 11:22:32,624{GMT}	INFO	[jepsen worker 2] jepsen.print: 2	:ok	:write	"vs742834458-110-"
2026-09-17 11:22:32,792{GMT}	INFO	[jepsen worker 2] jepsen.print: 2	:invoke	:write	"vs742834458-111-"
2026-09-17 11:22:32,817{GMT}	INFO	[jepsen worker 2] jepsen.print: 2	:ok	:write	"vs742834458-111-"
2026-09-17 11:22:32,992{GMT}	INFO	[jepsen worker 2] jepsen.print: 2	:invoke	:write	"vs742834458-112-"
2026-09-17 11:22:32,992{GMT}	INFO	[jepsen worker 4] jepsen.print: 4	:ok	:watch-session	{:key "/jepsen/watch/s742834458", :start-revision 0, :prev-kv? true, :window-ms 2000, :max-events 10000, :resumes 2}
2026-09-17 11:22:33,019{GMT}	INFO	[jepsen worker 2] jepsen.print: 2	:ok	:write	"vs742834458-112-"
2026-09-17 11:22:33,192{GMT}	INFO	[jepsen worker 4] jepsen.print: 4	:invoke	:watch-session	{:key "/jepsen/watch/s742834458", :start-revision 0, :prev-kv? true, :window-ms 2000, :max-events 10000, :resumes 2}
2026-09-17 11:22:33,192{GMT}	INFO	[jepsen worker 0] jepsen.print: 0	:ok	:watch-session	{:key "/jepsen/watch/s742834458", :start-revision :last, :prev-kv? true, :window-ms 2000, :max-events 10000, :resumes 2}
2026-09-17 11:22:33,393{GMT}	INFO	[jepsen worker 0] jepsen.print: 0	:invoke	:watch-session	{:key "/jepsen/watch/s742834458", :start-revision :last, :prev-kv? false, :window-ms 2000, :max-events 10000, :resumes 2}
2026-09-17 11:22:33,592{GMT}	INFO	[jepsen worker 2] jepsen.print: 2	:invoke	:watch-session	{:key "/jepsen/watch/s742834458", :start-revision :last, :prev-kv? true, :window-ms 2000, :max-events 10000, :resumes 2}
2026-09-17 11:22:33,793{GMT}	INFO	[jepsen worker 3] jepsen.print: 3	:ok	:watch-session	{:key "/jepsen/watch/s742834458", :start-revision :last, :prev-kv? true, :window-ms 2000, :max-events 10000, :resumes 2}
2026-09-17 11:22:33,793{GMT}	INFO	[jepsen worker 3] jepsen.print: 3	:invoke	:watch-session	{:key "/jepsen/watch/s742834458", :start-revision 0, :prev-kv? true, :window-ms 2000, :max-events 10000, :resumes 2}
2026-09-17 11:22:33,993{GMT}	INFO	[jepsen worker 1] jepsen.print: 1	:ok	:watch-session	{:key "/jepsen/watch/s742834458", :start-revision 0, :prev-kv? true, :window-ms 2000, :max-events 10000, :resumes 2}
2026-09-17 11:22:33,993{GMT}	INFO	[jepsen worker 1] jepsen.print: 1	:invoke	:watch-session	{:key "/jepsen/watch/s742834458", :start-revision :last, :prev-kv? true, :window-ms 2000, :max-events 10000, :resumes 2}
2026-09-17 11:22:35,193{GMT}	INFO	[jepsen worker 4] jepsen.print: 4	:ok	:watch-session	{:key "/jepsen/watch/s742834458", :start-revision 0, :prev-kv? true, :window-ms 2000, :max-events 10000, :resumes 2}
2026-09-17 11:22:35,193{GMT}	INFO	[jepsen worker 4] jepsen.print: 4	:invoke	:write	"vs742834458-114-"
2026-09-17 11:22:35,221{GMT}	INFO	[jepsen worker 4] jepsen.print: 4	:ok	:write	"vs742834458-114-"
2026-09-17 11:22:35,278{GMT}	INFO	[jepsen worker nemesis] jepsen.print: :nemesis	:info	:start	nil
2026-09-17 11:22:35,301{GMT}	INFO	[jepsen worker nemesis] jepsen.print: :nemesis	:info	:start	{"n1" [:killed "n1"]}
2026-09-17 11:22:35,309{GMT}	INFO	[jepsen worker 1] jepsen.print: 1	:ok	:watch-session	{:key "/jepsen/watch/s742834458", :start-revision :last, :prev-kv? true, :window-ms 2000, :max-events 10000, :resumes 2}
2026-09-17 11:22:35,309{GMT}	INFO	[jepsen worker 0] jepsen.print: 0	:ok	:watch-session	{:key "/jepsen/watch/s742834458", :start-revision :last, :prev-kv? false, :window-ms 2000, :max-events 10000, :resumes 2}
2026-09-17 11:22:35,309{GMT}	INFO	[jepsen worker 3] jepsen.print: 3	:ok	:watch-session	{:key "/jepsen/watch/s742834458", :start-revision 0, :prev-kv? true, :window-ms 2000, :max-events 10000, :resumes 2}
2026-09-17 11:22:35,309{GMT}	INFO	[jepsen worker 2] jepsen.print: 2	:ok	:watch-session	{:key "/jepsen/watch/s742834458", :start-revision :last, :prev-kv? true, :window-ms 2000, :max-events 10000, :resumes 2}
2026-09-17 11:22:35,394{GMT}	INFO	[jepsen worker 0] jepsen.print: 0	:invoke	:watch-session	{:key "/jepsen/watch/s742834458", :start-revision 0, :prev-kv? true, :window-ms 2000, :max-events 10000, :resumes 2}
2026-09-17 11:22:35,395{GMT}	INFO	[jepsen worker 0] jepsen.print: 0	:ok	:watch-session	{:key "/jepsen/watch/s742834458", :start-revision 0, :prev-kv? true, :window-ms 2000, :max-events 10000, :resumes 2}
2026-09-17 11:22:35,594{GMT}	INFO	[jepsen worker 1] jepsen.print: 1	:invoke	:write	"vs742834458-113-"
2026-09-17 11:22:35,600{GMT}	INFO	[jepsen worker 1] jepsen.print: 1	:info	:write	"vs742834458-113-"	:unavailable-maybe-applied
2026-09-17 11:22:35,794{GMT}	INFO	[jepsen worker 2] jepsen.print: 2	:invoke	:watch-session	{:key "/jepsen/watch/s742834458", :start-revision 0, :prev-kv? false, :window-ms 2000, :max-events 10000, :resumes 2}
2026-09-17 11:22:35,795{GMT}	INFO	[jepsen worker 2] jepsen.print: 2	:ok	:watch-session	{:key "/jepsen/watch/s742834458", :start-revision 0, :prev-kv? false, :window-ms 2000, :max-events 10000, :resumes 2}
2026-09-17 11:22:35,994{GMT}	INFO	[jepsen worker 3] jepsen.print: 3	:invoke	:watch-session	{:key "/jepsen/watch/s742834458", :start-revision :last, :prev-kv? false, :window-ms 2000, :max-events 10000, :resumes 2}
2026-09-17 11:22:35,996{GMT}	INFO	[jepsen worker 3] jepsen.print: 3	:ok	:watch-session	{:key "/jepsen/watch/s742834458", :start-revision :last, :prev-kv? false, :window-ms 2000, :max-events 10000, :resumes 2}
2026-09-17 11:22:36,195{GMT}	INFO	[jepsen worker 4] jepsen.print: 4	:invoke	:watch-session	{:key "/jepsen/watch/s742834458", :start-revision :last, :prev-kv? true, :window-ms 2000, :max-events 10000, :resumes 2}
2026-09-17 11:22:36,199{GMT}	INFO	[jepsen worker 4] jepsen.print: 4	:ok	:watch-session	{:key "/jepsen/watch/s742834458", :start-revision :last, :prev-kv? true, :window-ms 2000, :max-events 10000, :resumes 2}
2026-09-17 11:22:36,395{GMT}	INFO	[jepsen worker 0] jepsen.print: 0	:invoke	:watch-session	{:key "/jepsen/watch/s742834458", :start-revision :last, :prev-kv? false, :window-ms 2000, :max-events 10000, :resumes 2}
2026-09-17 11:22:36,396{GMT}	INFO	[jepsen worker 0] jepsen.print: 0	:ok	:watch-session	{:key "/jepsen/watch/s742834458", :start-revision :last, :prev-kv? false, :window-ms 2000, :max-events 10000, :resumes 2}
2026-09-17 11:22:36,595{GMT}	INFO	[jepsen worker 0] jepsen.print: 0	:invoke	:write	"vs742834458-118-"
2026-09-17 11:22:36,623{GMT}	INFO	[jepsen worker 0] jepsen.print: 0	:ok	:write	"vs742834458-118-"
2026-09-17 11:22:36,795{GMT}	INFO	[jepsen worker 1] jepsen.print: 6	:invoke	:write	"vs742834458-115-"
2026-09-17 11:22:36,796{GMT}	INFO	[jepsen worker 1] jepsen.coord.client: Opening coord client on n2
2026-09-17 11:22:36,922{GMT}	INFO	[jepsen worker 1] jepsen.print: 6	:ok	:write	"vs742834458-115-"
2026-09-17 11:22:36,995{GMT}	INFO	[jepsen worker 2] jepsen.print: 2	:invoke	:watch-session	{:key "/jepsen/watch/s742834458", :start-revision :last, :prev-kv? false, :window-ms 2000, :max-events 10000, :resumes 2}
2026-09-17 11:22:36,997{GMT}	INFO	[jepsen worker 2] jepsen.print: 2	:ok	:watch-session	{:key "/jepsen/watch/s742834458", :start-revision :last, :prev-kv? false, :window-ms 2000, :max-events 10000, :resumes 2}
2026-09-17 11:22:37,196{GMT}	INFO	[jepsen worker 3] jepsen.print: 3	:invoke	:write	"vs742834458-121-"
2026-09-17 11:22:37,227{GMT}	INFO	[jepsen worker 3] jepsen.print: 3	:ok	:write	"vs742834458-121-"
2026-09-17 11:22:37,396{GMT}	INFO	[jepsen worker 4] jepsen.print: 4	:invoke	:watch-session	{:key "/jepsen/watch/s742834458", :start-revision 0, :prev-kv? true, :window-ms 2000, :max-events 10000, :resumes 2}
2026-09-17 11:22:37,398{GMT}	INFO	[jepsen worker 4] jepsen.print: 4	:ok	:watch-session	{:key "/jepsen/watch/s742834458", :start-revision 0, :prev-kv? true, :window-ms 2000, :max-events 10000, :resumes 2}
2026-09-17 11:22:37,596{GMT}	INFO	[jepsen worker 0] jepsen.print: 0	:invoke	:watch-session	{:key "/jepsen/watch/s742834458", :start-revision 0, :prev-kv? false, :window-ms 2000, :max-events 10000, :resumes 2}
2026-09-17 11:22:37,796{GMT}	INFO	[jepsen worker 1] jepsen.print: 6	:invoke	:write	"vs742834458-123-"
2026-09-17 11:22:37,820{GMT}	INFO	[jepsen worker 1] jepsen.print: 6	:ok	:write	"vs742834458-123-"
2026-09-17 11:22:37,997{GMT}	INFO	[jepsen worker 1] jepsen.print: 6	:invoke	:watch-session	{:key "/jepsen/watch/s742834458", :start-revision 0, :prev-kv? true, :window-ms 2000, :max-events 10000, :resumes 2}
2026-09-17 11:22:38,197{GMT}	INFO	[jepsen worker 2] jepsen.print: 2	:invoke	:write	"vs742834458-125-"
2026-09-17 11:22:38,226{GMT}	INFO	[jepsen worker 2] jepsen.print: 2	:ok	:write	"vs742834458-125-"
2026-09-17 11:22:38,397{GMT}	INFO	[jepsen worker 3] jepsen.print: 3	:invoke	:watch-session	{:key "/jepsen/watch/s742834458", :start-revision :last, :prev-kv? true, :window-ms 2000, :max-events 10000, :resumes 2}
2026-09-17 11:22:38,597{GMT}	INFO	[jepsen worker 4] jepsen.print: 4	:invoke	:watch-session	{:key "/jepsen/watch/s742834458", :start-revision 0, :prev-kv? true, :window-ms 2000, :max-events 10000, :resumes 2}
2026-09-17 11:22:38,599{GMT}	INFO	[jepsen worker 4] jepsen.print: 4	:ok	:watch-session	{:key "/jepsen/watch/s742834458", :start-revision 0, :prev-kv? true, :window-ms 2000, :max-events 10000, :resumes 2}
2026-09-17 11:22:38,797{GMT}	INFO	[jepsen worker 2] jepsen.print: 2	:invoke	:watch-session	{:key "/jepsen/watch/s742834458", :start-revision :last, :prev-kv? false, :window-ms 2000, :max-events 10000, :resumes 2}
2026-09-17 11:22:38,998{GMT}	INFO	[jepsen worker 4] jepsen.print: 4	:invoke	:watch-session	{:key "/jepsen/watch/s742834458", :start-revision :last, :prev-kv? false, :window-ms 2000, :max-events 10000, :resumes 2}
2026-09-17 11:22:38,999{GMT}	INFO	[jepsen worker 4] jepsen.print: 4	:ok	:watch-session	{:key "/jepsen/watch/s742834458", :start-revision :last, :prev-kv? false, :window-ms 2000, :max-events 10000, :resumes 2}
2026-09-17 11:22:39,198{GMT}	INFO	[jepsen worker 4] jepsen.print: 4	:invoke	:watch-session	{:key "/jepsen/watch/s742834458", :start-revision :last, :prev-kv? true, :window-ms 2000, :max-events 10000, :resumes 2}
2026-09-17 11:22:39,200{GMT}	INFO	[jepsen worker 4] jepsen.print: 4	:ok	:watch-session	{:key "/jepsen/watch/s742834458", :start-revision :last, :prev-kv? true, :window-ms 2000, :max-events 10000, :resumes 2}
2026-09-17 11:22:39,398{GMT}	INFO	[jepsen worker 4] jepsen.print: 4	:invoke	:watch-session	{:key "/jepsen/watch/s742834458", :start-revision 0, :prev-kv? true, :window-ms 2000, :max-events 10000, :resumes 2}
2026-09-17 11:22:39,399{GMT}	INFO	[jepsen worker 4] jepsen.print: 4	:ok	:watch-session	{:key "/jepsen/watch/s742834458", :start-revision 0, :prev-kv? true, :window-ms 2000, :max-events 10000, :resumes 2}
2026-09-17 11:22:39,597{GMT}	INFO	[jepsen worker 0] jepsen.print: 0	:ok	:watch-session	{:key "/jepsen/watch/s742834458", :start-revision 0, :prev-kv? false, :window-ms 2000, :max-events 10000, :resumes 2}
2026-09-17 11:22:39,598{GMT}	INFO	[jepsen worker 4] jepsen.print: 4	:invoke	:watch-session	{:key "/jepsen/watch/s742834458", :start-revision :last, :prev-kv? false, :window-ms 2000, :max-events 10000, :resumes 2}
2026-09-17 11:22:39,600{GMT}	INFO	[jepsen worker 4] jepsen.print: 4	:ok	:watch-session	{:key "/jepsen/watch/s742834458", :start-revision :last, :prev-kv? false, :window-ms 2000, :max-events 10000, :resumes 2}
2026-09-17 11:22:39,798{GMT}	INFO	[jepsen worker 4] jepsen.print: 4	:invoke	:write	"vs742834458-129-"
2026-09-17 11:22:39,827{GMT}	INFO	[jepsen worker 4] jepsen.print: 4	:ok	:write	"vs742834458-129-"
2026-09-17 11:22:39,998{GMT}	INFO	[jepsen worker 1] jepsen.print: 6	:ok	:watch-session	{:key "/jepsen/watch/s742834458", :start-revision 0, :prev-kv? true, :window-ms 2000, :max-events 10000, :resumes 2}
2026-09-17 11:22:39,999{GMT}	INFO	[jepsen worker 0] jepsen.print: 0	:invoke	:watch-session	{:key "/jepsen/watch/s742834458", :start-revision 0, :prev-kv? false, :window-ms 2000, :max-events 10000, :resumes 2}
2026-09-17 11:22:40,199{GMT}	INFO	[jepsen worker 1] jepsen.print: 6	:invoke	:write	"vs742834458-126-"
2026-09-17 11:22:40,224{GMT}	INFO	[jepsen worker 1] jepsen.print: 6	:ok	:write	"vs742834458-126-"
2026-09-17 11:22:40,399{GMT}	INFO	[jepsen worker 3] jepsen.print: 3	:ok	:watch-session	{:key "/jepsen/watch/s742834458", :start-revision :last, :prev-kv? true, :window-ms 2000, :max-events 10000, :resumes 2}
2026-09-17 11:22:40,399{GMT}	INFO	[jepsen worker 1] jepsen.print: 6	:invoke	:watch-session	{:key "/jepsen/watch/s742834458", :start-revision 0, :prev-kv? false, :window-ms 2000, :max-events 10000, :resumes 2}
2026-09-17 11:22:40,599{GMT}	INFO	[jepsen worker 3] jepsen.print: 3	:invoke	:watch-session	{:key "/jepsen/watch/s742834458", :start-revision :last, :prev-kv? false, :window-ms 2000, :max-events 10000, :resumes 2}
2026-09-17 11:22:40,798{GMT}	INFO	[jepsen worker 2] jepsen.print: 2	:ok	:watch-session	{:key "/jepsen/watch/s742834458", :start-revision :last, :prev-kv? false, :window-ms 2000, :max-events 10000, :resumes 2}
2026-09-17 11:22:40,799{GMT}	INFO	[jepsen worker 4] jepsen.print: 4	:invoke	:write	"vs742834458-132-"
2026-09-17 11:22:40,826{GMT}	INFO	[jepsen worker 4] jepsen.print: 4	:ok	:write	"vs742834458-132-"
2026-09-17 11:22:40,999{GMT}	INFO	[jepsen worker 4] jepsen.print: 4	:invoke	:write	"vs742834458-135-"
2026-09-17 11:22:41,027{GMT}	INFO	[jepsen worker 4] jepsen.print: 4	:ok	:write	"vs742834458-135-"
2026-09-17 11:22:41,200{GMT}	INFO	[jepsen worker 2] jepsen.print: 2	:invoke	:write	"vs742834458-138-"
2026-09-17 11:22:41,223{GMT}	INFO	[jepsen worker 2] jepsen.print: 2	:ok	:write	"vs742834458-138-"
2026-09-17 11:22:41,400{GMT}	INFO	[jepsen worker 2] jepsen.print: 2	:invoke	:watch-session	{:key "/jepsen/watch/s742834458", :start-revision 0, :prev-kv? true, :window-ms 2000, :max-events 10000, :resumes 2}
2026-09-17 11:22:41,600{GMT}	INFO	[jepsen worker 4] jepsen.print: 4	:invoke	:write	"vs742834458-140-"
2026-09-17 11:22:41,627{GMT}	INFO	[jepsen worker 4] jepsen.print: 4	:ok	:write	"vs742834458-140-"
2026-09-17 11:22:41,800{GMT}	INFO	[jepsen worker 4] jepsen.print: 4	:invoke	:watch-session	{:key "/jepsen/watch/s742834458", :start-revision :last, :prev-kv? false, :window-ms 2000, :max-events 10000, :resumes 2}
2026-09-17 11:22:41,999{GMT}	INFO	[jepsen worker 0] jepsen.print: 0	:ok	:watch-session	{:key "/jepsen/watch/s742834458", :start-revision 0, :prev-kv? false, :window-ms 2000, :max-events 10000, :resumes 2}
2026-09-17 11:22:42,000{GMT}	INFO	[jepsen worker 0] jepsen.print: 0	:invoke	:watch-session	{:key "/jepsen/watch/s742834458", :start-revision :last, :prev-kv? false, :window-ms 2000, :max-events 10000, :resumes 2}
2026-09-17 11:22:42,400{GMT}	INFO	[jepsen worker 1] jepsen.print: 6	:ok	:watch-session	{:key "/jepsen/watch/s742834458", :start-revision 0, :prev-kv? false, :window-ms 2000, :max-events 10000, :resumes 2}
2026-09-17 11:22:42,400{GMT}	INFO	[jepsen worker 1] jepsen.print: 6	:invoke	:watch-session	{:key "/jepsen/watch/s742834458", :start-revision 0, :prev-kv? false, :window-ms 2000, :max-events 10000, :resumes 2}
2026-09-17 11:22:42,600{GMT}	INFO	[jepsen worker 3] jepsen.print: 3	:ok	:watch-session	{:key "/jepsen/watch/s742834458", :start-revision :last, :prev-kv? false, :window-ms 2000, :max-events 10000, :resumes 2}
2026-09-17 11:22:42,600{GMT}	INFO	[jepsen worker 3] jepsen.print: 3	:invoke	:write	"vs742834458-141-"
2026-09-17 11:22:42,623{GMT}	INFO	[jepsen worker 3] jepsen.print: 3	:ok	:write	"vs742834458-141-"
2026-09-17 11:22:42,800{GMT}	INFO	[jepsen worker 3] jepsen.print: 3	:invoke	:write	"vs742834458-143-"
2026-09-17 11:22:42,824{GMT}	INFO	[jepsen worker 3] jepsen.print: 3	:ok	:write	"vs742834458-143-"
2026-09-17 11:22:43,000{GMT}	INFO	[jepsen worker 3] jepsen.print: 3	:invoke	:watch-session	{:key "/jepsen/watch/s742834458", :start-revision :last, :prev-kv? true, :window-ms 2000, :max-events 10000, :resumes 2}
2026-09-17 11:22:43,096{GMT}	INFO	[jepsen worker nemesis] jepsen.print: :nemesis	:info	:stop	nil
2026-09-17 11:22:43,142{GMT}	INFO	[jepsen node n1] jepsen.coord.db: Restarting coord on n1
2026-09-17 11:22:43,143{GMT}	INFO	[jepsen node n1] jepsen.control.util: Starting coord
2026-09-17 11:22:43,258{GMT}	INFO	[jepsen node n1] jepsen.coord.db: Waiting for coord on n1 to be ready
2026-09-17 11:22:43,401{GMT}	INFO	[jepsen worker 2] jepsen.print: 2	:ok	:watch-session	{:key "/jepsen/watch/s742834458", :start-revision 0, :prev-kv? true, :window-ms 2000, :max-events 10000, :resumes 2}
2026-09-17 11:22:43,401{GMT}	INFO	[jepsen worker 2] jepsen.print: 2	:invoke	:write	"vs742834458-144-"
2026-09-17 11:22:43,479{GMT}	INFO	[jepsen worker 2] jepsen.print: 2	:ok	:write	"vs742834458-144-"
2026-09-17 11:22:43,602{GMT}	INFO	[jepsen worker 2] jepsen.print: 2	:invoke	:watch-session	{:key "/jepsen/watch/s742834458", :start-revision 0, :prev-kv? true, :window-ms 2000, :max-events 10000, :resumes 2}
2026-09-17 11:22:43,801{GMT}	INFO	[jepsen worker 4] jepsen.print: 4	:ok	:watch-session	{:key "/jepsen/watch/s742834458", :start-revision :last, :prev-kv? false, :window-ms 2000, :max-events 10000, :resumes 2}
2026-09-17 11:22:43,801{GMT}	INFO	[jepsen worker 4] jepsen.print: 4	:invoke	:watch-session	{:key "/jepsen/watch/s742834458", :start-revision :last, :prev-kv? false, :window-ms 2000, :max-events 10000, :resumes 2}
2026-09-17 11:22:44,001{GMT}	INFO	[jepsen worker 0] jepsen.print: 0	:ok	:watch-session	{:key "/jepsen/watch/s742834458", :start-revision :last, :prev-kv? false, :window-ms 2000, :max-events 10000, :resumes 2}
2026-09-17 11:22:44,001{GMT}	INFO	[jepsen worker 0] jepsen.print: 0	:invoke	:watch-session	{:key "/jepsen/watch/s742834458", :start-revision 0, :prev-kv? true, :window-ms 2000, :max-events 10000, :resumes 2}
2026-09-17 11:22:44,280{GMT}	INFO	[jepsen node n1] jepsen.coord.db: coord n1 is ready
2026-09-17 11:22:44,281{GMT}	INFO	[jepsen worker nemesis] jepsen.print: :nemesis	:info	:stop	{"n1" [:restarted "n1"]}
2026-09-17 11:22:44,401{GMT}	INFO	[jepsen worker 1] jepsen.print: 6	:ok	:watch-session	{:key "/jepsen/watch/s742834458", :start-revision 0, :prev-kv? false, :window-ms 2000, :max-events 10000, :resumes 2}
2026-09-17 11:22:44,401{GMT}	INFO	[jepsen worker 1] jepsen.print: 6	:invoke	:watch-session	{:key "/jepsen/watch/s742834458", :start-revision 0, :prev-kv? false, :window-ms 2000, :max-events 10000, :resumes 2}
2026-09-17 11:22:45,002{GMT}	INFO	[jepsen worker 3] jepsen.print: 3	:ok	:watch-session	{:key "/jepsen/watch/s742834458", :start-revision :last, :prev-kv? true, :window-ms 2000, :max-events 10000, :resumes 2}
2026-09-17 11:22:45,002{GMT}	INFO	[jepsen worker 3] jepsen.print: 3	:invoke	:write	"vs742834458-145-"
2026-09-17 11:22:45,031{GMT}	INFO	[jepsen worker 3] jepsen.print: 3	:ok	:write	"vs742834458-145-"
2026-09-17 11:22:45,202{GMT}	INFO	[jepsen worker 3] jepsen.print: 3	:invoke	:write	"vs742834458-146-"
2026-09-17 11:22:45,237{GMT}	INFO	[jepsen worker 3] jepsen.print: 3	:ok	:write	"vs742834458-146-"
2026-09-17 11:22:45,402{GMT}	INFO	[jepsen worker 3] jepsen.print: 3	:invoke	:watch-session	{:key "/jepsen/watch/s742834458", :start-revision 0, :prev-kv? true, :window-ms 2000, :max-events 10000, :resumes 2}
2026-09-17 11:22:45,602{GMT}	INFO	[jepsen worker 2] jepsen.print: 2	:ok	:watch-session	{:key "/jepsen/watch/s742834458", :start-revision 0, :prev-kv? true, :window-ms 2000, :max-events 10000, :resumes 2}
2026-09-17 11:22:45,602{GMT}	INFO	[jepsen worker 2] jepsen.print: 2	:invoke	:watch-session	{:key "/jepsen/watch/s742834458", :start-revision :last, :prev-kv? false, :window-ms 2000, :max-events 10000, :resumes 2}
2026-09-17 11:22:45,802{GMT}	INFO	[jepsen worker 4] jepsen.print: 4	:ok	:watch-session	{:key "/jepsen/watch/s742834458", :start-revision :last, :prev-kv? false, :window-ms 2000, :max-events 10000, :resumes 2}
2026-09-17 11:22:45,802{GMT}	INFO	[jepsen worker 4] jepsen.print: 4	:invoke	:watch-session	{:key "/jepsen/watch/s742834458", :start-revision 0, :prev-kv? false, :window-ms 2000, :max-events 10000, :resumes 2}
2026-09-17 11:22:46,002{GMT}	INFO	[jepsen worker 0] jepsen.print: 0	:ok	:watch-session	{:key "/jepsen/watch/s742834458", :start-revision 0, :prev-kv? true, :window-ms 2000, :max-events 10000, :resumes 2}
2026-09-17 11:22:46,002{GMT}	INFO	[jepsen worker 0] jepsen.print: 0	:invoke	:watch-session	{:key "/jepsen/watch/s742834458", :start-revision :last, :prev-kv? false, :window-ms 2000, :max-events 10000, :resumes 2}
2026-09-17 11:22:46,403{GMT}	INFO	[jepsen worker 1] jepsen.print: 6	:ok	:watch-session	{:key "/jepsen/watch/s742834458", :start-revision 0, :prev-kv? false, :window-ms 2000, :max-events 10000, :resumes 2}
2026-09-17 11:22:46,403{GMT}	INFO	[jepsen worker 1] jepsen.print: 6	:invoke	:watch-session	{:key "/jepsen/watch/s742834458", :start-revision :last, :prev-kv? false, :window-ms 2000, :max-events 10000, :resumes 2}
2026-09-17 11:22:47,403{GMT}	INFO	[jepsen worker 3] jepsen.print: 3	:ok	:watch-session	{:key "/jepsen/watch/s742834458", :start-revision 0, :prev-kv? true, :window-ms 2000, :max-events 10000, :resumes 2}
2026-09-17 11:22:47,403{GMT}	INFO	[jepsen worker 3] jepsen.print: 3	:invoke	:watch-session	{:key "/jepsen/watch/s742834458", :start-revision :last, :prev-kv? false, :window-ms 2000, :max-events 10000, :resumes 2}
2026-09-17 11:22:47,603{GMT}	INFO	[jepsen worker 2] jepsen.print: 2	:ok	:watch-session	{:key "/jepsen/watch/s742834458", :start-revision :last, :prev-kv? false, :window-ms 2000, :max-events 10000, :resumes 2}
2026-09-17 11:22:47,604{GMT}	INFO	[jepsen worker 2] jepsen.print: 2	:invoke	:write	"vs742834458-147-"
2026-09-17 11:22:47,634{GMT}	INFO	[jepsen worker 2] jepsen.print: 2	:ok	:write	"vs742834458-147-"
2026-09-17 11:22:47,803{GMT}	INFO	[jepsen worker 4] jepsen.print: 4	:ok	:watch-session	{:key "/jepsen/watch/s742834458", :start-revision 0, :prev-kv? false, :window-ms 2000, :max-events 10000, :resumes 2}
2026-09-17 11:22:47,804{GMT}	INFO	[jepsen worker 2] jepsen.print: 2	:invoke	:write	"vs742834458-148-"
2026-09-17 11:22:47,833{GMT}	INFO	[jepsen worker 2] jepsen.print: 2	:ok	:write	"vs742834458-148-"
2026-09-17 11:22:48,004{GMT}	INFO	[jepsen worker 0] jepsen.print: 0	:ok	:watch-session	{:key "/jepsen/watch/s742834458", :start-revision :last, :prev-kv? false, :window-ms 2000, :max-events 10000, :resumes 2}
2026-09-17 11:22:48,006{GMT}	INFO	[jepsen worker 2] jepsen.print: 2	:invoke	:watch-session	{:key "/jepsen/watch/s742834458", :start-revision 0, :prev-kv? true, :window-ms 2000, :max-events 10000, :resumes 2}
2026-09-17 11:22:48,205{GMT}	INFO	[jepsen worker 4] jepsen.print: 4	:invoke	:write	"vs742834458-142-"
2026-09-17 11:22:48,240{GMT}	INFO	[jepsen worker 4] jepsen.print: 4	:ok	:write	"vs742834458-142-"
2026-09-17 11:22:48,404{GMT}	INFO	[jepsen worker 1] jepsen.print: 6	:ok	:watch-session	{:key "/jepsen/watch/s742834458", :start-revision :last, :prev-kv? false, :window-ms 2000, :max-events 10000, :resumes 2}
2026-09-17 11:22:48,405{GMT}	INFO	[jepsen worker 4] jepsen.print: 4	:invoke	:write	"vs742834458-152-"
2026-09-17 11:22:48,437{GMT}	INFO	[jepsen worker 4] jepsen.print: 4	:ok	:write	"vs742834458-152-"
2026-09-17 11:22:48,605{GMT}	INFO	[jepsen worker 4] jepsen.print: 4	:invoke	:write	"vs742834458-155-"
2026-09-17 11:22:48,640{GMT}	INFO	[jepsen worker 4] jepsen.print: 4	:ok	:write	"vs742834458-155-"
2026-09-17 11:22:48,703{GMT}	INFO	[jepsen worker nemesis] jepsen.print: :nemesis	:info	:start	nil
2026-09-17 11:22:48,727{GMT}	INFO	[jepsen worker nemesis] jepsen.print: :nemesis	:info	:start	{"n2" [:killed "n2"]}
2026-09-17 11:22:48,732{GMT}	INFO	[jepsen worker 2] jepsen.print: 2	:ok	:watch-session	{:key "/jepsen/watch/s742834458", :start-revision 0, :prev-kv? true, :window-ms 2000, :max-events 10000, :resumes 2}
2026-09-17 11:22:48,733{GMT}	INFO	[jepsen worker 3] jepsen.print: 3	:ok	:watch-session	{:key "/jepsen/watch/s742834458", :start-revision :last, :prev-kv? false, :window-ms 2000, :max-events 10000, :resumes 2}
2026-09-17 11:22:48,806{GMT}	INFO	[jepsen worker 1] jepsen.print: 6	:invoke	:watch-session	{:key "/jepsen/watch/s742834458", :start-revision 0, :prev-kv? false, :window-ms 2000, :max-events 10000, :resumes 2}
2026-09-17 11:22:48,809{GMT}	INFO	[jepsen worker 1] jepsen.print: 6	:ok	:watch-session	{:key "/jepsen/watch/s742834458", :start-revision 0, :prev-kv? false, :window-ms 2000, :max-events 10000, :resumes 2}
2026-09-17 11:22:49,006{GMT}	INFO	[jepsen worker 2] jepsen.print: 2	:invoke	:write	"vs742834458-158-"
2026-09-17 11:22:49,014{GMT}	INFO	[jepsen worker 2] jepsen.print: 2	:info	:write	"vs742834458-158-"	:unavailable-maybe-applied
2026-09-17 11:22:49,206{GMT}	INFO	[jepsen worker 3] jepsen.print: 3	:invoke	:write	"vs742834458-161-"
2026-09-17 11:22:49,238{GMT}	INFO	[jepsen worker 3] jepsen.print: 3	:ok	:write	"vs742834458-161-"
2026-09-17 11:22:49,406{GMT}	INFO	[jepsen worker 4] jepsen.print: 4	:invoke	:write	"vs742834458-164-"
2026-09-17 11:22:49,440{GMT}	INFO	[jepsen worker 4] jepsen.print: 4	:ok	:write	"vs742834458-164-"
2026-09-17 11:22:49,606{GMT}	INFO	[jepsen worker 0] jepsen.print: 0	:invoke	:watch-session	{:key "/jepsen/watch/s742834458", :start-revision 0, :prev-kv? false, :window-ms 2000, :max-events 10000, :resumes 2}
2026-09-17 11:22:49,610{GMT}	INFO	[jepsen worker 0] jepsen.print: 0	:ok	:watch-session	{:key "/jepsen/watch/s742834458", :start-revision 0, :prev-kv? false, :window-ms 2000, :max-events 10000, :resumes 2}
2026-09-17 11:22:49,806{GMT}	INFO	[jepsen worker 0] jepsen.print: 0	:invoke	:write	"vs742834458-167-"
2026-09-17 11:22:49,837{GMT}	INFO	[jepsen worker 0] jepsen.print: 0	:ok	:write	"vs742834458-167-"
2026-09-17 11:22:50,007{GMT}	INFO	[jepsen worker 1] jepsen.print: 6	:invoke	:write	"vs742834458-170-"
2026-09-17 11:22:50,037{GMT}	INFO	[jepsen worker 1] jepsen.print: 6	:ok	:write	"vs742834458-170-"
2026-09-17 11:22:50,207{GMT}	INFO	[jepsen worker 2] jepsen.print: 7	:invoke	:watch-session	{:key "/jepsen/watch/s742834458", :start-revision 0, :prev-kv? true, :window-ms 2000, :max-events 10000, :resumes 2}
2026-09-17 11:22:50,208{GMT}	INFO	[jepsen worker 2] jepsen.coord.client: Opening coord client on n3
2026-09-17 11:22:50,407{GMT}	INFO	[jepsen worker 3] jepsen.print: 3	:invoke	:write	"vs742834458-172-"
2026-09-17 11:22:50,438{GMT}	INFO	[jepsen worker 3] jepsen.print: 3	:ok	:write	"vs742834458-172-"
2026-09-17 11:22:50,607{GMT}	INFO	[jepsen worker 4] jepsen.print: 4	:invoke	:write	"vs742834458-175-"
2026-09-17 11:22:50,634{GMT}	INFO	[jepsen worker 4] jepsen.print: 4	:ok	:write	"vs742834458-175-"
2026-09-17 11:22:50,808{GMT}	INFO	[jepsen worker 0] jepsen.print: 0	:invoke	:watch-session	{:key "/jepsen/watch/s742834458", :start-revision 0, :prev-kv? false, :window-ms 2000, :max-events 10000, :resumes 2}
2026-09-17 11:22:51,008{GMT}	INFO	[jepsen worker 1] jepsen.print: 6	:invoke	:watch-session	{:key "/jepsen/watch/s742834458", :start-revision :last, :prev-kv? true, :window-ms 2000, :max-events 10000, :resumes 2}
2026-09-17 11:22:51,208{GMT}	INFO	[jepsen worker 3] jepsen.print: 3	:invoke	:write	"vs742834458-177-"
2026-09-17 11:22:51,232{GMT}	INFO	[jepsen worker 3] jepsen.print: 3	:ok	:write	"vs742834458-177-"
2026-09-17 11:22:51,408{GMT}	INFO	[jepsen worker 3] jepsen.print: 3	:invoke	:watch-session	{:key "/jepsen/watch/s742834458", :start-revision 0, :prev-kv? false, :window-ms 2000, :max-events 10000, :resumes 2}
2026-09-17 11:22:51,608{GMT}	INFO	[jepsen worker 4] jepsen.print: 4	:invoke	:watch-session	{:key "/jepsen/watch/s742834458", :start-revision 0, :prev-kv? false, :window-ms 2000, :max-events 10000, :resumes 2}
2026-09-17 11:22:52,312{GMT}	INFO	[jepsen worker 2] jepsen.print: 7	:ok	:watch-session	{:key "/jepsen/watch/s742834458", :start-revision 0, :prev-kv? true, :window-ms 2000, :max-events 10000, :resumes 2}
2026-09-17 11:22:52,312{GMT}	INFO	[jepsen worker 2] jepsen.print: 7	:invoke	:watch-session	{:key "/jepsen/watch/s742834458", :start-revision :last, :prev-kv? true, :window-ms 2000, :max-events 10000, :resumes 2}
2026-09-17 11:22:52,809{GMT}	INFO	[jepsen worker 0] jepsen.print: 0	:ok	:watch-session	{:key "/jepsen/watch/s742834458", :start-revision 0, :prev-kv? false, :window-ms 2000, :max-events 10000, :resumes 2}
2026-09-17 11:22:52,809{GMT}	INFO	[jepsen worker 0] jepsen.print: 0	:invoke	:watch-session	{:key "/jepsen/watch/s742834458", :start-revision 0, :prev-kv? false, :window-ms 2000, :max-events 10000, :resumes 2}
2026-09-17 11:22:53,009{GMT}	INFO	[jepsen worker 1] jepsen.print: 6	:ok	:watch-session	{:key "/jepsen/watch/s742834458", :start-revision :last, :prev-kv? true, :window-ms 2000, :max-events 10000, :resumes 2}
2026-09-17 11:22:53,009{GMT}	INFO	[jepsen worker 1] jepsen.print: 6	:invoke	:write	"vs742834458-179-"
2026-09-17 11:22:53,033{GMT}	INFO	[jepsen worker 1] jepsen.print: 6	:ok	:write	"vs742834458-179-"
2026-09-17 11:22:53,187{GMT}	INFO	[jepsen worker nemesis] jepsen.print: :nemesis	:info	:stop	nil
2026-09-17 11:22:53,209{GMT}	INFO	[jepsen worker 1] jepsen.print: 6	:invoke	:write	"vs742834458-180-"
2026-09-17 11:22:53,224{GMT}	INFO	[jepsen node n2] jepsen.coord.db: Restarting coord on n2
2026-09-17 11:22:53,224{GMT}	INFO	[jepsen node n2] jepsen.control.util: Starting coord
2026-09-17 11:22:53,235{GMT}	INFO	[jepsen worker 1] jepsen.print: 6	:ok	:write	"vs742834458-180-"
2026-09-17 11:22:53,341{GMT}	INFO	[jepsen node n2] jepsen.coord.db: Waiting for coord on n2 to be ready
2026-09-17 11:22:53,409{GMT}	INFO	[jepsen worker 3] jepsen.print: 3	:ok	:watch-session	{:key "/jepsen/watch/s742834458", :start-revision 0, :prev-kv? false, :window-ms 2000, :max-events 10000, :resumes 2}
2026-09-17 11:22:53,409{GMT}	INFO	[jepsen worker 1] jepsen.print: 6	:invoke	:watch-session	{:key "/jepsen/watch/s742834458", :start-revision :last, :prev-kv? true, :window-ms 2000, :max-events 10000, :resumes 2}
2026-09-17 11:22:53,439{GMT}	INFO	[jepsen node n2] jepsen.coord.db: coord n2 is ready
2026-09-17 11:22:53,439{GMT}	INFO	[jepsen worker nemesis] jepsen.print: :nemesis	:info	:stop	{"n2" [:restarted "n2"]}
2026-09-17 11:22:53,610{GMT}	INFO	[jepsen worker 4] jepsen.print: 4	:ok	:watch-session	{:key "/jepsen/watch/s742834458", :start-revision 0, :prev-kv? false, :window-ms 2000, :max-events 10000, :resumes 2}
2026-09-17 11:22:53,610{GMT}	INFO	[jepsen worker 3] jepsen.print: 3	:invoke	:watch-session	{:key "/jepsen/watch/s742834458", :start-revision :last, :prev-kv? false, :window-ms 2000, :max-events 10000, :resumes 2}
2026-09-17 11:22:53,810{GMT}	INFO	[jepsen worker 4] jepsen.print: 4	:invoke	:write	"vs742834458-181-"
2026-09-17 11:22:53,840{GMT}	INFO	[jepsen worker 4] jepsen.print: 4	:ok	:write	"vs742834458-181-"
2026-09-17 11:22:54,010{GMT}	INFO	[jepsen worker 4] jepsen.print: 4	:invoke	:watch-session	{:key "/jepsen/watch/s742834458", :start-revision 0, :prev-kv? true, :window-ms 2000, :max-events 10000, :resumes 2}
2026-09-17 11:22:54,313{GMT}	INFO	[jepsen worker 2] jepsen.print: 7	:ok	:watch-session	{:key "/jepsen/watch/s742834458", :start-revision :last, :prev-kv? true, :window-ms 2000, :max-events 10000, :resumes 2}
2026-09-17 11:22:54,313{GMT}	INFO	[jepsen worker 2] jepsen.print: 7	:invoke	:write	"vs742834458-182-"
2026-09-17 11:22:54,348{GMT}	INFO	[jepsen worker 2] jepsen.print: 7	:ok	:write	"vs742834458-182-"
2026-09-17 11:22:54,513{GMT}	INFO	[jepsen worker 2] jepsen.print: 7	:invoke	:write	"vs742834458-178-"
2026-09-17 11:22:54,543{GMT}	INFO	[jepsen worker 2] jepsen.print: 7	:ok	:write	"vs742834458-178-"
2026-09-17 11:22:54,714{GMT}	INFO	[jepsen worker 2] jepsen.print: 7	:invoke	:watch-session	{:key "/jepsen/watch/s742834458", :start-revision 0, :prev-kv? true, :window-ms 2000, :max-events 10000, :resumes 2}
2026-09-17 11:22:54,810{GMT}	INFO	[jepsen worker 0] jepsen.print: 0	:ok	:watch-session	{:key "/jepsen/watch/s742834458", :start-revision 0, :prev-kv? false, :window-ms 2000, :max-events 10000, :resumes 2}
2026-09-17 11:22:54,914{GMT}	INFO	[jepsen worker 0] jepsen.print: 0	:invoke	:watch-session	{:key "/jepsen/watch/s742834458", :start-revision :last, :prev-kv? true, :window-ms 2000, :max-events 10000, :resumes 2}
2026-09-17 11:22:55,410{GMT}	INFO	[jepsen worker 1] jepsen.print: 6	:ok	:watch-session	{:key "/jepsen/watch/s742834458", :start-revision :last, :prev-kv? true, :window-ms 2000, :max-events 10000, :resumes 2}
2026-09-17 11:22:55,411{GMT}	INFO	[jepsen worker 1] jepsen.print: 6	:invoke	:watch-session	{:key "/jepsen/watch/s742834458", :start-revision :last, :prev-kv? true, :window-ms 2000, :max-events 10000, :resumes 2}
2026-09-17 11:22:55,610{GMT}	INFO	[jepsen worker 3] jepsen.print: 3	:ok	:watch-session	{:key "/jepsen/watch/s742834458", :start-revision :last, :prev-kv? false, :window-ms 2000, :max-events 10000, :resumes 2}
2026-09-17 11:22:55,611{GMT}	INFO	[jepsen worker 3] jepsen.print: 3	:invoke	:write	"vs742834458-183-"
2026-09-17 11:22:55,639{GMT}	INFO	[jepsen worker 3] jepsen.print: 3	:ok	:write	"vs742834458-183-"
2026-09-17 11:22:55,811{GMT}	INFO	[jepsen worker 3] jepsen.print: 3	:invoke	:write	"vs742834458-184-"
2026-09-17 11:22:55,844{GMT}	INFO	[jepsen worker 3] jepsen.print: 3	:ok	:write	"vs742834458-184-"
2026-09-17 11:22:56,011{GMT}	INFO	[jepsen worker 4] jepsen.print: 4	:ok	:watch-session	{:key "/jepsen/watch/s742834458", :start-revision 0, :prev-kv? true, :window-ms 2000, :max-events 10000, :resumes 2}
2026-09-17 11:22:56,011{GMT}	INFO	[jepsen worker 3] jepsen.print: 3	:invoke	:write	"vs742834458-185-"
2026-09-17 11:22:56,044{GMT}	INFO	[jepsen worker 3] jepsen.print: 3	:ok	:write	"vs742834458-185-"
2026-09-17 11:22:56,212{GMT}	INFO	[jepsen worker 4] jepsen.print: 4	:invoke	:watch-session	{:key "/jepsen/watch/s742834458", :start-revision :last, :prev-kv? false, :window-ms 2000, :max-events 10000, :resumes 2}
2026-09-17 11:22:56,412{GMT}	INFO	[jepsen worker 3] jepsen.print: 3	:invoke	:write	"vs742834458-188-"
2026-09-17 11:22:56,442{GMT}	INFO	[jepsen worker 3] jepsen.print: 3	:ok	:write	"vs742834458-188-"
2026-09-17 11:22:56,612{GMT}	INFO	[jepsen worker 3] jepsen.print: 3	:invoke	:write	"vs742834458-186-"
2026-09-17 11:22:56,644{GMT}	INFO	[jepsen worker 3] jepsen.print: 3	:ok	:write	"vs742834458-186-"
2026-09-17 11:22:56,714{GMT}	INFO	[jepsen worker 2] jepsen.print: 7	:ok	:watch-session	{:key "/jepsen/watch/s742834458", :start-revision 0, :prev-kv? true, :window-ms 2000, :max-events 10000, :resumes 2}
2026-09-17 11:22:56,812{GMT}	INFO	[jepsen worker 2] jepsen.print: 7	:invoke	:watch-session	{:key "/jepsen/watch/s742834458", :start-revision 0, :prev-kv? false, :window-ms 2000, :max-events 10000, :resumes 2}
2026-09-17 11:22:56,915{GMT}	INFO	[jepsen worker 0] jepsen.print: 0	:ok	:watch-session	{:key "/jepsen/watch/s742834458", :start-revision :last, :prev-kv? true, :window-ms 2000, :max-events 10000, :resumes 2}
2026-09-17 11:22:57,012{GMT}	INFO	[jepsen worker 3] jepsen.print: 3	:invoke	:write	"vs742834458-190-"
2026-09-17 11:22:57,042{GMT}	INFO	[jepsen worker 3] jepsen.print: 3	:ok	:write	"vs742834458-190-"
2026-09-17 11:22:57,213{GMT}	INFO	[jepsen worker 3] jepsen.print: 3	:invoke	:watch-session	{:key "/jepsen/watch/s742834458", :start-revision :last, :prev-kv? true, :window-ms 2000, :max-events 10000, :resumes 2}
2026-09-17 11:22:57,411{GMT}	INFO	[jepsen worker 1] jepsen.print: 6	:ok	:watch-session	{:key "/jepsen/watch/s742834458", :start-revision :last, :prev-kv? true, :window-ms 2000, :max-events 10000, :resumes 2}
2026-09-17 11:22:57,413{GMT}	INFO	[jepsen worker 0] jepsen.print: 0	:invoke	:watch-session	{:key "/jepsen/watch/s742834458", :start-revision 0, :prev-kv? true, :window-ms 2000, :max-events 10000, :resumes 2}
2026-09-17 11:22:57,613{GMT}	INFO	[jepsen worker 1] jepsen.print: 6	:invoke	:watch-session	{:key "/jepsen/watch/s742834458", :start-revision 0, :prev-kv? false, :window-ms 2000, :max-events 10000, :resumes 2}
2026-09-17 11:22:58,213{GMT}	INFO	[jepsen worker 4] jepsen.print: 4	:ok	:watch-session	{:key "/jepsen/watch/s742834458", :start-revision :last, :prev-kv? false, :window-ms 2000, :max-events 10000, :resumes 2}
2026-09-17 11:22:58,213{GMT}	INFO	[jepsen worker 4] jepsen.print: 4	:invoke	:watch-session	{:key "/jepsen/watch/s742834458", :start-revision :last, :prev-kv? true, :window-ms 2000, :max-events 10000, :resumes 2}
2026-09-17 11:22:58,813{GMT}	INFO	[jepsen worker 2] jepsen.print: 7	:ok	:watch-session	{:key "/jepsen/watch/s742834458", :start-revision 0, :prev-kv? false, :window-ms 2000, :max-events 10000, :resumes 2}
2026-09-17 11:22:58,813{GMT}	INFO	[jepsen worker 2] jepsen.print: 7	:invoke	:watch-session	{:key "/jepsen/watch/s742834458", :start-revision 0, :prev-kv? true, :window-ms 2000, :max-events 10000, :resumes 2}
2026-09-17 11:22:59,214{GMT}	INFO	[jepsen worker 3] jepsen.print: 3	:ok	:watch-session	{:key "/jepsen/watch/s742834458", :start-revision :last, :prev-kv? true, :window-ms 2000, :max-events 10000, :resumes 2}
2026-09-17 11:22:59,214{GMT}	INFO	[jepsen worker 3] jepsen.print: 3	:invoke	:write	"vs742834458-189-"
2026-09-17 11:22:59,248{GMT}	INFO	[jepsen worker 3] jepsen.print: 3	:ok	:write	"vs742834458-189-"
2026-09-17 11:22:59,413{GMT}	INFO	[jepsen worker 0] jepsen.print: 0	:ok	:watch-session	{:key "/jepsen/watch/s742834458", :start-revision 0, :prev-kv? true, :window-ms 2000, :max-events 10000, :resumes 2}
2026-09-17 11:22:59,414{GMT}	INFO	[jepsen worker 3] jepsen.print: 3	:invoke	:write	"vs742834458-191-"
2026-09-17 11:22:59,446{GMT}	INFO	[jepsen worker 3] jepsen.print: 3	:ok	:write	"vs742834458-191-"
2026-09-17 11:22:59,614{GMT}	INFO	[jepsen worker 1] jepsen.print: 6	:ok	:watch-session	{:key "/jepsen/watch/s742834458", :start-revision 0, :prev-kv? false, :window-ms 2000, :max-events 10000, :resumes 2}
2026-09-17 11:22:59,614{GMT}	INFO	[jepsen worker 0] jepsen.print: 0	:invoke	:write	"vs742834458-192-"
2026-09-17 11:22:59,645{GMT}	INFO	[jepsen worker 0] jepsen.print: 0	:ok	:write	"vs742834458-192-"
2026-09-17 11:22:59,815{GMT}	INFO	[jepsen worker 0] jepsen.print: 0	:invoke	:write	"vs742834458-195-"
2026-09-17 11:22:59,846{GMT}	INFO	[jepsen worker 0] jepsen.print: 0	:ok	:write	"vs742834458-195-"
2026-09-17 11:22:59,962{GMT}	INFO	[jepsen worker nemesis] jepsen.print: :nemesis	:info	:start	nil
2026-09-17 11:22:59,985{GMT}	INFO	[jepsen worker nemesis] jepsen.print: :nemesis	:info	:start	{"n2" [:killed "n2"]}
2026-09-17 11:23:00,015{GMT}	INFO	[jepsen worker 3] jepsen.print: 3	:invoke	:watch-session	{:key "/jepsen/watch/s742834458", :start-revision :last, :prev-kv? false, :window-ms 2000, :max-events 10000, :resumes 2}
2026-09-17 11:23:00,214{GMT}	INFO	[jepsen worker 4] jepsen.print: 4	:ok	:watch-session	{:key "/jepsen/watch/s742834458", :start-revision :last, :prev-kv? true, :window-ms 2000, :max-events 10000, :resumes 2}
2026-09-17 11:23:00,215{GMT}	INFO	[jepsen worker 4] jepsen.print: 4	:invoke	:write	"vs742834458-198-"
2026-09-17 11:23:00,240{GMT}	INFO	[jepsen worker 4] jepsen.print: 4	:ok	:write	"vs742834458-198-"
2026-09-17 11:23:00,416{GMT}	INFO	[jepsen worker 4] jepsen.print: 4	:invoke	:watch-session	{:key "/jepsen/watch/s742834458", :start-revision 0, :prev-kv? false, :window-ms 2000, :max-events 10000, :resumes 2}
2026-09-17 11:23:00,616{GMT}	INFO	[jepsen worker 0] jepsen.print: 0	:invoke	:watch-session	{:key "/jepsen/watch/s742834458", :start-revision :last, :prev-kv? false, :window-ms 2000, :max-events 10000, :resumes 2}
2026-09-17 11:23:00,814{GMT}	INFO	[jepsen worker 2] jepsen.print: 7	:ok	:watch-session	{:key "/jepsen/watch/s742834458", :start-revision 0, :prev-kv? true, :window-ms 2000, :max-events 10000, :resumes 2}
2026-09-17 11:23:00,816{GMT}	INFO	[jepsen worker 1] jepsen.print: 6	:invoke	:watch-session	{:key "/jepsen/watch/s742834458", :start-revision 0, :prev-kv? true, :window-ms 2000, :max-events 10000, :resumes 2}
2026-09-17 11:23:01,016{GMT}	INFO	[jepsen worker 2] jepsen.print: 7	:invoke	:watch-session	{:key "/jepsen/watch/s742834458", :start-revision 0, :prev-kv? true, :window-ms 2000, :max-events 10000, :resumes 2}
2026-09-17 11:23:02,016{GMT}	INFO	[jepsen worker 3] jepsen.print: 3	:ok	:watch-session	{:key "/jepsen/watch/s742834458", :start-revision :last, :prev-kv? false, :window-ms 2000, :max-events 10000, :resumes 2}
2026-09-17 11:23:02,016{GMT}	INFO	[jepsen worker 3] jepsen.print: 3	:invoke	:watch-session	{:key "/jepsen/watch/s742834458", :start-revision 0, :prev-kv? true, :window-ms 2000, :max-events 10000, :resumes 2}
2026-09-17 11:23:02,417{GMT}	INFO	[jepsen worker 4] jepsen.print: 4	:ok	:watch-session	{:key "/jepsen/watch/s742834458", :start-revision 0, :prev-kv? false, :window-ms 2000, :max-events 10000, :resumes 2}
2026-09-17 11:23:02,417{GMT}	INFO	[jepsen worker 4] jepsen.print: 4	:invoke	:watch-session	{:key "/jepsen/watch/s742834458", :start-revision :last, :prev-kv? true, :window-ms 2000, :max-events 10000, :resumes 2}
2026-09-17 11:23:02,617{GMT}	INFO	[jepsen worker 0] jepsen.print: 0	:ok	:watch-session	{:key "/jepsen/watch/s742834458", :start-revision :last, :prev-kv? false, :window-ms 2000, :max-events 10000, :resumes 2}
2026-09-17 11:23:02,617{GMT}	INFO	[jepsen worker 0] jepsen.print: 0	:invoke	:write	"vs742834458-199-"
2026-09-17 11:23:02,642{GMT}	INFO	[jepsen worker 0] jepsen.print: 0	:ok	:write	"vs742834458-199-"
2026-09-17 11:23:02,817{GMT}	INFO	[jepsen worker 1] jepsen.print: 6	:ok	:watch-session	{:key "/jepsen/watch/s742834458", :start-revision 0, :prev-kv? true, :window-ms 2000, :max-events 10000, :resumes 2}
2026-09-17 11:23:02,817{GMT}	INFO	[jepsen worker 0] jepsen.print: 0	:invoke	:watch-session	{:key "/jepsen/watch/s742834458", :start-revision 0, :prev-kv? false, :window-ms 2000, :max-events 10000, :resumes 2}
2026-09-17 11:23:03,017{GMT}	INFO	[jepsen worker 2] jepsen.print: 7	:ok	:watch-session	{:key "/jepsen/watch/s742834458", :start-revision 0, :prev-kv? true, :window-ms 2000, :max-events 10000, :resumes 2}
2026-09-17 11:23:03,017{GMT}	INFO	[jepsen worker 1] jepsen.print: 6	:invoke	:write	"vs742834458-200-"
2026-09-17 11:23:03,044{GMT}	INFO	[jepsen worker 1] jepsen.print: 6	:ok	:write	"vs742834458-200-"
2026-09-17 11:23:03,144{GMT}	INFO	[jepsen worker nemesis] jepsen.print: :nemesis	:info	:stop	nil
2026-09-17 11:23:03,192{GMT}	INFO	[jepsen node n2] jepsen.coord.db: Restarting coord on n2
2026-09-17 11:23:03,193{GMT}	INFO	[jepsen node n2] jepsen.control.util: Starting coord
2026-09-17 11:23:03,218{GMT}	INFO	[jepsen worker 2] jepsen.print: 7	:invoke	:watch-session	{:key "/jepsen/watch/s742834458", :start-revision :last, :prev-kv? true, :window-ms 2000, :max-events 10000, :resumes 2}
2026-09-17 11:23:03,318{GMT}	INFO	[jepsen node n2] jepsen.coord.db: Waiting for coord on n2 to be ready
2026-09-17 11:23:03,418{GMT}	INFO	[jepsen worker 1] jepsen.print: 6	:invoke	:watch-session	{:key "/jepsen/watch/s742834458", :start-revision :last, :prev-kv? false, :window-ms 2000, :max-events 10000, :resumes 2}
2026-09-17 11:23:04,017{GMT}	INFO	[jepsen worker 3] jepsen.print: 3	:ok	:watch-session	{:key "/jepsen/watch/s742834458", :start-revision 0, :prev-kv? true, :window-ms 2000, :max-events 10000, :resumes 2}
2026-09-17 11:23:04,017{GMT}	INFO	[jepsen worker 3] jepsen.print: 3	:invoke	:watch-session	{:key "/jepsen/watch/s742834458", :start-revision 0, :prev-kv? false, :window-ms 2000, :max-events 10000, :resumes 2}
2026-09-17 11:23:04,333{GMT}	INFO	[jepsen node n2] jepsen.coord.db: coord n2 is ready
2026-09-17 11:23:04,333{GMT}	INFO	[jepsen worker nemesis] jepsen.print: :nemesis	:info	:stop	{"n2" [:restarted "n2"]}
2026-09-17 11:23:04,418{GMT}	INFO	[jepsen worker 4] jepsen.print: 4	:ok	:watch-session	{:key "/jepsen/watch/s742834458", :start-revision :last, :prev-kv? true, :window-ms 2000, :max-events 10000, :resumes 2}
2026-09-17 11:23:04,418{GMT}	INFO	[jepsen worker 4] jepsen.print: 4	:invoke	:write	"vs742834458-202-"
2026-09-17 11:23:04,448{GMT}	INFO	[jepsen worker 4] jepsen.print: 4	:ok	:write	"vs742834458-202-"
2026-09-17 11:23:04,619{GMT}	INFO	[jepsen worker 4] jepsen.print: 4	:invoke	:watch-session	{:key "/jepsen/watch/s742834458", :start-revision :last, :prev-kv? true, :window-ms 2000, :max-events 10000, :resumes 2}
2026-09-17 11:23:04,818{GMT}	INFO	[jepsen worker 0] jepsen.print: 0	:ok	:watch-session	{:key "/jepsen/watch/s742834458", :start-revision 0, :prev-kv? false, :window-ms 2000, :max-events 10000, :resumes 2}
2026-09-17 11:23:04,819{GMT}	INFO	[jepsen worker 0] jepsen.print: 0	:invoke	:watch-session	{:key "/jepsen/watch/s742834458", :start-revision :last, :prev-kv? false, :window-ms 2000, :max-events 10000, :resumes 2}
2026-09-17 11:23:05,218{GMT}	INFO	[jepsen worker 2] jepsen.print: 7	:ok	:watch-session	{:key "/jepsen/watch/s742834458", :start-revision :last, :prev-kv? true, :window-ms 2000, :max-events 10000, :resumes 2}
2026-09-17 11:23:05,219{GMT}	INFO	[jepsen worker 2] jepsen.print: 7	:invoke	:write	"vs742834458-203-"
2026-09-17 11:23:05,248{GMT}	INFO	[jepsen worker 2] jepsen.print: 7	:ok	:write	"vs742834458-203-"
2026-09-17 11:23:05,419{GMT}	INFO	[jepsen worker 2] jepsen.print: 7	:invoke	:watch-session	{:key "/jepsen/watch/s742834458", :start-revision 0, :prev-kv? true, :window-ms 2000, :max-events 10000, :resumes 2}
2026-09-17 11:23:05,419{GMT}	INFO	[jepsen worker 1] jepsen.print: 6	:ok	:watch-session	{:key "/jepsen/watch/s742834458", :start-revision :last, :prev-kv? false, :window-ms 2000, :max-events 10000, :resumes 2}
2026-09-17 11:23:05,619{GMT}	INFO	[jepsen worker 1] jepsen.print: 6	:invoke	:watch-session	{:key "/jepsen/watch/s742834458", :start-revision 0, :prev-kv? true, :window-ms 2000, :max-events 10000, :resumes 2}
2026-09-17 11:23:06,018{GMT}	INFO	[jepsen worker 3] jepsen.print: 3	:ok	:watch-session	{:key "/jepsen/watch/s742834458", :start-revision 0, :prev-kv? false, :window-ms 2000, :max-events 10000, :resumes 2}
2026-09-17 11:23:06,018{GMT}	INFO	[jepsen worker 3] jepsen.print: 3	:invoke	:write	"vs742834458-201-"
2026-09-17 11:23:06,058{GMT}	INFO	[jepsen worker 3] jepsen.print: 3	:ok	:write	"vs742834458-201-"
2026-09-17 11:23:06,219{GMT}	INFO	[jepsen worker 3] jepsen.print: 3	:invoke	:write	"vs742834458-205-"
2026-09-17 11:23:06,248{GMT}	INFO	[jepsen worker 3] jepsen.print: 3	:ok	:write	"vs742834458-205-"
2026-09-17 11:23:06,419{GMT}	INFO	[jepsen worker 3] jepsen.print: 3	:invoke	:write	"vs742834458-204-"
2026-09-17 11:23:06,453{GMT}	INFO	[jepsen worker 3] jepsen.print: 3	:ok	:write	"vs742834458-204-"
2026-09-17 11:23:06,619{GMT}	INFO	[jepsen worker 3] jepsen.print: 3	:invoke	:write	"vs742834458-206-"
2026-09-17 11:23:06,620{GMT}	INFO	[jepsen worker 4] jepsen.print: 4	:ok	:watch-session	{:key "/jepsen/watch/s742834458", :start-revision :last, :prev-kv? true, :window-ms 2000, :max-events 10000, :resumes 2}
2026-09-17 11:23:06,648{GMT}	INFO	[jepsen worker 3] jepsen.print: 3	:ok	:write	"vs742834458-206-"
2026-09-17 11:23:06,819{GMT}	INFO	[jepsen worker 4] jepsen.print: 4	:invoke	:write	"vs742834458-210-"
2026-09-17 11:23:06,819{GMT}	INFO	[jepsen worker 0] jepsen.print: 0	:ok	:watch-session	{:key "/jepsen/watch/s742834458", :start-revision :last, :prev-kv? false, :window-ms 2000, :max-events 10000, :resumes 2}
2026-09-17 11:23:06,849{GMT}	INFO	[jepsen worker 4] jepsen.print: 4	:ok	:write	"vs742834458-210-"
2026-09-17 11:23:07,019{GMT}	INFO	[jepsen worker 0] jepsen.print: 0	:invoke	:write	"vs742834458-207-"
2026-09-17 11:23:07,050{GMT}	INFO	[jepsen worker 0] jepsen.print: 0	:ok	:write	"vs742834458-207-"
2026-09-17 11:23:07,219{GMT}	INFO	[jepsen worker 0] jepsen.print: 0	:invoke	:watch-session	{:key "/jepsen/watch/s742834458", :start-revision :last, :prev-kv? true, :window-ms 2000, :max-events 10000, :resumes 2}
2026-09-17 11:23:07,420{GMT}	INFO	[jepsen worker 3] jepsen.print: 3	:invoke	:write	"vs742834458-212-"
2026-09-17 11:23:07,420{GMT}	INFO	[jepsen worker 2] jepsen.print: 7	:ok	:watch-session	{:key "/jepsen/watch/s742834458", :start-revision 0, :prev-kv? true, :window-ms 2000, :max-events 10000, :resumes 2}
2026-09-17 11:23:07,454{GMT}	INFO	[jepsen worker 3] jepsen.print: 3	:ok	:write	"vs742834458-212-"
2026-09-17 11:23:07,620{GMT}	INFO	[jepsen worker 2] jepsen.print: 7	:invoke	:watch-session	{:key "/jepsen/watch/s742834458", :start-revision 0, :prev-kv? true, :window-ms 2000, :max-events 10000, :resumes 2}
2026-09-17 11:23:07,620{GMT}	INFO	[jepsen worker 1] jepsen.print: 6	:ok	:watch-session	{:key "/jepsen/watch/s742834458", :start-revision 0, :prev-kv? true, :window-ms 2000, :max-events 10000, :resumes 2}
2026-09-17 11:23:07,688{GMT}	INFO	[jepsen worker nemesis] jepsen.print: :nemesis	:info	:start	nil
2026-09-17 11:23:07,698{GMT}	INFO	[jepsen worker nemesis] jepsen.print: :nemesis	:info	:start	{"n3" [:killed "n3"]}
2026-09-17 11:23:07,820{GMT}	INFO	[jepsen worker 1] jepsen.print: 6	:invoke	:write	"vs742834458-219-"
2026-09-17 11:23:07,847{GMT}	INFO	[jepsen worker 1] jepsen.print: 6	:ok	:write	"vs742834458-219-"
2026-09-17 11:23:08,020{GMT}	INFO	[jepsen worker 1] jepsen.print: 6	:invoke	:write	"vs742834458-222-"
2026-09-17 11:23:08,047{GMT}	INFO	[jepsen worker 1] jepsen.print: 6	:ok	:write	"vs742834458-222-"
2026-09-17 11:23:08,220{GMT}	INFO	[jepsen worker 1] jepsen.print: 6	:invoke	:write	"vs742834458-225-"
2026-09-17 11:23:08,246{GMT}	INFO	[jepsen worker 1] jepsen.print: 6	:ok	:write	"vs742834458-225-"
2026-09-17 11:23:08,421{GMT}	INFO	[jepsen worker 3] jepsen.print: 3	:invoke	:write	"vs742834458-228-"
2026-09-17 11:23:08,445{GMT}	INFO	[jepsen worker 3] jepsen.print: 3	:ok	:write	"vs742834458-228-"
2026-09-17 11:23:08,621{GMT}	INFO	[jepsen worker 3] jepsen.print: 3	:invoke	:watch-session	{:key "/jepsen/watch/s742834458", :start-revision 0, :prev-kv? true, :window-ms 2000, :max-events 10000, :resumes 2}
2026-09-17 11:23:08,821{GMT}	INFO	[jepsen worker 4] jepsen.print: 4	:invoke	:watch-session	{:key "/jepsen/watch/s742834458", :start-revision :last, :prev-kv? true, :window-ms 2000, :max-events 10000, :resumes 2}
2026-09-17 11:23:09,021{GMT}	INFO	[jepsen worker 1] jepsen.print: 6	:invoke	:write	"vs742834458-230-"
2026-09-17 11:23:09,045{GMT}	INFO	[jepsen worker 1] jepsen.print: 6	:ok	:write	"vs742834458-230-"
2026-09-17 11:23:09,220{GMT}	INFO	[jepsen worker 0] jepsen.print: 0	:ok	:watch-session	{:key "/jepsen/watch/s742834458", :start-revision :last, :prev-kv? true, :window-ms 2000, :max-events 10000, :resumes 2}
2026-09-17 11:23:09,221{GMT}	INFO	[jepsen worker 0] jepsen.print: 0	:invoke	:watch-session	{:key "/jepsen/watch/s742834458", :start-revision :last, :prev-kv? false, :window-ms 2000, :max-events 10000, :resumes 2}
2026-09-17 11:23:09,421{GMT}	INFO	[jepsen worker 1] jepsen.print: 6	:invoke	:watch-session	{:key "/jepsen/watch/s742834458", :start-revision :last, :prev-kv? true, :window-ms 2000, :max-events 10000, :resumes 2}
2026-09-17 11:23:09,621{GMT}	INFO	[jepsen worker 2] jepsen.print: 7	:ok	:watch-session	{:key "/jepsen/watch/s742834458", :start-revision 0, :prev-kv? true, :window-ms 2000, :max-events 10000, :resumes 2}
2026-09-17 11:23:09,621{GMT}	INFO	[jepsen worker 2] jepsen.print: 7	:invoke	:write	"vs742834458-232-"
2026-09-17 11:23:09,647{GMT}	INFO	[jepsen worker 2] jepsen.print: 7	:ok	:write	"vs742834458-232-"
2026-09-17 11:23:09,822{GMT}	INFO	[jepsen worker 2] jepsen.print: 7	:invoke	:write	"vs742834458-231-"
2026-09-17 11:23:09,846{GMT}	INFO	[jepsen worker 2] jepsen.print: 7	:ok	:write	"vs742834458-231-"
2026-09-17 11:23:10,022{GMT}	INFO	[jepsen worker 2] jepsen.print: 7	:invoke	:write	"vs742834458-234-"
2026-09-17 11:23:10,045{GMT}	INFO	[jepsen worker 2] jepsen.print: 7	:ok	:write	"vs742834458-234-"
2026-09-17 11:23:10,222{GMT}	INFO	[jepsen worker 2] jepsen.print: 7	:invoke	:write	"vs742834458-235-"
2026-09-17 11:23:10,250{GMT}	INFO	[jepsen worker 2] jepsen.print: 7	:ok	:write	"vs742834458-235-"
2026-09-17 11:23:10,422{GMT}	INFO	[jepsen worker 2] jepsen.print: 7	:invoke	:watch-session	{:key "/jepsen/watch/s742834458", :start-revision 0, :prev-kv? true, :window-ms 2000, :max-events 10000, :resumes 2}
2026-09-17 11:23:10,622{GMT}	INFO	[jepsen worker 3] jepsen.print: 3	:ok	:watch-session	{:key "/jepsen/watch/s742834458", :start-revision 0, :prev-kv? true, :window-ms 2000, :max-events 10000, :resumes 2}
2026-09-17 11:23:10,622{GMT}	INFO	[jepsen worker 3] jepsen.print: 3	:invoke	:watch-session	{:key "/jepsen/watch/s742834458", :start-revision 0, :prev-kv? true, :window-ms 2000, :max-events 10000, :resumes 2}
2026-09-17 11:23:10,822{GMT}	INFO	[jepsen worker 4] jepsen.print: 4	:ok	:watch-session	{:key "/jepsen/watch/s742834458", :start-revision :last, :prev-kv? true, :window-ms 2000, :max-events 10000, :resumes 2}
2026-09-17 11:23:10,822{GMT}	INFO	[jepsen worker 4] jepsen.print: 4	:invoke	:write	"vs742834458-233-"
2026-09-17 11:23:10,847{GMT}	INFO	[jepsen worker 4] jepsen.print: 4	:ok	:write	"vs742834458-233-"
2026-09-17 11:23:11,023{GMT}	INFO	[jepsen worker 4] jepsen.print: 4	:invoke	:watch-session	{:key "/jepsen/watch/s742834458", :start-revision 0, :prev-kv? false, :window-ms 2000, :max-events 10000, :resumes 2}
2026-09-17 11:23:11,222{GMT}	INFO	[jepsen worker 0] jepsen.print: 0	:ok	:watch-session	{:key "/jepsen/watch/s742834458", :start-revision :last, :prev-kv? false, :window-ms 2000, :max-events 10000, :resumes 2}
2026-09-17 11:23:11,223{GMT}	INFO	[jepsen worker 0] jepsen.print: 0	:invoke	:watch-session	{:key "/jepsen/watch/s742834458", :start-revision :last, :prev-kv? false, :window-ms 2000, :max-events 10000, :resumes 2}
2026-09-17 11:23:11,422{GMT}	INFO	[jepsen worker 1] jepsen.print: 6	:ok	:watch-session	{:key "/jepsen/watch/s742834458", :start-revision :last, :prev-kv? true, :window-ms 2000, :max-events 10000, :resumes 2}
2026-09-17 11:23:11,423{GMT}	INFO	[jepsen worker 1] jepsen.print: 6	:invoke	:watch-session	{:key "/jepsen/watch/s742834458", :start-revision :last, :prev-kv? true, :window-ms 2000, :max-events 10000, :resumes 2}
2026-09-17 11:23:12,423{GMT}	INFO	[jepsen worker 2] jepsen.print: 7	:ok	:watch-session	{:key "/jepsen/watch/s742834458", :start-revision 0, :prev-kv? true, :window-ms 2000, :max-events 10000, :resumes 2}
2026-09-17 11:23:12,424{GMT}	INFO	[jepsen worker 2] jepsen.print: 7	:invoke	:watch-session	{:key "/jepsen/watch/s742834458", :start-revision :last, :prev-kv? false, :window-ms 2000, :max-events 10000, :resumes 2}
2026-09-17 11:23:12,623{GMT}	INFO	[jepsen worker 3] jepsen.print: 3	:ok	:watch-session	{:key "/jepsen/watch/s742834458", :start-revision 0, :prev-kv? true, :window-ms 2000, :max-events 10000, :resumes 2}
2026-09-17 11:23:12,624{GMT}	INFO	[jepsen worker 3] jepsen.print: 3	:invoke	:write	"vs742834458-236-"
2026-09-17 11:23:12,650{GMT}	INFO	[jepsen worker 3] jepsen.print: 3	:ok	:write	"vs742834458-236-"
2026-09-17 11:23:12,824{GMT}	INFO	[jepsen worker 3] jepsen.print: 3	:invoke	:write	"vs742834458-237-"
2026-09-17 11:23:12,848{GMT}	INFO	[jepsen worker 3] jepsen.print: 3	:ok	:write	"vs742834458-237-"
2026-09-17 11:23:13,024{GMT}	INFO	[jepsen worker 4] jepsen.print: 4	:ok	:watch-session	{:key "/jepsen/watch/s742834458", :start-revision 0, :prev-kv? false, :window-ms 2000, :max-events 10000, :resumes 2}
2026-09-17 11:23:13,024{GMT}	INFO	[jepsen worker 3] jepsen.print: 3	:invoke	:write	"vs742834458-238-"
2026-09-17 11:23:13,048{GMT}	INFO	[jepsen worker 3] jepsen.print: 3	:ok	:write	"vs742834458-238-"
2026-09-17 11:23:13,224{GMT}	INFO	[jepsen worker 0] jepsen.print: 0	:ok	:watch-session	{:key "/jepsen/watch/s742834458", :start-revision :last, :prev-kv? false, :window-ms 2000, :max-events 10000, :resumes 2}
2026-09-17 11:23:13,224{GMT}	INFO	[jepsen worker 4] jepsen.print: 4	:invoke	:watch-session	{:key "/jepsen/watch/s742834458", :start-revision 0, :prev-kv? true, :window-ms 2000, :max-events 10000, :resumes 2}
2026-09-17 11:23:13,424{GMT}	INFO	[jepsen worker 1] jepsen.print: 6	:ok	:watch-session	{:key "/jepsen/watch/s742834458", :start-revision :last, :prev-kv? true, :window-ms 2000, :max-events 10000, :resumes 2}
2026-09-17 11:23:13,424{GMT}	INFO	[jepsen worker 0] jepsen.print: 0	:invoke	:write	"vs742834458-242-"
2026-09-17 11:23:13,449{GMT}	INFO	[jepsen worker 0] jepsen.print: 0	:ok	:write	"vs742834458-242-"
2026-09-17 11:23:13,624{GMT}	INFO	[jepsen worker 0] jepsen.print: 0	:invoke	:write	"vs742834458-239-"
2026-09-17 11:23:13,652{GMT}	INFO	[jepsen worker 0] jepsen.print: 0	:ok	:write	"vs742834458-239-"
2026-09-17 11:23:13,713{GMT}	INFO	[jepsen worker nemesis] jepsen.print: :nemesis	:info	:stop	nil
2026-09-17 11:23:13,775{GMT}	INFO	[jepsen node n3] jepsen.coord.db: Restarting coord on n3
2026-09-17 11:23:13,776{GMT}	INFO	[jepsen node n3] jepsen.control.util: Starting coord
2026-09-17 11:23:13,824{GMT}	INFO	[jepsen worker 3] jepsen.print: 3	:invoke	:write	"vs742834458-247-"
2026-09-17 11:23:13,852{GMT}	INFO	[jepsen worker 3] jepsen.print: 3	:ok	:write	"vs742834458-247-"
2026-09-17 11:23:13,882{GMT}	INFO	[jepsen node n3] jepsen.coord.db: Waiting for coord on n3 to be ready
2026-09-17 11:23:13,973{GMT}	INFO	[jepsen node n3] jepsen.coord.db: coord n3 is ready
2026-09-17 11:23:13,974{GMT}	INFO	[jepsen worker nemesis] jepsen.print: :nemesis	:info	:stop	{"n3" [:restarted "n3"]}
2026-09-17 11:23:14,025{GMT}	INFO	[jepsen worker 0] jepsen.print: 0	:invoke	:write	"vs742834458-252-"
2026-09-17 11:23:14,067{GMT}	INFO	[jepsen worker 0] jepsen.print: 0	:ok	:write	"vs742834458-252-"
2026-09-17 11:23:14,225{GMT}	INFO	[jepsen worker 0] jepsen.print: 0	:invoke	:write	"vs742834458-255-"
2026-09-17 11:23:14,256{GMT}	INFO	[jepsen worker 0] jepsen.print: 0	:ok	:write	"vs742834458-255-"
2026-09-17 11:23:14,425{GMT}	INFO	[jepsen worker 2] jepsen.print: 7	:ok	:watch-session	{:key "/jepsen/watch/s742834458", :start-revision :last, :prev-kv? false, :window-ms 2000, :max-events 10000, :resumes 2}
2026-09-17 11:23:14,425{GMT}	INFO	[jepsen worker 0] jepsen.print: 0	:invoke	:watch-session	{:key "/jepsen/watch/s742834458", :start-revision :last, :prev-kv? true, :window-ms 2000, :max-events 10000, :resumes 2}
2026-09-17 11:23:14,625{GMT}	INFO	[jepsen worker 1] jepsen.print: 6	:invoke	:watch-session	{:key "/jepsen/watch/s742834458", :start-revision :last, :prev-kv? false, :window-ms 2000, :max-events 10000, :resumes 2}
2026-09-17 11:23:14,825{GMT}	INFO	[jepsen worker 2] jepsen.print: 7	:invoke	:watch-session	{:key "/jepsen/watch/s742834458", :start-revision 0, :prev-kv? true, :window-ms 2000, :max-events 10000, :resumes 2}
2026-09-17 11:23:15,026{GMT}	INFO	[jepsen worker 3] jepsen.print: 3	:invoke	:watch-session	{:key "/jepsen/watch/s742834458", :start-revision 0, :prev-kv? true, :window-ms 2000, :max-events 10000, :resumes 2}
2026-09-17 11:23:15,225{GMT}	INFO	[jepsen worker 4] jepsen.print: 4	:ok	:watch-session	{:key "/jepsen/watch/s742834458", :start-revision 0, :prev-kv? true, :window-ms 2000, :max-events 10000, :resumes 2}
2026-09-17 11:23:15,225{GMT}	INFO	[jepsen worker 4] jepsen.print: 4	:invoke	:write	"vs742834458-256-"
2026-09-17 11:23:15,256{GMT}	INFO	[jepsen worker 4] jepsen.print: 4	:ok	:write	"vs742834458-256-"
2026-09-17 11:23:15,426{GMT}	INFO	[jepsen worker 4] jepsen.print: 4	:invoke	:write	"vs742834458-258-"
2026-09-17 11:23:15,457{GMT}	INFO	[jepsen worker 4] jepsen.print: 4	:ok	:write	"vs742834458-258-"
2026-09-17 11:23:15,626{GMT}	INFO	[jepsen worker 4] jepsen.print: 4	:invoke	:watch-session	{:key "/jepsen/watch/s742834458", :start-revision 0, :prev-kv? false, :window-ms 2000, :max-events 10000, :resumes 2}
2026-09-17 11:23:16,426{GMT}	INFO	[jepsen worker 0] jepsen.print: 0	:ok	:watch-session	{:key "/jepsen/watch/s742834458", :start-revision :last, :prev-kv? true, :window-ms 2000, :max-events 10000, :resumes 2}
2026-09-17 11:23:16,426{GMT}	INFO	[jepsen worker 0] jepsen.print: 0	:invoke	:write	"vs742834458-257-"
2026-09-17 11:23:16,455{GMT}	INFO	[jepsen worker 0] jepsen.print: 0	:ok	:write	"vs742834458-257-"
2026-09-17 11:23:16,626{GMT}	INFO	[jepsen worker 1] jepsen.print: 6	:ok	:watch-session	{:key "/jepsen/watch/s742834458", :start-revision :last, :prev-kv? false, :window-ms 2000, :max-events 10000, :resumes 2}
2026-09-17 11:23:16,626{GMT}	INFO	[jepsen worker 0] jepsen.print: 0	:invoke	:write	"vs742834458-260-"
2026-09-17 11:23:16,659{GMT}	INFO	[jepsen worker 0] jepsen.print: 0	:ok	:write	"vs742834458-260-"
2026-09-17 11:23:16,827{GMT}	INFO	[jepsen worker 0] jepsen.print: 0	:invoke	:write	"vs742834458-259-"
2026-09-17 11:23:16,827{GMT}	INFO	[jepsen worker 2] jepsen.print: 7	:ok	:watch-session	{:key "/jepsen/watch/s742834458", :start-revision 0, :prev-kv? true, :window-ms 2000, :max-events 10000, :resumes 2}
2026-09-17 11:23:16,854{GMT}	INFO	[jepsen worker 0] jepsen.print: 0	:ok	:write	"vs742834458-259-"
2026-09-17 11:23:17,026{GMT}	INFO	[jepsen worker 3] jepsen.print: 3	:ok	:watch-session	{:key "/jepsen/watch/s742834458", :start-revision 0, :prev-kv? true, :window-ms 2000, :max-events 10000, :resumes 2}
2026-09-17 11:23:17,027{GMT}	INFO	[jepsen worker 0] jepsen.print: 0	:invoke	:watch-session	{:key "/jepsen/watch/s742834458", :start-revision 0, :prev-kv? false, :window-ms 2000, :max-events 10000, :resumes 2}
2026-09-17 11:23:17,227{GMT}	INFO	[jepsen worker 1] jepsen.print: 6	:invoke	:watch-session	{:key "/jepsen/watch/s742834458", :start-revision 0, :prev-kv? true, :window-ms 2000, :max-events 10000, :resumes 2}
2026-09-17 11:23:17,427{GMT}	INFO	[jepsen worker 2] jepsen.print: 7	:invoke	:watch-session	{:key "/jepsen/watch/s742834458", :start-revision 0, :prev-kv? false, :window-ms 2000, :max-events 10000, :resumes 2}
2026-09-17 11:23:17,627{GMT}	INFO	[jepsen worker 4] jepsen.print: 4	:ok	:watch-session	{:key "/jepsen/watch/s742834458", :start-revision 0, :prev-kv? false, :window-ms 2000, :max-events 10000, :resumes 2}
2026-09-17 11:23:17,627{GMT}	INFO	[jepsen worker 3] jepsen.print: 3	:invoke	:watch-session	{:key "/jepsen/watch/s742834458", :start-revision :last, :prev-kv? true, :window-ms 2000, :max-events 10000, :resumes 2}
2026-09-17 11:23:17,827{GMT}	INFO	[jepsen worker 4] jepsen.print: 4	:invoke	:watch-session	{:key "/jepsen/watch/s742834458", :start-revision 0, :prev-kv? true, :window-ms 2000, :max-events 10000, :resumes 2}
2026-09-17 11:23:19,028{GMT}	INFO	[jepsen worker 0] jepsen.print: 0	:ok	:watch-session	{:key "/jepsen/watch/s742834458", :start-revision 0, :prev-kv? false, :window-ms 2000, :max-events 10000, :resumes 2}
2026-09-17 11:23:19,028{GMT}	INFO	[jepsen worker 0] jepsen.print: 0	:invoke	:write	"vs742834458-261-"
2026-09-17 11:23:19,064{GMT}	INFO	[jepsen worker 0] jepsen.print: 0	:ok	:write	"vs742834458-261-"
2026-09-17 11:23:19,228{GMT}	INFO	[jepsen worker 1] jepsen.print: 6	:ok	:watch-session	{:key "/jepsen/watch/s742834458", :start-revision 0, :prev-kv? true, :window-ms 2000, :max-events 10000, :resumes 2}
2026-09-17 11:23:19,228{GMT}	INFO	[jepsen worker 0] jepsen.print: 0	:invoke	:write	"vs742834458-263-"
2026-09-17 11:23:19,262{GMT}	INFO	[jepsen worker 0] jepsen.print: 0	:ok	:write	"vs742834458-263-"
2026-09-17 11:23:19,428{GMT}	INFO	[jepsen worker 2] jepsen.print: 7	:ok	:watch-session	{:key "/jepsen/watch/s742834458", :start-revision 0, :prev-kv? false, :window-ms 2000, :max-events 10000, :resumes 2}
2026-09-17 11:23:19,429{GMT}	INFO	[jepsen worker 0] jepsen.print: 0	:invoke	:write	"vs742834458-266-"
2026-09-17 11:23:19,461{GMT}	INFO	[jepsen worker 0] jepsen.print: 0	:ok	:write	"vs742834458-266-"
2026-09-17 11:23:19,628{GMT}	INFO	[jepsen worker 3] jepsen.print: 3	:ok	:watch-session	{:key "/jepsen/watch/s742834458", :start-revision :last, :prev-kv? true, :window-ms 2000, :max-events 10000, :resumes 2}
2026-09-17 11:23:19,629{GMT}	INFO	[jepsen worker 0] jepsen.print: 0	:invoke	:write	"vs742834458-262-"
2026-09-17 11:23:19,660{GMT}	INFO	[jepsen worker 0] jepsen.print: 0	:ok	:write	"vs742834458-262-"
2026-09-17 11:23:19,828{GMT}	INFO	[jepsen worker 4] jepsen.print: 4	:ok	:watch-session	{:key "/jepsen/watch/s742834458", :start-revision 0, :prev-kv? true, :window-ms 2000, :max-events 10000, :resumes 2}
2026-09-17 11:23:19,829{GMT}	INFO	[jepsen worker 1] jepsen.print: 6	:invoke	:watch-session	{:key "/jepsen/watch/s742834458", :start-revision :last, :prev-kv? true, :window-ms 2000, :max-events 10000, :resumes 2}
2026-09-17 11:23:20,029{GMT}	INFO	[jepsen worker 2] jepsen.print: 7	:invoke	:write	"vs742834458-268-"
2026-09-17 11:23:20,057{GMT}	INFO	[jepsen worker 2] jepsen.print: 7	:ok	:write	"vs742834458-268-"
2026-09-17 11:23:20,229{GMT}	INFO	[jepsen worker 3] jepsen.print: 3	:invoke	:write	"vs742834458-271-"
2026-09-17 11:23:20,256{GMT}	INFO	[jepsen worker 3] jepsen.print: 3	:ok	:write	"vs742834458-271-"
2026-09-17 11:23:20,430{GMT}	INFO	[jepsen worker 4] jepsen.print: 4	:invoke	:write	"vs742834458-274-"
2026-09-17 11:23:20,466{GMT}	INFO	[jepsen worker 4] jepsen.print: 4	:ok	:write	"vs742834458-274-"
2026-09-17 11:23:20,630{GMT}	INFO	[jepsen worker 0] jepsen.print: 0	:invoke	:watch-session	{:key "/jepsen/watch/s742834458", :start-revision 0, :prev-kv? true, :window-ms 2000, :max-events 10000, :resumes 2}
2026-09-17 11:23:20,830{GMT}	INFO	[jepsen worker 2] jepsen.print: 7	:invoke	:watch-session	{:key "/jepsen/watch/s742834458", :start-revision :last, :prev-kv? true, :window-ms 2000, :max-events 10000, :resumes 2}
2026-09-17 11:23:21,030{GMT}	INFO	[jepsen worker 3] jepsen.print: 3	:invoke	:write	"vs742834458-276-"
2026-09-17 11:23:21,060{GMT}	INFO	[jepsen worker 3] jepsen.print: 3	:ok	:write	"vs742834458-276-"
2026-09-17 11:23:21,084{GMT}	INFO	[jepsen worker nemesis] jepsen.print: :nemesis	:info	:start	nil
2026-09-17 11:23:21,099{GMT}	INFO	[jepsen worker nemesis] jepsen.print: :nemesis	:info	:start	{"n3" [:killed "n3"]}
2026-09-17 11:23:21,230{GMT}	INFO	[jepsen worker 4] jepsen.print: 4	:invoke	:watch-session	{:key "/jepsen/watch/s742834458", :start-revision :last, :prev-kv? true, :window-ms 2000, :max-events 10000, :resumes 2}
2026-09-17 11:23:21,430{GMT}	INFO	[jepsen worker 3] jepsen.print: 3	:invoke	:write	"vs742834458-278-"
2026-09-17 11:23:21,462{GMT}	INFO	[jepsen worker 3] jepsen.print: 3	:ok	:write	"vs742834458-278-"
2026-09-17 11:23:21,631{GMT}	INFO	[jepsen worker 3] jepsen.print: 3	:invoke	:write	"vs742834458-280-"
2026-09-17 11:23:21,658{GMT}	INFO	[jepsen worker 3] jepsen.print: 3	:ok	:write	"vs742834458-280-"
2026-09-17 11:23:21,830{GMT}	INFO	[jepsen worker 1] jepsen.print: 6	:ok	:watch-session	{:key "/jepsen/watch/s742834458", :start-revision :last, :prev-kv? true, :window-ms 2000, :max-events 10000, :resumes 2}
2026-09-17 11:23:21,831{GMT}	INFO	[jepsen worker 1] jepsen.print: 6	:invoke	:write	"vs742834458-281-"
2026-09-17 11:23:21,854{GMT}	INFO	[jepsen worker 1] jepsen.print: 6	:ok	:write	"vs742834458-281-"
2026-09-17 11:23:22,031{GMT}	INFO	[jepsen worker 3] jepsen.print: 3	:invoke	:write	"vs742834458-279-"
2026-09-17 11:23:22,057{GMT}	INFO	[jepsen worker 3] jepsen.print: 3	:ok	:write	"vs742834458-279-"
2026-09-17 11:23:22,231{GMT}	INFO	[jepsen worker 3] jepsen.print: 3	:invoke	:write	"vs742834458-284-"
2026-09-17 11:23:22,258{GMT}	INFO	[jepsen worker 3] jepsen.print: 3	:ok	:write	"vs742834458-284-"
2026-09-17 11:23:22,431{GMT}	INFO	[jepsen worker 1] jepsen.print: 6	:invoke	:watch-session	{:key "/jepsen/watch/s742834458", :start-revision 0, :prev-kv? false, :window-ms 2000, :max-events 10000, :resumes 2}
2026-09-17 11:23:22,631{GMT}	INFO	[jepsen worker 0] jepsen.print: 0	:ok	:watch-session	{:key "/jepsen/watch/s742834458", :start-revision 0, :prev-kv? true, :window-ms 2000, :max-events 10000, :resumes 2}
2026-09-17 11:23:22,631{GMT}	INFO	[jepsen worker 0] jepsen.print: 0	:invoke	:write	"vs742834458-286-"
2026-09-17 11:23:22,655{GMT}	INFO	[jepsen worker 0] jepsen.print: 0	:ok	:write	"vs742834458-286-"
2026-09-17 11:23:22,831{GMT}	INFO	[jepsen worker 2] jepsen.print: 7	:ok	:watch-session	{:key "/jepsen/watch/s742834458", :start-revision :last, :prev-kv? true, :window-ms 2000, :max-events 10000, :resumes 2}
2026-09-17 11:23:22,832{GMT}	INFO	[jepsen worker 0] jepsen.print: 0	:invoke	:watch-session	{:key "/jepsen/watch/s742834458", :start-revision 0, :prev-kv? false, :window-ms 2000, :max-events 10000, :resumes 2}
2026-09-17 11:23:23,032{GMT}	INFO	[jepsen worker 2] jepsen.print: 7	:invoke	:watch-session	{:key "/jepsen/watch/s742834458", :start-revision 0, :prev-kv? true, :window-ms 2000, :max-events 10000, :resumes 2}
2026-09-17 11:23:23,231{GMT}	INFO	[jepsen worker 4] jepsen.print: 4	:ok	:watch-session	{:key "/jepsen/watch/s742834458", :start-revision :last, :prev-kv? true, :window-ms 2000, :max-events 10000, :resumes 2}
2026-09-17 11:23:23,232{GMT}	INFO	[jepsen worker 3] jepsen.print: 3	:invoke	:write	"vs742834458-289-"
2026-09-17 11:23:23,255{GMT}	INFO	[jepsen worker 3] jepsen.print: 3	:ok	:write	"vs742834458-289-"
2026-09-17 11:23:23,433{GMT}	INFO	[jepsen worker 3] jepsen.print: 3	:invoke	:watch-session	{:key "/jepsen/watch/s742834458", :start-revision 0, :prev-kv? false, :window-ms 2000, :max-events 10000, :resumes 2}
2026-09-17 11:23:23,633{GMT}	INFO	[jepsen worker 4] jepsen.print: 4	:invoke	:watch-session	{:key "/jepsen/watch/s742834458", :start-revision :last, :prev-kv? true, :window-ms 2000, :max-events 10000, :resumes 2}
2026-09-17 11:23:24,432{GMT}	INFO	[jepsen worker 1] jepsen.print: 6	:ok	:watch-session	{:key "/jepsen/watch/s742834458", :start-revision 0, :prev-kv? false, :window-ms 2000, :max-events 10000, :resumes 2}
2026-09-17 11:23:24,432{GMT}	INFO	[jepsen worker 1] jepsen.print: 6	:invoke	:watch-session	{:key "/jepsen/watch/s742834458", :start-revision :last, :prev-kv? true, :window-ms 2000, :max-events 10000, :resumes 2}
2026-09-17 11:23:24,833{GMT}	INFO	[jepsen worker 0] jepsen.print: 0	:ok	:watch-session	{:key "/jepsen/watch/s742834458", :start-revision 0, :prev-kv? false, :window-ms 2000, :max-events 10000, :resumes 2}
2026-09-17 11:23:24,833{GMT}	INFO	[jepsen worker 0] jepsen.print: 0	:invoke	:write	"vs742834458-291-"
2026-09-17 11:23:24,859{GMT}	INFO	[jepsen worker 0] jepsen.print: 0	:ok	:write	"vs742834458-291-"
2026-09-17 11:23:25,033{GMT}	INFO	[jepsen worker 2] jepsen.print: 7	:ok	:watch-session	{:key "/jepsen/watch/s742834458", :start-revision 0, :prev-kv? true, :window-ms 2000, :max-events 10000, :resumes 2}
2026-09-17 11:23:25,034{GMT}	INFO	[jepsen worker 2] jepsen.print: 7	:invoke	:watch-session	{:key "/jepsen/watch/s742834458", :start-revision :last, :prev-kv? false, :window-ms 2000, :max-events 10000, :resumes 2}
2026-09-17 11:23:25,234{GMT}	INFO	[jepsen worker 0] jepsen.print: 0	:invoke	:write	"vs742834458-292-"
2026-09-17 11:23:25,262{GMT}	INFO	[jepsen worker 0] jepsen.print: 0	:ok	:write	"vs742834458-292-"
2026-09-17 11:23:25,434{GMT}	INFO	[jepsen worker 3] jepsen.print: 3	:ok	:watch-session	{:key "/jepsen/watch/s742834458", :start-revision 0, :prev-kv? false, :window-ms 2000, :max-events 10000, :resumes 2}
2026-09-17 11:23:25,435{GMT}	INFO	[jepsen worker 3] jepsen.print: 3	:invoke	:write	"vs742834458-293-"
2026-09-17 11:23:25,462{GMT}	INFO	[jepsen worker 3] jepsen.print: 3	:ok	:write	"vs742834458-293-"
2026-09-17 11:23:25,633{GMT}	INFO	[jepsen worker 4] jepsen.print: 4	:ok	:watch-session	{:key "/jepsen/watch/s742834458", :start-revision :last, :prev-kv? true, :window-ms 2000, :max-events 10000, :resumes 2}
2026-09-17 11:23:25,634{GMT}	INFO	[jepsen worker 4] jepsen.print: 4	:invoke	:write	"vs742834458-290-"
2026-09-17 11:23:25,661{GMT}	INFO	[jepsen worker 4] jepsen.print: 4	:ok	:write	"vs742834458-290-"
2026-09-17 11:23:25,834{GMT}	INFO	[jepsen worker 0] jepsen.print: 0	:invoke	:watch-session	{:key "/jepsen/watch/s742834458", :start-revision :last, :prev-kv? false, :window-ms 2000, :max-events 10000, :resumes 2}
2026-09-17 11:23:26,034{GMT}	INFO	[jepsen worker 3] jepsen.print: 3	:invoke	:watch-session	{:key "/jepsen/watch/s742834458", :start-revision :last, :prev-kv? true, :window-ms 2000, :max-events 10000, :resumes 2}
2026-09-17 11:23:26,235{GMT}	INFO	[jepsen worker 4] jepsen.print: 4	:invoke	:watch-session	{:key "/jepsen/watch/s742834458", :start-revision 0, :prev-kv? false, :window-ms 2000, :max-events 10000, :resumes 2}
2026-09-17 11:23:26,434{GMT}	INFO	[jepsen worker 1] jepsen.print: 6	:ok	:watch-session	{:key "/jepsen/watch/s742834458", :start-revision :last, :prev-kv? true, :window-ms 2000, :max-events 10000, :resumes 2}
2026-09-17 11:23:26,435{GMT}	INFO	[jepsen worker 1] jepsen.print: 6	:invoke	:watch-session	{:key "/jepsen/watch/s742834458", :start-revision :last, :prev-kv? true, :window-ms 2000, :max-events 10000, :resumes 2}
2026-09-17 11:23:27,035{GMT}	INFO	[jepsen worker 2] jepsen.print: 7	:ok	:watch-session	{:key "/jepsen/watch/s742834458", :start-revision :last, :prev-kv? false, :window-ms 2000, :max-events 10000, :resumes 2}
2026-09-17 11:23:27,035{GMT}	INFO	[jepsen worker 2] jepsen.print: 7	:invoke	:write	"vs742834458-295-"
2026-09-17 11:23:27,063{GMT}	INFO	[jepsen worker 2] jepsen.print: 7	:ok	:write	"vs742834458-295-"
2026-09-17 11:23:27,235{GMT}	INFO	[jepsen worker 2] jepsen.print: 7	:invoke	:write	"vs742834458-296-"
2026-09-17 11:23:27,262{GMT}	INFO	[jepsen worker 2] jepsen.print: 7	:ok	:write	"vs742834458-296-"
2026-09-17 11:23:27,435{GMT}	INFO	[jepsen worker 2] jepsen.print: 7	:invoke	:write	"vs742834458-297-"
2026-09-17 11:23:27,460{GMT}	INFO	[jepsen worker 2] jepsen.print: 7	:ok	:write	"vs742834458-297-"
2026-09-17 11:23:27,636{GMT}	INFO	[jepsen worker 2] jepsen.print: 7	:invoke	:write	"vs742834458-294-"
2026-09-17 11:23:27,663{GMT}	INFO	[jepsen worker 2] jepsen.print: 7	:ok	:write	"vs742834458-294-"
2026-09-17 11:23:27,835{GMT}	INFO	[jepsen worker 0] jepsen.print: 0	:ok	:watch-session	{:key "/jepsen/watch/s742834458", :start-revision :last, :prev-kv? false, :window-ms 2000, :max-events 10000, :resumes 2}
2026-09-17 11:23:27,836{GMT}	INFO	[jepsen worker 2] jepsen.print: 7	:invoke	:write	"vs742834458-299-"
2026-09-17 11:23:27,862{GMT}	INFO	[jepsen worker 2] jepsen.print: 7	:ok	:write	"vs742834458-299-"
2026-09-17 11:23:27,891{GMT}	INFO	[jepsen worker nemesis] jepsen.print: :nemesis	:info	:stop	nil
2026-09-17 11:23:27,948{GMT}	INFO	[jepsen node n3] jepsen.coord.db: Restarting coord on n3
2026-09-17 11:23:27,948{GMT}	INFO	[jepsen node n3] jepsen.control.util: Starting coord
2026-09-17 11:23:28,036{GMT}	INFO	[jepsen worker 3] jepsen.print: 3	:ok	:watch-session	{:key "/jepsen/watch/s742834458", :start-revision :last, :prev-kv? true, :window-ms 2000, :max-events 10000, :resumes 2}
2026-09-17 11:23:28,036{GMT}	INFO	[jepsen worker 0] jepsen.print: 0	:invoke	:write	"vs742834458-298-"
2026-09-17 11:23:28,059{GMT}	INFO	[jepsen worker 0] jepsen.print: 0	:ok	:write	"vs742834458-298-"
2026-09-17 11:23:28,075{GMT}	INFO	[jepsen node n3] jepsen.coord.db: Waiting for coord on n3 to be ready
2026-09-17 11:23:28,235{GMT}	INFO	[jepsen worker 4] jepsen.print: 4	:ok	:watch-session	{:key "/jepsen/watch/s742834458", :start-revision 0, :prev-kv? false, :window-ms 2000, :max-events 10000, :resumes 2}
2026-09-17 11:23:28,236{GMT}	INFO	[jepsen worker 4] jepsen.print: 4	:invoke	:watch-session	{:key "/jepsen/watch/s742834458", :start-revision 0, :prev-kv? false, :window-ms 2000, :max-events 10000, :resumes 2}
2026-09-17 11:23:28,435{GMT}	INFO	[jepsen worker 1] jepsen.print: 6	:ok	:watch-session	{:key "/jepsen/watch/s742834458", :start-revision :last, :prev-kv? true, :window-ms 2000, :max-events 10000, :resumes 2}
2026-09-17 11:23:28,436{GMT}	INFO	[jepsen worker 0] jepsen.print: 0	:invoke	:watch-session	{:key "/jepsen/watch/s742834458", :start-revision 0, :prev-kv? false, :window-ms 2000, :max-events 10000, :resumes 2}
2026-09-17 11:23:28,636{GMT}	INFO	[jepsen worker 1] jepsen.print: 6	:invoke	:write	"vs742834458-301-"
2026-09-17 11:23:28,691{GMT}	INFO	[jepsen worker 1] jepsen.print: 6	:ok	:write	"vs742834458-301-"
2026-09-17 11:23:28,837{GMT}	INFO	[jepsen worker 1] jepsen.print: 6	:invoke	:write	"vs742834458-304-"
2026-09-17 11:23:28,874{GMT}	INFO	[jepsen worker 1] jepsen.print: 6	:ok	:write	"vs742834458-304-"
2026-09-17 11:23:29,037{GMT}	INFO	[jepsen worker 2] jepsen.print: 7	:invoke	:write	"vs742834458-307-"
2026-09-17 11:23:29,067{GMT}	INFO	[jepsen worker 2] jepsen.print: 7	:ok	:write	"vs742834458-307-"
2026-09-17 11:23:29,088{GMT}	INFO	[jepsen node n3] jepsen.coord.db: coord n3 is ready
2026-09-17 11:23:29,088{GMT}	INFO	[jepsen worker nemesis] jepsen.print: :nemesis	:info	:stop	{"n3" [:restarted "n3"]}
2026-09-17 11:23:29,237{GMT}	INFO	[jepsen worker 1] jepsen.print: 6	:invoke	:watch-session	{:key "/jepsen/watch/s742834458", :start-revision :last, :prev-kv? false, :window-ms 2000, :max-events 10000, :resumes 2}
2026-09-17 11:23:29,437{GMT}	INFO	[jepsen worker 2] jepsen.print: 7	:invoke	:watch-session	{:key "/jepsen/watch/s742834458", :start-revision 0, :prev-kv? false, :window-ms 2000, :max-events 10000, :resumes 2}
2026-09-17 11:23:29,637{GMT}	INFO	[jepsen worker 3] jepsen.print: 3	:invoke	:write	"vs742834458-309-"
2026-09-17 11:23:29,668{GMT}	INFO	[jepsen worker 3] jepsen.print: 3	:ok	:write	"vs742834458-309-"
2026-09-17 11:23:29,837{GMT}	INFO	[jepsen worker 3] jepsen.print: 3	:invoke	:write	"vs742834458-310-"
2026-09-17 11:23:29,871{GMT}	INFO	[jepsen worker 3] jepsen.print: 3	:ok	:write	"vs742834458-310-"
2026-09-17 11:23:30,037{GMT}	INFO	[jepsen worker 3] jepsen.print: 3	:invoke	:watch-session	{:key "/jepsen/watch/s742834458", :start-revision 0, :prev-kv? true, :window-ms 2000, :max-events 10000, :resumes 2}
2026-09-17 11:23:30,237{GMT}	INFO	[jepsen worker 4] jepsen.print: 4	:ok	:watch-session	{:key "/jepsen/watch/s742834458", :start-revision 0, :prev-kv? false, :window-ms 2000, :max-events 10000, :resumes 2}
2026-09-17 11:23:30,237{GMT}	INFO	[jepsen worker 4] jepsen.print: 4	:invoke	:watch-session	{:key "/jepsen/watch/s742834458", :start-revision 0, :prev-kv? true, :window-ms 2000, :max-events 10000, :resumes 2}
2026-09-17 11:23:30,437{GMT}	INFO	[jepsen worker 0] jepsen.print: 0	:ok	:watch-session	{:key "/jepsen/watch/s742834458", :start-revision 0, :prev-kv? false, :window-ms 2000, :max-events 10000, :resumes 2}
2026-09-17 11:23:30,437{GMT}	INFO	[jepsen worker 0] jepsen.print: 0	:invoke	:write	"vs742834458-311-"
2026-09-17 11:23:30,466{GMT}	INFO	[jepsen worker 0] jepsen.print: 0	:ok	:write	"vs742834458-311-"
2026-09-17 11:23:30,638{GMT}	INFO	[jepsen worker 0] jepsen.print: 0	:invoke	:write	"vs742834458-313-"
2026-09-17 11:23:30,672{GMT}	INFO	[jepsen worker 0] jepsen.print: 0	:ok	:write	"vs742834458-313-"
2026-09-17 11:23:30,838{GMT}	INFO	[jepsen worker 0] jepsen.print: 0	:invoke	:write	"vs742834458-312-"
2026-09-17 11:23:30,867{GMT}	INFO	[jepsen worker 0] jepsen.print: 0	:ok	:write	"vs742834458-312-"
2026-09-17 11:23:31,038{GMT}	INFO	[jepsen worker 0] jepsen.print: 0	:invoke	:write	"vs742834458-315-"
2026-09-17 11:23:31,067{GMT}	INFO	[jepsen worker 0] jepsen.print: 0	:ok	:write	"vs742834458-315-"
2026-09-17 11:23:31,238{GMT}	INFO	[jepsen worker 1] jepsen.print: 6	:ok	:watch-session	{:key "/jepsen/watch/s742834458", :start-revision :last, :prev-kv? false, :window-ms 2000, :max-events 10000, :resumes 2}
2026-09-17 11:23:31,238{GMT}	INFO	[jepsen worker 0] jepsen.print: 0	:invoke	:watch-session	{:key "/jepsen/watch/s742834458", :start-revision :last, :prev-kv? true, :window-ms 2000, :max-events 10000, :resumes 2}
2026-09-17 11:23:31,438{GMT}	INFO	[jepsen worker 2] jepsen.print: 7	:ok	:watch-session	{:key "/jepsen/watch/s742834458", :start-revision 0, :prev-kv? false, :window-ms 2000, :max-events 10000, :resumes 2}
2026-09-17 11:23:31,440{GMT}	INFO	[jepsen worker 1] jepsen.print: 6	:invoke	:watch-session	{:key "/jepsen/watch/s742834458", :start-revision :last, :prev-kv? true, :window-ms 2000, :max-events 10000, :resumes 2}
2026-09-17 11:23:31,639{GMT}	INFO	[jepsen worker 2] jepsen.print: 7	:invoke	:watch-session	{:key "/jepsen/watch/s742834458", :start-revision :last, :prev-kv? false, :window-ms 2000, :max-events 10000, :resumes 2}
2026-09-17 11:23:32,039{GMT}	INFO	[jepsen worker 3] jepsen.print: 3	:ok	:watch-session	{:key "/jepsen/watch/s742834458", :start-revision 0, :prev-kv? true, :window-ms 2000, :max-events 10000, :resumes 2}
2026-09-17 11:23:32,039{GMT}	INFO	[jepsen worker 3] jepsen.print: 3	:invoke	:write	"vs742834458-314-"
2026-09-17 11:23:32,070{GMT}	INFO	[jepsen worker 3] jepsen.print: 3	:ok	:write	"vs742834458-314-"
2026-09-17 11:23:32,238{GMT}	INFO	[jepsen worker 4] jepsen.print: 4	:ok	:watch-session	{:key "/jepsen/watch/s742834458", :start-revision 0, :prev-kv? true, :window-ms 2000, :max-events 10000, :resumes 2}
2026-09-17 11:23:32,239{GMT}	INFO	[jepsen worker 3] jepsen.print: 3	:invoke	:write	"vs742834458-316-"
2026-09-17 11:23:32,269{GMT}	INFO	[jepsen worker 3] jepsen.print: 3	:ok	:write	"vs742834458-316-"
2026-09-17 11:23:32,439{GMT}	INFO	[jepsen worker 3] jepsen.print: 3	:invoke	:watch-session	{:key "/jepsen/watch/s742834458", :start-revision :last, :prev-kv? false, :window-ms 2000, :max-events 10000, :resumes 2}
2026-09-17 11:23:32,639{GMT}	INFO	[jepsen worker 4] jepsen.print: 4	:invoke	:watch-session	{:key "/jepsen/watch/s742834458", :start-revision 0, :prev-kv? false, :window-ms 2000, :max-events 10000, :resumes 2}
2026-09-17 11:23:33,238{GMT}	INFO	[jepsen worker 0] jepsen.print: 0	:ok	:watch-session	{:key "/jepsen/watch/s742834458", :start-revision :last, :prev-kv? true, :window-ms 2000, :max-events 10000, :resumes 2}
2026-09-17 11:23:33,238{GMT}	INFO	[jepsen worker 0] jepsen.print: 0	:invoke	:write	"vs742834458-317-"
2026-09-17 11:23:33,267{GMT}	INFO	[jepsen worker 0] jepsen.print: 0	:ok	:write	"vs742834458-317-"
2026-09-17 11:23:33,439{GMT}	INFO	[jepsen worker 0] jepsen.print: 0	:invoke	:watch-session	{:key "/jepsen/watch/s742834458", :start-revision 0, :prev-kv? false, :window-ms 2000, :max-events 10000, :resumes 2}
2026-09-17 11:23:33,442{GMT}	INFO	[jepsen worker 1] jepsen.print: 6	:ok	:watch-session	{:key "/jepsen/watch/s742834458", :start-revision :last, :prev-kv? true, :window-ms 2000, :max-events 10000, :resumes 2}
2026-09-17 11:23:33,639{GMT}	INFO	[jepsen worker 1] jepsen.print: 6	:invoke	:watch-session	{:key "/jepsen/watch/s742834458", :start-revision :last, :prev-kv? false, :window-ms 2000, :max-events 10000, :resumes 2}
2026-09-17 11:23:33,641{GMT}	INFO	[jepsen worker 2] jepsen.print: 7	:ok	:watch-session	{:key "/jepsen/watch/s742834458", :start-revision :last, :prev-kv? false, :window-ms 2000, :max-events 10000, :resumes 2}
2026-09-17 11:23:33,839{GMT}	INFO	[jepsen worker 2] jepsen.print: 7	:invoke	:watch-session	{:key "/jepsen/watch/s742834458", :start-revision :last, :prev-kv? false, :window-ms 2000, :max-events 10000, :resumes 2}
2026-09-17 11:23:34,440{GMT}	INFO	[jepsen worker 3] jepsen.print: 3	:ok	:watch-session	{:key "/jepsen/watch/s742834458", :start-revision :last, :prev-kv? false, :window-ms 2000, :max-events 10000, :resumes 2}
2026-09-17 11:23:34,440{GMT}	INFO	[jepsen worker 3] jepsen.print: 3	:invoke	:write	"vs742834458-319-"
2026-09-17 11:23:34,470{GMT}	INFO	[jepsen worker 3] jepsen.print: 3	:ok	:write	"vs742834458-319-"
2026-09-17 11:23:34,640{GMT}	INFO	[jepsen worker 3] jepsen.print: 3	:invoke	:watch-session	{:key "/jepsen/watch/s742834458", :start-revision 0, :prev-kv? true, :window-ms 2000, :max-events 10000, :resumes 2}
2026-09-17 11:23:34,640{GMT}	INFO	[jepsen worker 4] jepsen.print: 4	:ok	:watch-session	{:key "/jepsen/watch/s742834458", :start-revision 0, :prev-kv? false, :window-ms 2000, :max-events 10000, :resumes 2}
2026-09-17 11:23:34,841{GMT}	INFO	[jepsen worker 4] jepsen.print: 4	:invoke	:watch-session	{:key "/jepsen/watch/s742834458", :start-revision :last, :prev-kv? true, :window-ms 2000, :max-events 10000, :resumes 2}
2026-09-17 11:23:35,440{GMT}	INFO	[jepsen worker 0] jepsen.print: 0	:ok	:watch-session	{:key "/jepsen/watch/s742834458", :start-revision 0, :prev-kv? false, :window-ms 2000, :max-events 10000, :resumes 2}
2026-09-17 11:23:35,440{GMT}	INFO	[jepsen worker 0] jepsen.print: 0	:invoke	:write	"vs742834458-318-"
2026-09-17 11:23:35,478{GMT}	INFO	[jepsen worker 0] jepsen.print: 0	:ok	:write	"vs742834458-318-"
2026-09-17 11:23:35,640{GMT}	INFO	[jepsen worker 1] jepsen.print: 6	:ok	:watch-session	{:key "/jepsen/watch/s742834458", :start-revision :last, :prev-kv? false, :window-ms 2000, :max-events 10000, :resumes 2}
2026-09-17 11:23:35,640{GMT}	INFO	[jepsen worker 0] jepsen.print: 0	:invoke	:write	"vs742834458-320-"
2026-09-17 11:23:35,673{GMT}	INFO	[jepsen worker 0] jepsen.print: 0	:ok	:write	"vs742834458-320-"
2026-09-17 11:23:35,840{GMT}	INFO	[jepsen worker 2] jepsen.print: 7	:ok	:watch-session	{:key "/jepsen/watch/s742834458", :start-revision :last, :prev-kv? false, :window-ms 2000, :max-events 10000, :resumes 2}
2026-09-17 11:23:35,841{GMT}	INFO	[jepsen worker 0] jepsen.print: 0	:invoke	:write	"vs742834458-324-"
2026-09-17 11:23:35,875{GMT}	INFO	[jepsen worker 0] jepsen.print: 0	:ok	:write	"vs742834458-324-"
2026-09-17 11:23:36,041{GMT}	INFO	[jepsen worker 1] jepsen.print: 6	:invoke	:write	"vs742834458-327-"
2026-09-17 11:23:36,072{GMT}	INFO	[jepsen worker 1] jepsen.print: 6	:ok	:write	"vs742834458-327-"
2026-09-17 11:23:36,241{GMT}	INFO	[jepsen worker 2] jepsen.print: 7	:invoke	:watch-session	{:key "/jepsen/watch/s742834458", :start-revision 0, :prev-kv? false, :window-ms 2000, :max-events 10000, :resumes 2}
2026-09-17 11:23:36,294{GMT}	INFO	[jepsen worker nemesis] jepsen.print: :nemesis	:info	:start	nil
2026-09-17 11:23:36,319{GMT}	INFO	[jepsen worker nemesis] jepsen.print: :nemesis	:info	:start	{"n2" [:killed "n2"]}
2026-09-17 11:23:36,441{GMT}	INFO	[jepsen worker 0] jepsen.print: 0	:invoke	:write	"vs742834458-333-"
2026-09-17 11:23:36,466{GMT}	INFO	[jepsen worker 0] jepsen.print: 0	:ok	:write	"vs742834458-333-"
2026-09-17 11:23:36,641{GMT}	INFO	[jepsen worker 0] jepsen.print: 0	:invoke	:write	"vs742834458-321-"
2026-09-17 11:23:36,641{GMT}	INFO	[jepsen worker 3] jepsen.print: 3	:ok	:watch-session	{:key "/jepsen/watch/s742834458", :start-revision 0, :prev-kv? true, :window-ms 2000, :max-events 10000, :resumes 2}
2026-09-17 11:23:36,662{GMT}	INFO	[jepsen worker 0] jepsen.print: 0	:ok	:write	"vs742834458-321-"
2026-09-17 11:23:36,841{GMT}	INFO	[jepsen worker 1] jepsen.print: 6	:invoke	:watch-session	{:key "/jepsen/watch/s742834458", :start-revision :last, :prev-kv? false, :window-ms 2000, :max-events 10000, :resumes 2}
2026-09-17 11:23:36,842{GMT}	INFO	[jepsen worker 4] jepsen.print: 4	:ok	:watch-session	{:key "/jepsen/watch/s742834458", :start-revision :last, :prev-kv? true, :window-ms 2000, :max-events 10000, :resumes 2}
2026-09-17 11:23:37,042{GMT}	INFO	[jepsen worker 3] jepsen.print: 3	:invoke	:write	"vs742834458-336-"
2026-09-17 11:23:37,069{GMT}	INFO	[jepsen worker 3] jepsen.print: 3	:ok	:write	"vs742834458-336-"
2026-09-17 11:23:37,242{GMT}	INFO	[jepsen worker 3] jepsen.print: 3	:invoke	:watch-session	{:key "/jepsen/watch/s742834458", :start-revision :last, :prev-kv? false, :window-ms 2000, :max-events 10000, :resumes 2}
2026-09-17 11:23:37,442{GMT}	INFO	[jepsen worker 4] jepsen.print: 4	:invoke	:watch-session	{:key "/jepsen/watch/s742834458", :start-revision 0, :prev-kv? true, :window-ms 2000, :max-events 10000, :resumes 2}
2026-09-17 11:23:37,642{GMT}	INFO	[jepsen worker 0] jepsen.print: 0	:invoke	:watch-session	{:key "/jepsen/watch/s742834458", :start-revision :last, :prev-kv? false, :window-ms 2000, :max-events 10000, :resumes 2}
2026-09-17 11:23:38,242{GMT}	INFO	[jepsen worker 2] jepsen.print: 7	:ok	:watch-session	{:key "/jepsen/watch/s742834458", :start-revision 0, :prev-kv? false, :window-ms 2000, :max-events 10000, :resumes 2}
2026-09-17 11:23:38,242{GMT}	INFO	[jepsen worker 2] jepsen.print: 7	:invoke	:watch-session	{:key "/jepsen/watch/s742834458", :start-revision :last, :prev-kv? true, :window-ms 2000, :max-events 10000, :resumes 2}
2026-09-17 11:23:38,843{GMT}	INFO	[jepsen worker 1] jepsen.print: 6	:ok	:watch-session	{:key "/jepsen/watch/s742834458", :start-revision :last, :prev-kv? false, :window-ms 2000, :max-events 10000, :resumes 2}
2026-09-17 11:23:38,843{GMT}	INFO	[jepsen worker 1] jepsen.print: 6	:invoke	:write	"vs742834458-338-"
2026-09-17 11:23:38,868{GMT}	INFO	[jepsen worker 1] jepsen.print: 6	:ok	:write	"vs742834458-338-"
2026-09-17 11:23:39,043{GMT}	INFO	[jepsen worker 1] jepsen.print: 6	:invoke	:watch-session	{:key "/jepsen/watch/s742834458", :start-revision :last, :prev-kv? false, :window-ms 2000, :max-events 10000, :resumes 2}
2026-09-17 11:23:39,242{GMT}	INFO	[jepsen worker 3] jepsen.print: 3	:ok	:watch-session	{:key "/jepsen/watch/s742834458", :start-revision :last, :prev-kv? false, :window-ms 2000, :max-events 10000, :resumes 2}
2026-09-17 11:23:39,243{GMT}	INFO	[jepsen worker 3] jepsen.print: 3	:invoke	:write	"vs742834458-337-"
2026-09-17 11:23:39,270{GMT}	INFO	[jepsen worker 3] jepsen.print: 3	:ok	:write	"vs742834458-337-"
2026-09-17 11:23:39,443{GMT}	INFO	[jepsen worker 4] jepsen.print: 4	:ok	:watch-session	{:key "/jepsen/watch/s742834458", :start-revision 0, :prev-kv? true, :window-ms 2000, :max-events 10000, :resumes 2}
2026-09-17 11:23:39,443{GMT}	INFO	[jepsen worker 4] jepsen.print: 4	:invoke	:watch-session	{:key "/jepsen/watch/s742834458", :start-revision 0, :prev-kv? false, :window-ms 2000, :max-events 10000, :resumes 2}
2026-09-17 11:23:39,643{GMT}	INFO	[jepsen worker 0] jepsen.print: 0	:ok	:watch-session	{:key "/jepsen/watch/s742834458", :start-revision :last, :prev-kv? false, :window-ms 2000, :max-events 10000, :resumes 2}
2026-09-17 11:23:39,643{GMT}	INFO	[jepsen worker 0] jepsen.print: 0	:invoke	:write	"vs742834458-340-"
2026-09-17 11:23:39,672{GMT}	INFO	[jepsen worker 0] jepsen.print: 0	:ok	:write	"vs742834458-340-"
2026-09-17 11:23:39,844{GMT}	INFO	[jepsen worker 0] jepsen.print: 0	:invoke	:watch-session	{:key "/jepsen/watch/s742834458", :start-revision 0, :prev-kv? false, :window-ms 2000, :max-events 10000, :resumes 2}
2026-09-17 11:23:40,044{GMT}	INFO	[jepsen worker 3] jepsen.print: 3	:invoke	:watch-session	{:key "/jepsen/watch/s742834458", :start-revision 0, :prev-kv? false, :window-ms 2000, :max-events 10000, :resumes 2}
2026-09-17 11:23:40,242{GMT}	INFO	[jepsen worker 2] jepsen.print: 7	:ok	:watch-session	{:key "/jepsen/watch/s742834458", :start-revision :last, :prev-kv? true, :window-ms 2000, :max-events 10000, :resumes 2}
2026-09-17 11:23:40,244{GMT}	INFO	[jepsen worker 2] jepsen.print: 7	:invoke	:watch-session	{:key "/jepsen/watch/s742834458", :start-revision 0, :prev-kv? false, :window-ms 2000, :max-events 10000, :resumes 2}
2026-09-17 11:23:41,044{GMT}	INFO	[jepsen worker 1] jepsen.print: 6	:ok	:watch-session	{:key "/jepsen/watch/s742834458", :start-revision :last, :prev-kv? false, :window-ms 2000, :max-events 10000, :resumes 2}
2026-09-17 11:23:41,044{GMT}	INFO	[jepsen worker 1] jepsen.print: 6	:invoke	:write	"vs742834458-341-"
2026-09-17 11:23:41,070{GMT}	INFO	[jepsen worker 1] jepsen.print: 6	:ok	:write	"vs742834458-341-"
2026-09-17 11:23:41,244{GMT}	INFO	[jepsen worker 1] jepsen.print: 6	:invoke	:write	"vs742834458-339-"
2026-09-17 11:23:41,271{GMT}	INFO	[jepsen worker 1] jepsen.print: 6	:ok	:write	"vs742834458-339-"
2026-09-17 11:23:41,444{GMT}	INFO	[jepsen worker 1] jepsen.print: 6	:invoke	:watch-session	{:key "/jepsen/watch/s742834458", :start-revision 0, :prev-kv? false, :window-ms 2000, :max-events 10000, :resumes 2}
2026-09-17 11:23:41,444{GMT}	INFO	[jepsen worker 4] jepsen.print: 4	:ok	:watch-session	{:key "/jepsen/watch/s742834458", :start-revision 0, :prev-kv? false, :window-ms 2000, :max-events 10000, :resumes 2}
2026-09-17 11:23:41,644{GMT}	INFO	[jepsen worker 4] jepsen.print: 4	:invoke	:watch-session	{:key "/jepsen/watch/s742834458", :start-revision :last, :prev-kv? false, :window-ms 2000, :max-events 10000, :resumes 2}
2026-09-17 11:23:41,845{GMT}	INFO	[jepsen worker 0] jepsen.print: 0	:ok	:watch-session	{:key "/jepsen/watch/s742834458", :start-revision 0, :prev-kv? false, :window-ms 2000, :max-events 10000, :resumes 2}
2026-09-17 11:23:41,845{GMT}	INFO	[jepsen worker 0] jepsen.print: 0	:invoke	:watch-session	{:key "/jepsen/watch/s742834458", :start-revision :last, :prev-kv? false, :window-ms 2000, :max-events 10000, :resumes 2}
2026-09-17 11:23:42,045{GMT}	INFO	[jepsen worker 3] jepsen.print: 3	:ok	:watch-session	{:key "/jepsen/watch/s742834458", :start-revision 0, :prev-kv? false, :window-ms 2000, :max-events 10000, :resumes 2}
2026-09-17 11:23:42,045{GMT}	INFO	[jepsen worker 3] jepsen.print: 3	:invoke	:watch-session	{:key "/jepsen/watch/s742834458", :start-revision :last, :prev-kv? true, :window-ms 2000, :max-events 10000, :resumes 2}
2026-09-17 11:23:42,142{GMT}	INFO	[jepsen worker nemesis] jepsen.print: :nemesis	:info	:stop	nil
2026-09-17 11:23:42,175{GMT}	INFO	[jepsen node n2] jepsen.coord.db: Restarting coord on n2
2026-09-17 11:23:42,175{GMT}	INFO	[jepsen node n2] jepsen.control.util: Starting coord
2026-09-17 11:23:42,245{GMT}	INFO	[jepsen worker 2] jepsen.print: 7	:ok	:watch-session	{:key "/jepsen/watch/s742834458", :start-revision 0, :prev-kv? false, :window-ms 2000, :max-events 10000, :resumes 2}
2026-09-17 11:23:42,245{GMT}	INFO	[jepsen worker 2] jepsen.print: 7	:invoke	:write	"vs742834458-342-"
2026-09-17 11:23:42,271{GMT}	INFO	[jepsen worker 2] jepsen.print: 7	:ok	:write	"vs742834458-342-"
2026-09-17 11:23:42,287{GMT}	INFO	[jepsen node n2] jepsen.coord.db: Waiting for coord on n2 to be ready
2026-09-17 11:23:42,446{GMT}	INFO	[jepsen worker 2] jepsen.print: 7	:invoke	:watch-session	{:key "/jepsen/watch/s742834458", :start-revision :last, :prev-kv? true, :window-ms 2000, :max-events 10000, :resumes 2}
2026-09-17 11:23:43,297{GMT}	INFO	[jepsen node n2] jepsen.coord.db: coord n2 is ready
2026-09-17 11:23:43,298{GMT}	INFO	[jepsen worker nemesis] jepsen.print: :nemesis	:info	:stop	{"n2" [:restarted "n2"]}
2026-09-17 11:23:43,445{GMT}	INFO	[jepsen worker 1] jepsen.print: 6	:ok	:watch-session	{:key "/jepsen/watch/s742834458", :start-revision 0, :prev-kv? false, :window-ms 2000, :max-events 10000, :resumes 2}
2026-09-17 11:23:43,445{GMT}	INFO	[jepsen worker 1] jepsen.print: 6	:invoke	:write	"vs742834458-343-"
2026-09-17 11:23:43,478{GMT}	INFO	[jepsen worker 1] jepsen.print: 6	:ok	:write	"vs742834458-343-"
2026-09-17 11:23:43,645{GMT}	INFO	[jepsen worker 4] jepsen.print: 4	:ok	:watch-session	{:key "/jepsen/watch/s742834458", :start-revision :last, :prev-kv? false, :window-ms 2000, :max-events 10000, :resumes 2}
2026-09-17 11:23:43,645{GMT}	INFO	[jepsen worker 4] jepsen.print: 4	:invoke	:watch-session	{:key "/jepsen/watch/s742834458", :start-revision :last, :prev-kv? false, :window-ms 2000, :max-events 10000, :resumes 2}
2026-09-17 11:23:43,845{GMT}	INFO	[jepsen worker 0] jepsen.print: 0	:ok	:watch-session	{:key "/jepsen/watch/s742834458", :start-revision :last, :prev-kv? false, :window-ms 2000, :max-events 10000, :resumes 2}
2026-09-17 11:23:43,845{GMT}	INFO	[jepsen worker 0] jepsen.print: 0	:invoke	:write	"vs742834458-345-"
2026-09-17 11:23:43,878{GMT}	INFO	[jepsen worker 0] jepsen.print: 0	:ok	:write	"vs742834458-345-"
2026-09-17 11:23:44,046{GMT}	INFO	[jepsen worker 0] jepsen.print: 0	:invoke	:write	"vs742834458-348-"
2026-09-17 11:23:44,046{GMT}	INFO	[jepsen worker 3] jepsen.print: 3	:ok	:watch-session	{:key "/jepsen/watch/s742834458", :start-revision :last, :prev-kv? true, :window-ms 2000, :max-events 10000, :resumes 2}
2026-09-17 11:23:44,080{GMT}	INFO	[jepsen worker 0] jepsen.print: 0	:ok	:write	"vs742834458-348-"
2026-09-17 11:23:44,246{GMT}	INFO	[jepsen worker 0] jepsen.print: 0	:invoke	:watch-session	{:key "/jepsen/watch/s742834458", :start-revision :last, :prev-kv? true, :window-ms 2000, :max-events 10000, :resumes 2}
2026-09-17 11:23:44,446{GMT}	INFO	[jepsen worker 1] jepsen.print: 6	:invoke	:watch-session	{:key "/jepsen/watch/s742834458", :start-revision 0, :prev-kv? true, :window-ms 2000, :max-events 10000, :resumes 2}
2026-09-17 11:23:44,446{GMT}	INFO	[jepsen worker 2] jepsen.print: 7	:ok	:watch-session	{:key "/jepsen/watch/s742834458", :start-revision :last, :prev-kv? true, :window-ms 2000, :max-events 10000, :resumes 2}
2026-09-17 11:23:44,646{GMT}	INFO	[jepsen worker 2] jepsen.print: 7	:invoke	:watch-session	{:key "/jepsen/watch/s742834458", :start-revision 0, :prev-kv? false, :window-ms 2000, :max-events 10000, :resumes 2}
2026-09-17 11:23:45,646{GMT}	INFO	[jepsen worker 4] jepsen.print: 4	:ok	:watch-session	{:key "/jepsen/watch/s742834458", :start-revision :last, :prev-kv? false, :window-ms 2000, :max-events 10000, :resumes 2}
2026-09-17 11:23:46,248{GMT}	INFO	[jepsen worker 0] jepsen.print: 0	:ok	:watch-session	{:key "/jepsen/watch/s742834458", :start-revision :last, :prev-kv? true, :window-ms 2000, :max-events 10000, :resumes 2}
2026-09-17 11:23:46,447{GMT}	INFO	[jepsen worker 1] jepsen.print: 6	:ok	:watch-session	{:key "/jepsen/watch/s742834458", :start-revision 0, :prev-kv? true, :window-ms 2000, :max-events 10000, :resumes 2}
2026-09-17 11:23:46,647{GMT}	INFO	[jepsen worker 2] jepsen.print: 7	:ok	:watch-session	{:key "/jepsen/watch/s742834458", :start-revision 0, :prev-kv? false, :window-ms 2000, :max-events 10000, :resumes 2}
2026-09-17 11:23:48,436{GMT}	INFO	[jepsen worker nemesis] jepsen.print: :nemesis	:info	:stop	nil
2026-09-17 11:23:48,436{GMT}	INFO	[jepsen worker nemesis] jepsen.print: :nemesis	:info	:stop	:not-started
2026-09-17 11:23:48,436{GMT}	INFO	[jepsen worker 3] jepsen.generator.interpreter: recovery: letting cluster converge
2026-09-17 11:24:18,454{GMT}	INFO	[jepsen node n2] jepsen.coord.client: Opening coord client on n2
2026-09-17 11:24:18,454{GMT}	INFO	[jepsen node n3] jepsen.coord.client: Opening coord client on n3
2026-09-17 11:24:18,454{GMT}	INFO	[jepsen node n1] jepsen.coord.client: Opening coord client on n1
2026-09-17 11:24:18,685{GMT}	INFO	[jepsen test runner] jepsen.core: Run complete, writing
2026-09-17 11:24:18,793{GMT}	INFO	[jepsen test runner] jepsen.core: Snarfing log files
2026-09-17 11:24:18,794{GMT}	INFO	[jepsen node n2] jepsen.coord.db: Killing coord on n2
2026-09-17 11:24:18,794{GMT}	INFO	[jepsen node n1] jepsen.coord.db: Killing coord on n1
2026-09-17 11:24:18,795{GMT}	INFO	[jepsen node n3] jepsen.coord.db: Killing coord on n3
2026-09-17 11:24:18,853{GMT}	INFO	[jepsen node n3] jepsen.core: downloading /var/log/coord.log to coord.log
2026-09-17 11:24:18,854{GMT}	INFO	[jepsen node n2] jepsen.core: downloading /var/log/coord.log to coord.log
2026-09-17 11:24:18,859{GMT}	INFO	[jepsen node n1] jepsen.core: downloading /var/log/coord.log to coord.log
2026-09-17 11:24:18,973{GMT}	INFO	[jepsen node n1] jepsen.coord.db: Tearing down coord on n1
2026-09-17 11:24:18,974{GMT}	INFO	[jepsen node n2] jepsen.coord.db: Tearing down coord on n2
2026-09-17 11:24:18,974{GMT}	INFO	[jepsen node n3] jepsen.coord.db: Tearing down coord on n3
2026-09-17 11:24:20,574{GMT}	INFO	[jepsen test runner] jepsen.core: Analyzing...
2026-09-17 11:24:20,605{GMT}	INFO	[clojure-agent-send-off-pool-0] jepsen.coord.watchck: watch checker: {:semantics :overflow-marker, :events 971, :resumes 40, :violations-by-class {:watch-event-before-start 6}, :min-events 200, :markers 0, :sessions-with-events 228, :sessions 255, :failures ({:type :watch-event-before-start, :op {:key "/jepsen/watch/s742834458", :index 396, :events [{:type :put, :revision 99, :kvs [{:key "/jepsen/watch/s742834458", :value "vs742834458-112-", :version 1, :create-revision 0, :mod-revision 99}], :prev-kv nil} {:type :put, :revision 100, :kvs [{:key "/jepsen/watch/s742834458", :value "vs742834458-114-", :version 1, :create-revision 0, :mod-revision 100}], :prev-kv nil}], :value {:key "/jepsen/watch/s742834458", :start-revision :last, :prev-kv? true, :window-ms 2000, :max-events 10000, :resumes 2}, :time 50808210546, :process 1, :type :ok, :resumes 2, :nodes ["n1"], :end-revision 100, :invoke 49492069963, :f :watch-session, :sessions [{:node "n1", :start-revision 99, :events [{:type :put, :revision 99, :kvs [{:key "/jepsen/watch/s742834458", :value "vs742834458-112-", :version 1, :create-revision 0, :mod-revision 99}], :prev-kv nil} {:type :put, :revision 100, :kvs [{:key "/jepsen/watch/s742834458", :value "vs742834458-114-", :version 1, :create-revision 0, :mod-revision 100}], :prev-kv nil}], :end-revision 100, :error "UNAVAILABLE: Network closed for unknown reason"} {:node "n1", :start-revision 101, :events [], :end-revision 101, :error "UNAVAILABLE: io exception"} {:node "n1", :start-revision 102, :events [], :end-revision 102, :error "UNAVAILABLE: io exception"}], :requested-start :last, :stream-errors [["n1" "UNAVAILABLE: Network closed for unknown reason"] ["n1" "UNAVAILABLE: io exception"] ["n1" "UNAVAILABLE: io exception"]], :start-revision 102}, :start-revision 102, :events [{:type :put, :revision 99, :kvs [{:key "/jepsen/watch/s742834458", :value "vs742834458-112-", :version 1, :create-revision 0, :mod-revision 99}], :prev-kv nil} {:type :put, :revision 100, :kvs [{:key "/jepsen/watch/s742834458", :value "vs742834458-114-", :version 1, :create-revision 0, :mod-revision 100}], :prev-kv nil}], :note "resume 会话收到了 start_revision 之前的事件（重复投递已确认段）"} {:type :watch-event-before-start, :op {:key "/jepsen/watch/s742834458", :index 397, :events [{:type :put, :revision 99, :kvs [{:key "/jepsen/watch/s742834458", :value "vs742834458-112-", :version 1, :create-revision 0, :mod-revision 99}], :prev-kv nil} {:type :put, :revision 100, :kvs [{:key "/jepsen/watch/s742834458", :value "vs742834458-114-", :version 1, :create-revision 0, :mod-revision 100}], :prev-kv nil}], :value {:key "/jepsen/watch/s742834458", :start-revision :last, :prev-kv? false, :window-ms 2000, :max-events 10000, :resumes 2}, :time 50808252128, :process 0, :type :ok, :resumes 2, :nodes ["n1"], :end-revision 100, :invoke 48891211065, :f :watch-session, :sessions [{:node "n1", :start-revision 99, :events [{:type :put, :revision 99, :kvs [{:key "/jepsen/watch/s742834458", :value "vs742834458-112-", :version 1, :create-revision 0, :mod-revision 99}], :prev-kv nil} {:type :put, :revision 100, :kvs [{:key "/jepsen/watch/s742834458", :value "vs742834458-114-", :version 1, :create-revision 0, :mod-revision 100}], :prev-kv nil}], :end-revision 100, :error "UNAVAILABLE: Network closed for unknown reason"} {:node "n1", :start-revision 101, :events [], :end-revision 101, :error "UNAVAILABLE: io exception"} {:node "n1", :start-revision 102, :events [], :end-revision 102, :error "UNAVAILABLE: io exception"}], :requested-start :last, :stream-errors [["n1" "UNAVAILABLE: Network closed for unknown reason"] ["n1" "UNAVAILABLE: io exception"] ["n1" "UNAVAILABLE: io exception"]], :start-revision 102}, :start-revision 102, :events [{:type :put, :revision 99, :kvs [{:key "/jepsen/watch/s742834458", :value "vs742834458-112-", :version 1, :create-revision 0, :mod-revision 99}], :prev-kv nil} {:type :put, :revision 100, :kvs [{:key "/jepsen/watch/s742834458", :value "vs742834458-114-", :version 1, :create-revision 0, :mod-revision 100}], :prev-kv nil}], :note "resume 会话收到了 start_revision 之前的事件（重复投递已确认段）"} {:type :watch-event-before-start, :op {:key "/jepsen/watch/s742834458", :index 398, :events [{:type :put, :revision 100, :kvs [{:key "/jepsen/watch/s742834458", :value "vs742834458-114-", :version 1, :create-revision 0, :mod-revision 100}], :prev-kv nil}], :value {:key "/jepsen/watch/s742834458", :start-revision 0, :prev-kv? true, :window-ms 2000, :max-events 10000, :resumes 2}, :time 50808259015, :process 3, :type :ok, :resumes 2, :nodes ["n1"], :end-revision 100, :invoke 49291695236, :f :watch-session, :sessions [{:node "n1", :start-revision 0, :events [{:type :put, :revision 100, :kvs [{:key "/jepsen/watch/s742834458", :value "vs742834458-114-", :version 1, :create-revision 0, :mod-revision 100}], :prev-kv nil}], :end-revision 100, :error "UNAVAILABLE: Network closed for unknown reason"} {:node "n1", :start-revision 101, :events [], :end-revision 101, :error "UNAVAILABLE: io exception"} {:node "n1", :start-revision 102, :events [], :end-revision 102, :error "UNAVAILABLE: io exception"}], :requested-start 0, :stream-errors [["n1" "UNAVAILABLE: Network closed for unknown reason"] ["n1" "UNAVAILABLE: io exception"] ["n1" "UNAVAILABLE: io exception"]], :start-revision 102}, :start-revision 102, :events [{:type :put, :revision 100, :kvs [{:key "/jepsen/watch/s742834458", :value "vs742834458-114-", :version 1, :create-revision 0, :mod-revision 100}], :prev-kv nil}], :note "resume 会话收到了 start_revision 之前的事件（重复投递已确认段）"} {:type :watch-event-before-start, :op {:key "/jepsen/watch/s742834458", :index 399, :events [{:type :put, :revision 95, :kvs [{:key "/jepsen/watch/s742834458", :value "vs742834458-109-", :version 1, :create-revision 0, :mod-revision 95}], :prev-kv nil} {:type :put, :revision 96, :kvs [{:key "/jepsen/watch/s742834458", :value "vs742834458-105-", :version 1, :create-revision 0, :mod-revision 96}], :prev-kv nil} {:type :put, :revision 97, :kvs [{:key "/jepsen/watch/s742834458", :value "vs742834458-110-", :version 1, :create-revision 0, :mod-revision 97}], :prev-kv nil} {:type :put, :revision 98, :kvs [{:key "/jepsen/watch/s742834458", :value "vs742834458-111-", :version 1, :create-revision 0, :mod-revision 98}], :prev-kv nil} {:type :put, :revision 99, :kvs [{:key "/jepsen/watch/s742834458", :value "vs742834458-112-", :version 1, :create-revision 0, :mod-revision 99}], :prev-kv nil} {:type :put, :revision 100, :kvs [{:key "/jepsen/watch/s742834458", :value "vs742834458-114-", :version 1, :create-revision 0, :mod-revision 100}], :prev-kv nil}], :value {:key "/jepsen/watch/s742834458", :start-revision :last, :prev-kv? true, :window-ms 2000, :max-events 10000, :resumes 2}, :time 50808313720, :process 2, :type :ok, :resumes 2, :nodes ["n1"], :end-revision 100, :invoke 49091379935, :f :watch-session, :sessions [{:node "n1", :start-revision 95, :events [{:type :put, :revision 95, :kvs [{:key "/jepsen/watch/s742834458", :value "vs742834458-109-", :version 1, :create-revision 0, :mod-revision 95}], :prev-kv nil} {:type :put, :revision 96, :kvs [{:key "/jepsen/watch/s742834458", :value "vs742834458-105-", :version 1, :create-revision 0, :mod-revision 96}], :prev-kv nil} {:type :put, :revision 97, :kvs [{:key "/jepsen/watch/s742834458", :value "vs742834458-110-", :version 1, :create-revision 0, :mod-revision 97}], :prev-kv nil} {:type :put, :revision 98, :kvs [{:key "/jepsen/watch/s742834458", :value "vs742834458-111-", :version 1, :create-revision 0, :mod-revision 98}], :prev-kv nil} {:type :put, :revision 99, :kvs [{:key "/jepsen/watch/s742834458", :value "vs742834458-112-", :version 1, :create-revision 0, :mod-revision 99}], :prev-kv nil} {:type :put, :revision 100, :kvs [{:key "/jepsen/watch/s742834458", :value "vs742834458-114-", :version 1, :create-revision 0, :mod-revision 100}], :prev-kv nil}], :end-revision 100, :error "UNAVAILABLE: Network closed for unknown reason"} {:node "n1", :start-revision 101, :events [], :end-revision 101, :error "UNAVAILABLE: io exception"} {:node "n1", :start-revision 102, :events [], :end-revision 102, :error "UNAVAILABLE: io exception"}], :requested-start :last, :stream-errors [["n1" "UNAVAILABLE: Network closed for unknown reason"] ["n1" "UNAVAILABLE: io exception"] ["n1" "UNAVAILABLE: io exception"]], :start-revision 102}, :start-revision 102, :events [{:type :put, :revision 95, :kvs [{:key "/jepsen/watch/s742834458", :value "vs742834458-109-", :version 1, :create-revision 0, :mod-revision 95}], :prev-kv nil} {:type :put, :revision 96, :kvs [{:key "/jepsen/watch/s742834458", :value "vs742834458-105-", :version 1, :create-revision 0, :mod-revision 96}], :prev-kv nil} {:type :put, :revision 97, :kvs [{:key "/jepsen/watch/s742834458", :value "vs742834458-110-", :version 1, :create-revision 0, :mod-revision 97}], :prev-kv nil} {:type :put, :revision 98, :kvs [{:key "/jepsen/watch/s742834458", :value "vs742834458-111-", :version 1, :create-revision 0, :mod-revision 98}], :prev-kv nil} {:type :put, :revision 99, :kvs [{:key "/jepsen/watch/s742834458", :value "vs742834458-112-", :version 1, :create-revision 0, :mod-revision 99}], :prev-kv nil} {:type :put, :revision 100, :kvs [{:key "/jepsen/watch/s742834458", :value "vs742834458-114-", :version 1, :create-revision 0, :mod-revision 100}], :prev-kv nil}], :note "resume 会话收到了 start_revision 之前的事件（重复投递已确认段）"} {:type :watch-event-before-start, :op {:key "/jepsen/watch/s742834458", :index 516, :events [{:type :put, :revision 122, :kvs [{:key "/jepsen/watch/s742834458", :value "vs742834458-142-", :version 1, :create-revision 0, :mod-revision 122}], :prev-kv nil} {:type :put, :revision 123, :kvs [{:key "/jepsen/watch/s742834458", :value "vs742834458-152-", :version 1, :create-revision 0, :mod-revision 123}], :prev-kv nil} {:type :put, :revision 124, :kvs [{:key "/jepsen/watch/s742834458", :value "vs742834458-155-", :version 1, :create-revision 0, :mod-revision 124}], :prev-kv nil}], :value {:key "/jepsen/watch/s742834458", :start-revision 0, :prev-kv? true, :window-ms 2000, :max-events 10000, :resumes 2}, :time 64231146550, :process 2, :type :ok, :resumes 2, :nodes ["n2"], :end-revision 124, :invoke 63503396886, :f :watch-session, :sessions [{:node "n2", :start-revision 0, :events [{:type :put, :revision 122, :kvs [{:key "/jepsen/watch/s742834458", :value "vs742834458-142-", :version 1, :create-revision 0, :mod-revision 122}], :prev-kv nil} {:type :put, :revision 123, :kvs [{:key "/jepsen/watch/s742834458", :value "vs742834458-152-", :version 1, :create-revision 0, :mod-revision 123}], :prev-kv nil} {:type :put, :revision 124, :kvs [{:key "/jepsen/watch/s742834458", :value "vs742834458-155-", :version 1, :create-revision 0, :mod-revision 124}], :prev-kv nil}], :end-revision 124, :error "UNAVAILABLE: Network closed for unknown reason"} {:node "n2", :start-revision 125, :events [], :end-revision 125, :error "UNAVAILABLE: io exception"} {:node "n2", :start-revision 126, :events [], :end-revision 126, :error "UNAVAILABLE: io exception"}], :requested-start 0, :stream-errors [["n2" "UNAVAILABLE: Network closed for unknown reason"] ["n2" "UNAVAILABLE: io exception"] ["n2" "UNAVAILABLE: io exception"]], :start-revision 126}, :start-revision 126, :events [{:type :put, :revision 122, :kvs [{:key "/jepsen/watch/s742834458", :value "vs742834458-142-", :version 1, :create-revision 0, :mod-revision 122}], :prev-kv nil} {:type :put, :revision 123, :kvs [{:key "/jepsen/watch/s742834458", :value "vs742834458-152-", :version 1, :create-revision 0, :mod-revision 123}], :prev-kv nil} {:type :put, :revision 124, :kvs [{:key "/jepsen/watch/s742834458", :value "vs742834458-155-", :version 1, :create-revision 0, :mod-revision 124}], :prev-kv nil}], :note "resume 会话收到了 start_revision 之前的事件（重复投递已确认段）"} {:type :watch-event-before-start, :op {:key "/jepsen/watch/s742834458", :index 517, :events [{:type :put, :revision 117, :kvs [{:key "/jepsen/watch/s742834458", :value "vs742834458-144-", :version 1, :create-revision 0, :mod-revision 117}], :prev-kv nil} {:type :put, :revision 118, :kvs [{:key "/jepsen/watch/s742834458", :value "vs742834458-145-", :version 1, :create-revision 0, :mod-revision 118}], :prev-kv nil} {:type :put, :revision 119, :kvs [{:key "/jepsen/watch/s742834458", :value "vs742834458-146-", :version 1, :create-revision 0, :mod-revision 119}], :prev-kv nil} {:type :put, :revision 120, :kvs [{:key "/jepsen/watch/s742834458", :value "vs742834458-147-", :version 1, :create-revision 0, :mod-revision 120}], :prev-kv nil} {:type :put, :revision 121, :kvs [{:key "/jepsen/watch/s742834458", :value "vs742834458-148-", :version 1, :create-revision 0, :mod-revision 121}], :prev-kv nil} {:type :put, :revision 122, :kvs [{:key "/jepsen/watch/s742834458", :value "vs742834458-142-", :version 1, :create-revision 0, :mod-revision 122}], :prev-kv nil} {:type :put, :revision 123, :kvs [{:key "/jepsen/watch/s742834458", :value "vs742834458-152-", :version 1, :create-revision 0, :mod-revision 123}], :prev-kv nil} {:type :put, :revision 124, :kvs [{:key "/jepsen/watch/s742834458", :value "vs742834458-155-", :version 1, :create-revision 0, :mod-revision 124}], :prev-kv nil}], :value {:key "/jepsen/watch/s742834458", :start-revision :last, :prev-kv? false, :window-ms 2000, :max-events 10000, :resumes 2}, :time 64231632064, :process 3, :type :ok, :resumes 2, :nodes ["n2"], :end-revision 124, :invoke 62902488733, :f :watch-session, :sessions [{:node "n2", :start-revision 117, :events [{:type :put, :revision 117, :kvs [{:key "/jepsen/watch/s742834458", :value "vs742834458-144-", :version 1, :create-revision 0, :mod-revision 117}], :prev-kv nil} {:type :put, :revision 118, :kvs [{:key "/jepsen/watch/s742834458", :value "vs742834458-145-", :version 1, :create-revision 0, :mod-revision 118}], :prev-kv nil} {:type :put, :revision 119, :kvs [{:key "/jepsen/watch/s742834458", :value "vs742834458-146-", :version 1, :create-revision 0, :mod-revision 119}], :prev-kv nil} {:type :put, :revision 120, :kvs [{:key "/jepsen/watch/s742834458", :value "vs742834458-147-", :version 1, :create-revision 0, :mod-revision 120}], :prev-kv nil} {:type :put, :revision 121, :kvs [{:key "/jepsen/watch/s742834458", :value "vs742834458-148-", :version 1, :create-revision 0, :mod-revision 121}], :prev-kv nil} {:type :put, :revision 122, :kvs [{:key "/jepsen/watch/s742834458", :value "vs742834458-142-", :version 1, :create-revision 0, :mod-revision 122}], :prev-kv nil} {:type :put, :revision 123, :kvs [{:key "/jepsen/watch/s742834458", :value "vs742834458-152-", :version 1, :create-revision 0, :mod-revision 123}], :prev-kv nil} {:type :put, :revision 124, :kvs [{:key "/jepsen/watch/s742834458", :value "vs742834458-155-", :version 1, :create-revision 0, :mod-revision 124}], :prev-kv nil}], :end-revision 124, :error "UNAVAILABLE: Network closed for unknown reason"} {:node "n2", :start-revision 125, :events [], :end-revision 125, :error "UNAVAILABLE: io exception"} {:node "n2", :start-revision 126, :events [], :end-revision 126, :error "UNAVAILABLE: io exception"}], :requested-start :last, :stream-errors [["n2" "UNAVAILABLE: Network closed for unknown reason"] ["n2" "UNAVAILABLE: io exception"] ["n2" "UNAVAILABLE: io exception"]], :start-revision 126}, :start-revision 126, :events [{:type :put, :revision 117, :kvs [{:key "/jepsen/watch/s742834458", :value "vs742834458-144-", :version 1, :create-revision 0, :mod-revision 117}], :prev-kv nil} {:type :put, :revision 118, :kvs [{:key "/jepsen/watch/s742834458", :value "vs742834458-145-", :version 1, :create-revision 0, :mod-revision 118}], :prev-kv nil} {:type :put, :revision 119, :kvs [{:key "/jepsen/watch/s742834458", :value "vs742834458-146-", :version 1, :create-revision 0, :mod-revision 119}], :prev-kv nil} {:type :put, :revision 120, :kvs [{:key "/jepsen/watch/s742834458", :value "vs742834458-147-", :version 1, :create-revision 0, :mod-revision 120}], :prev-kv nil} {:type :put, :revision 121, :kvs [{:key "/jepsen/watch/s742834458", :value "vs742834458-148-", :version 1, :create-revision 0, :mod-revision 121}], :prev-kv nil} {:type :put, :revision 122, :kvs [{:key "/jepsen/watch/s742834458", :value "vs742834458-142-", :version 1, :create-revision 0, :mod-revision 122}], :prev-kv nil} {:type :put, :revision 123, :kvs [{:key "/jepsen/watch/s742834458", :value "vs742834458-152-", :version 1, :create-revision 0, :mod-revision 123}], :prev-kv nil} {:type :put, :revision 124, :kvs [{:key "/jepsen/watch/s742834458", :value "vs742834458-155-", :version 1, :create-revision 0, :mod-revision 124}], :prev-kv nil}], :note "resume 会话收到了 start_revision 之前的事件（重复投递已确认段）"}), :writes-ok 214, :stream-errors 60}
2026-09-17 11:24:20,721{GMT}	INFO	[jepsen test runner] jepsen.core: Analysis complete
2026-09-17 11:24:20,801{GMT}	INFO	[jepsen results] jepsen.store: Wrote /opt/coord/jepsen/store/coord/2026-09-17T11:21:37.845519254Z/results.edn
2026-09-17 11:24:20,864{GMT}	INFO	[jepsen test runner] jepsen.core: {:linear {:valid? false,
          :watch {:semantics :overflow-marker,
                  :events 971,
                  :resumes 40,
                  :violations-by-class {:watch-event-before-start 6},
                  :min-events 200,
                  :markers 0,
                  :sessions-with-events 228,
                  :sessions 255,
                  :writes-ok 214,
                  :stream-errors 60},
          :failures [{:type :watch-violations,
                      :count 6,
                      :sample [{:type :watch-event-before-start,
                                :op {:index 396,
                                     :time 50808210546,
                                     :type :ok,
                                     :process 1,
                                     :f :watch-session,
                                     :value {:key "/jepsen/watch/s742834458",
                                             :start-revision :last,
                                             :prev-kv? true,
                                             :window-ms 2000,
                                             :max-events 10000,
                                             :resumes 2},
                                     :key "/jepsen/watch/s742834458",
                                     :events [{:type :put,
                                               :revision 99,
                                               :kvs [{:key "/jepsen/watch/s742834458",
                                                      :value "vs742834458-112-",
                                                      :version 1,
                                                      :create-revision 0,
                                                      :mod-revision 99}],
                                               :prev-kv nil}
                                              {:type :put,
                                               :revision 100,
                                               :kvs [{:key "/jepsen/watch/s742834458",
                                                      :value "vs742834458-114-",
                                                      :version 1,
                                                      :create-revision 0,
                                                      :mod-revision 100}],
                                               :prev-kv nil}],
                                     :resumes 2,
                                     :nodes ["n1"],
                                     :end-revision 100,
                                     :invoke 49492069963,
                                     :sessions [{:node "n1",
                                                 :start-revision 99,
                                                 :events [{:type :put,
                                                           :revision 99,
                                                           :kvs [{:key "/jepsen/watch/s742834458",
                                                                  :value "vs742834458-112-",
                                                                  :version 1,
                                                                  :create-revision 0,
                                                                  :mod-revision 99}],
                                                           :prev-kv nil}
                                                          {:type :put,
                                                           :revision 100,
                                                           :kvs [{:key "/jepsen/watch/s742834458",
                                                                  :value "vs742834458-114-",
                                                                  :version 1,
                                                                  :create-revision 0,
                                                                  :mod-revision 100}],
                                                           :prev-kv nil}],
                                                 :end-revision 100,
                                                 :error "UNAVAILABLE: Network closed for unknown reason"}
                                                {:node "n1",
                                                 :start-revision 101,
                                                 :events [],
                                                 :end-revision 101,
                                                 :error "UNAVAILABLE: io exception"}
                                                {:node "n1",
                                                 :start-revision 102,
                                                 :events [],
                                                 :end-revision 102,
                                                 :error "UNAVAILABLE: io exception"}],
                                     :requested-start :last,
                                     :stream-errors [["n1"
                                                      "UNAVAILABLE: Network closed for unknown reason"]
                                                     ["n1"
                                                      "UNAVAILABLE: io exception"]
                                                     ["n1"
                                                      "UNAVAILABLE: io exception"]],
                                     :start-revision 102},
                                :start-revision 102,
                                :events [{:type :put,
                                          :revision 99,
                                          :kvs [{:key "/jepsen/watch/s742834458",
                                                 :value "vs742834458-112-",
                                                 :version 1,
                                                 :create-revision 0,
                                                 :mod-revision 99}],
                                          :prev-kv nil}
                                         {:type :put,
                                          :revision 100,
                                          :kvs [{:key "/jepsen/watch/s742834458",
                                                 :value "vs742834458-114-",
                                                 :version 1,
                                                 :create-revision 0,
                                                 :mod-revision 100}],
                                          :prev-kv nil}],
                                :note "resume 会话收到了 start_revision 之前的事件（重复投递已确认段）"}
                               {:type :watch-event-before-start,
                                :op {:index 397,
                                     :time 50808252128,
                                     :type :ok,
                                     :process 0,
                                     :f :watch-session,
                                     :value {:key "/jepsen/watch/s742834458",
                                             :start-revision :last,
                                             :prev-kv? false,
                                             :window-ms 2000,
                                             :max-events 10000,
                                             :resumes 2},
                                     :key "/jepsen/watch/s742834458",
                                     :events [{:type :put,
                                               :revision 99,
                                               :kvs [{:key "/jepsen/watch/s742834458",
                                                      :value "vs742834458-112-",
                                                      :version 1,
                                                      :create-revision 0,
                                                      :mod-revision 99}],
                                               :prev-kv nil}
                                              {:type :put,
                                               :revision 100,
                                               :kvs [{:key "/jepsen/watch/s742834458",
                                                      :value "vs742834458-114-",
                                                      :version 1,
                                                      :create-revision 0,
                                                      :mod-revision 100}],
                                               :prev-kv nil}],
                                     :resumes 2,
                                     :nodes ["n1"],
                                     :end-revision 100,
                                     :invoke 48891211065,
                                     :sessions [{:node "n1",
                                                 :start-revision 99,
                                                 :events [{:type :put,
                                                           :revision 99,
                                                           :kvs [{:key "/jepsen/watch/s742834458",
                                                                  :value "vs742834458-112-",
                                                                  :version 1,
                                                                  :create-revision 0,
                                                                  :mod-revision 99}],
                                                           :prev-kv nil}
                                                          {:type :put,
                                                           :revision 100,
                                                           :kvs [{:key "/jepsen/watch/s742834458",
                                                                  :value "vs742834458-114-",
                                                                  :version 1,
                                                                  :create-revision 0,
                                                                  :mod-revision 100}],
                                                           :prev-kv nil}],
                                                 :end-revision 100,
                                                 :error "UNAVAILABLE: Network closed for unknown reason"}
                                                {:node "n1",
                                                 :start-revision 101,
                                                 :events [],
                                                 :end-revision 101,
                                                 :error "UNAVAILABLE: io exception"}
                                                {:node "n1",
                                                 :start-revision 102,
                                                 :events [],
                                                 :end-revision 102,
                                                 :error "UNAVAILABLE: io exception"}],
                                     :requested-start :last,
                                     :stream-errors [["n1"
                                                      "UNAVAILABLE: Network closed for unknown reason"]
                                                     ["n1"
                                                      "UNAVAILABLE: io exception"]
                                                     ["n1"
                                                      "UNAVAILABLE: io exception"]],
                                     :start-revision 102},
                                :start-revision 102,
                                :events [{:type :put,
                                          :revision 99,
                                          :kvs [{:key "/jepsen/watch/s742834458",
                                                 :value "vs742834458-112-",
                                                 :version 1,
                                                 :create-revision 0,
                                                 :mod-revision 99}],
                                          :prev-kv nil}
                                         {:type :put,
                                          :revision 100,
                                          :kvs [{:key "/jepsen/watch/s742834458",
                                                 :value "vs742834458-114-",
                                                 :version 1,
                                                 :create-revision 0,
                                                 :mod-revision 100}],
                                          :prev-kv nil}],
                                :note "resume 会话收到了 start_revision 之前的事件（重复投递已确认段）"}
                               {:type :watch-event-before-start,
                                :op {:index 398,
                                     :time 50808259015,
                                     :type :ok,
                                     :process 3,
                                     :f :watch-session,
                                     :value {:key "/jepsen/watch/s742834458",
                                             :start-revision 0,
                                             :prev-kv? true,
                                             :window-ms 2000,
                                             :max-events 10000,
                                             :resumes 2},
                                     :key "/jepsen/watch/s742834458",
                                     :events [{:type :put,
                                               :revision 100,
                                               :kvs [{:key "/jepsen/watch/s742834458",
                                                      :value "vs742834458-114-",
                                                      :version 1,
                                                      :create-revision 0,
                                                      :mod-revision 100}],
                                               :prev-kv nil}],
                                     :resumes 2,
                                     :nodes ["n1"],
                                     :end-revision 100,
                                     :invoke 49291695236,
                                     :sessions [{:node "n1",
                                                 :start-revision 0,
                                                 :events [{:type :put,
                                                           :revision 100,
                                                           :kvs [{:key "/jepsen/watch/s742834458",
                                                                  :value "vs742834458-114-",
                                                                  :version 1,
                                                                  :create-revision 0,
                                                                  :mod-revision 100}],
                                                           :prev-kv nil}],
                                                 :end-revision 100,
                                                 :error "UNAVAILABLE: Network closed for unknown reason"}
                                                {:node "n1",
                                                 :start-revision 101,
                                                 :events [],
                                                 :end-revision 101,
                                                 :error "UNAVAILABLE: io exception"}
                                                {:node "n1",
                                                 :start-revision 102,
                                                 :events [],
                                                 :end-revision 102,
                                                 :error "UNAVAILABLE: io exception"}],
                                     :requested-start 0,
                                     :stream-errors [["n1"
                                                      "UNAVAILABLE: Network closed for unknown reason"]
                                                     ["n1"
                                                      "UNAVAILABLE: io exception"]
                                                     ["n1"
                                                      "UNAVAILABLE: io exception"]],
                                     :start-revision 102},
                                :start-revision 102,
                                :events [{:type :put,
                                          :revision 100,
                                          :kvs [{:key "/jepsen/watch/s742834458",
                                                 :value "vs742834458-114-",
                                                 :version 1,
                                                 :create-revision 0,
                                                 :mod-revision 100}],
                                          :prev-kv nil}],
                                :note "resume 会话收到了 start_revision 之前的事件（重复投递已确认段）"}]}],
          :violations [{:type :watch-event-before-start,
                        :op {:index 396,
                             :time 50808210546,
                             :type :ok,
                             :process 1,
                             :f :watch-session,
                             :value {:key "/jepsen/watch/s742834458",
                                     :start-revision :last,
                                     :prev-kv? true,
                                     :window-ms 2000,
                                     :max-events 10000,
                                     :resumes 2},
                             :key "/jepsen/watch/s742834458",
                             :events [{:type :put,
                                       :revision 99,
                                       :kvs [{:key "/jepsen/watch/s742834458",
                                              :value "vs742834458-112-",
                                              :version 1,
                                              :create-revision 0,
                                              :mod-revision 99}],
                                       :prev-kv nil}
                                      {:type :put,
                                       :revision 100,
                                       :kvs [{:key "/jepsen/watch/s742834458",
                                              :value "vs742834458-114-",
                                              :version 1,
                                              :create-revision 0,
                                              :mod-revision 100}],
                                       :prev-kv nil}],
                             :resumes 2,
                             :nodes ["n1"],
                             :end-revision 100,
                             :invoke 49492069963,
                             :sessions [{:node "n1",
                                         :start-revision 99,
                                         :events [{:type :put,
                                                   :revision 99,
                                                   :kvs [{:key "/jepsen/watch/s742834458",
                                                          :value "vs742834458-112-",
                                                          :version 1,
                                                          :create-revision 0,
                                                          :mod-revision 99}],
                                                   :prev-kv nil}
                                                  {:type :put,
                                                   :revision 100,
                                                   :kvs [{:key "/jepsen/watch/s742834458",
                                                          :value "vs742834458-114-",
                                                          :version 1,
                                                          :create-revision 0,
                                                          :mod-revision 100}],
                                                   :prev-kv nil}],
                                         :end-revision 100,
                                         :error "UNAVAILABLE: Network closed for unknown reason"}
                                        {:node "n1",
                                         :start-revision 101,
                                         :events [],
                                         :end-revision 101,
                                         :error "UNAVAILABLE: io exception"}
                                        {:node "n1",
                                         :start-revision 102,
                                         :events [],
                                         :end-revision 102,
                                         :error "UNAVAILABLE: io exception"}],
                             :requested-start :last,
                             :stream-errors [["n1"
                                              "UNAVAILABLE: Network closed for unknown reason"]
                                             ["n1"
                                              "UNAVAILABLE: io exception"]
                                             ["n1"
                                              "UNAVAILABLE: io exception"]],
                             :start-revision 102},
                        :start-revision 102,
                        :events [{:type :put,
                                  :revision 99,
                                  :kvs [{:key "/jepsen/watch/s742834458",
                                         :value "vs742834458-112-",
                                         :version 1,
                                         :create-revision 0,
                                         :mod-revision 99}],
                                  :prev-kv nil}
                                 {:type :put,
                                  :revision 100,
                                  :kvs [{:key "/jepsen/watch/s742834458",
                                         :value "vs742834458-114-",
                                         :version 1,
                                         :create-revision 0,
                                         :mod-revision 100}],
                                  :prev-kv nil}],
                        :note "resume 会话收到了 start_revision 之前的事件（重复投递已确认段）"}
                       {:type :watch-event-before-start,
                        :op {:index 397,
                             :time 50808252128,
                             :type :ok,
                             :process 0,
                             :f :watch-session,
                             :value {:key "/jepsen/watch/s742834458",
                                     :start-revision :last,
                                     :prev-kv? false,
                                     :window-ms 2000,
                                     :max-events 10000,
                                     :resumes 2},
                             :key "/jepsen/watch/s742834458",
                             :events [{:type :put,
                                       :revision 99,
                                       :kvs [{:key "/jepsen/watch/s742834458",
                                              :value "vs742834458-112-",
                                              :version 1,
                                              :create-revision 0,
                                              :mod-revision 99}],
                                       :prev-kv nil}
                                      {:type :put,
                                       :revision 100,
                                       :kvs [{:key "/jepsen/watch/s742834458",
                                              :value "vs742834458-114-",
                                              :version 1,
                                              :create-revision 0,
                                              :mod-revision 100}],
                                       :prev-kv nil}],
                             :resumes 2,
                             :nodes ["n1"],
                             :end-revision 100,
                             :invoke 48891211065,
                             :sessions [{:node "n1",
                                         :start-revision 99,
                                         :events [{:type :put,
                                                   :revision 99,
                                                   :kvs [{:key "/jepsen/watch/s742834458",
                                                          :value "vs742834458-112-",
                                                          :version 1,
                                                          :create-revision 0,
                                                          :mod-revision 99}],
                                                   :prev-kv nil}
                                                  {:type :put,
                                                   :revision 100,
                                                   :kvs [{:key "/jepsen/watch/s742834458",
                                                          :value "vs742834458-114-",
                                                          :version 1,
                                                          :create-revision 0,
                                                          :mod-revision 100}],
                                                   :prev-kv nil}],
                                         :end-revision 100,
                                         :error "UNAVAILABLE: Network closed for unknown reason"}
                                        {:node "n1",
                                         :start-revision 101,
                                         :events [],
                                         :end-revision 101,
                                         :error "UNAVAILABLE: io exception"}
                                        {:node "n1",
                                         :start-revision 102,
                                         :events [],
                                         :end-revision 102,
                                         :error "UNAVAILABLE: io exception"}],
                             :requested-start :last,
                             :stream-errors [["n1"
                                              "UNAVAILABLE: Network closed for unknown reason"]
                                             ["n1"
                                              "UNAVAILABLE: io exception"]
                                             ["n1"
                                              "UNAVAILABLE: io exception"]],
                             :start-revision 102},
                        :start-revision 102,
                        :events [{:type :put,
                                  :revision 99,
                                  :kvs [{:key "/jepsen/watch/s742834458",
                                         :value "vs742834458-112-",
                                         :version 1,
                                         :create-revision 0,
                                         :mod-revision 99}],
                                  :prev-kv nil}
                                 {:type :put,
                                  :revision 100,
                                  :kvs [{:key "/jepsen/watch/s742834458",
                                         :value "vs742834458-114-",
                                         :version 1,
                                         :create-revision 0,
                                         :mod-revision 100}],
                                  :prev-kv nil}],
                        :note "resume 会话收到了 start_revision 之前的事件（重复投递已确认段）"}
                       {:type :watch-event-before-start,
                        :op {:index 398,
                             :time 50808259015,
                             :type :ok,
                             :process 3,
                             :f :watch-session,
                             :value {:key "/jepsen/watch/s742834458",
                                     :start-revision 0,
                                     :prev-kv? true,
                                     :window-ms 2000,
                                     :max-events 10000,
                                     :resumes 2},
                             :key "/jepsen/watch/s742834458",
                             :events [{:type :put,
                                       :revision 100,
                                       :kvs [{:key "/jepsen/watch/s742834458",
                                              :value "vs742834458-114-",
                                              :version 1,
                                              :create-revision 0,
                                              :mod-revision 100}],
                                       :prev-kv nil}],
                             :resumes 2,
                             :nodes ["n1"],
                             :end-revision 100,
                             :invoke 49291695236,
                             :sessions [{:node "n1",
                                         :start-revision 0,
                                         :events [{:type :put,
                                                   :revision 100,
                                                   :kvs [{:key "/jepsen/watch/s742834458",
                                                          :value "vs742834458-114-",
                                                          :version 1,
                                                          :create-revision 0,
                                                          :mod-revision 100}],
                                                   :prev-kv nil}],
                                         :end-revision 100,
                                         :error "UNAVAILABLE: Network closed for unknown reason"}
                                        {:node "n1",
                                         :start-revision 101,
                                         :events [],
                                         :end-revision 101,
                                         :error "UNAVAILABLE: io exception"}
                                        {:node "n1",
                                         :start-revision 102,
                                         :events [],
                                         :end-revision 102,
                                         :error "UNAVAILABLE: io exception"}],
                             :requested-start 0,
                             :stream-errors [["n1"
                                              "UNAVAILABLE: Network closed for unknown reason"]
                                             ["n1"
                                              "UNAVAILABLE: io exception"]
                                             ["n1"
                                              "UNAVAILABLE: io exception"]],
                             :start-revision 102},
                        :start-revision 102,
                        :events [{:type :put,
                                  :revision 100,
                                  :kvs [{:key "/jepsen/watch/s742834458",
                                         :value "vs742834458-114-",
                                         :version 1,
                                         :create-revision 0,
                                         :mod-revision 100}],
                                  :prev-kv nil}],
                        :note "resume 会话收到了 start_revision 之前的事件（重复投递已确认段）"}
                       {:type :watch-event-before-start,
                        :op {:index 399,
                             :time 50808313720,
                             :type :ok,
                             :process 2,
                             :f :watch-session,
                             :value {:key "/jepsen/watch/s742834458",
                                     :start-revision :last,
                                     :prev-kv? true,
                                     :window-ms 2000,
                                     :max-events 10000,
                                     :resumes 2},
                             :key "/jepsen/watch/s742834458",
                             :events [{:type :put,
                                       :revision 95,
                                       :kvs [{:key "/jepsen/watch/s742834458",
                                              :value "vs742834458-109-",
                                              :version 1,
                                              :create-revision 0,
                                              :mod-revision 95}],
                                       :prev-kv nil}
                                      {:type :put,
                                       :revision 96,
                                       :kvs [{:key "/jepsen/watch/s742834458",
                                              :value "vs742834458-105-",
                                              :version 1,
                                              :create-revision 0,
                                              :mod-revision 96}],
                                       :prev-kv nil}
                                      {:type :put,
                                       :revision 97,
                                       :kvs [{:key "/jepsen/watch/s742834458",
                                              :value "vs742834458-110-",
                                              :version 1,
                                              :create-revision 0,
                                              :mod-revision 97}],
                                       :prev-kv nil}
                                      {:type :put,
                                       :revision 98,
                                       :kvs [{:key "/jepsen/watch/s742834458",
                                              :value "vs742834458-111-",
                                              :version 1,
                                              :create-revision 0,
                                              :mod-revision 98}],
                                       :prev-kv nil}
                                      {:type :put,
                                       :revision 99,
                                       :kvs [{:key "/jepsen/watch/s742834458",
                                              :value "vs742834458-112-",
                                              :version 1,
                                              :create-revision 0,
                                              :mod-revision 99}],
                                       :prev-kv nil}
                                      {:type :put,
                                       :revision 100,
                                       :kvs [{:key "/jepsen/watch/s742834458",
                                              :value "vs742834458-114-",
                                              :version 1,
                                              :create-revision 0,
                                              :mod-revision 100}],
                                       :prev-kv nil}],
                             :resumes 2,
                             :nodes ["n1"],
                             :end-revision 100,
                             :invoke 49091379935,
                             :sessions [{:node "n1",
                                         :start-revision 95,
                                         :events [{:type :put,
                                                   :revision 95,
                                                   :kvs [{:key "/jepsen/watch/s742834458",
                                                          :value "vs742834458-109-",
                                                          :version 1,
                                                          :create-revision 0,
                                                          :mod-revision 95}],
                                                   :prev-kv nil}
                                                  {:type :put,
                                                   :revision 96,
                                                   :kvs [{:key "/jepsen/watch/s742834458",
                                                          :value "vs742834458-105-",
                                                          :version 1,
                                                          :create-revision 0,
                                                          :mod-revision 96}],
                                                   :prev-kv nil}
                                                  {:type :put,
                                                   :revision 97,
                                                   :kvs [{:key "/jepsen/watch/s742834458",
                                                          :value "vs742834458-110-",
                                                          :version 1,
                                                          :create-revision 0,
                                                          :mod-revision 97}],
                                                   :prev-kv nil}
                                                  {:type :put,
                                                   :revision 98,
                                                   :kvs [{:key "/jepsen/watch/s742834458",
                                                          :value "vs742834458-111-",
                                                          :version 1,
                                                          :create-revision 0,
                                                          :mod-revision 98}],
                                                   :prev-kv nil}
                                                  {:type :put,
                                                   :revision 99,
                                                   :kvs [{:key "/jepsen/watch/s742834458",
                                                          :value "vs742834458-112-",
                                                          :version 1,
                                                          :create-revision 0,
                                                          :mod-revision 99}],
                                                   :prev-kv nil}
                                                  {:type :put,
                                                   :revision 100,
                                                   :kvs [{:key "/jepsen/watch/s742834458",
                                                          :value "vs742834458-114-",
                                                          :version 1,
                                                          :create-revision 0,
                                                          :mod-revision 100}],
                                                   :prev-kv nil}],
                                         :end-revision 100,
                                         :error "UNAVAILABLE: Network closed for unknown reason"}
                                        {:node "n1",
                                         :start-revision 101,
                                         :events [],
                                         :end-revision 101,
                                         :error "UNAVAILABLE: io exception"}
                                        {:node "n1",
                                         :start-revision 102,
                                         :events [],
                                         :end-revision 102,
                                         :error "UNAVAILABLE: io exception"}],
                             :requested-start :last,
                             :stream-errors [["n1"
                                              "UNAVAILABLE: Network closed for unknown reason"]
                                             ["n1"
                                              "UNAVAILABLE: io exception"]
                                             ["n1"
                                              "UNAVAILABLE: io exception"]],
                             :start-revision 102},
                        :start-revision 102,
                        :events [{:type :put,
                                  :revision 95,
                                  :kvs [{:key "/jepsen/watch/s742834458",
                                         :value "vs742834458-109-",
                                         :version 1,
                                         :create-revision 0,
                                         :mod-revision 95}],
                                  :prev-kv nil}
                                 {:type :put,
                                  :revision 96,
                                  :kvs [{:key "/jepsen/watch/s742834458",
                                         :value "vs742834458-105-",
                                         :version 1,
                                         :create-revision 0,
                                         :mod-revision 96}],
                                  :prev-kv nil}
                                 {:type :put,
                                  :revision 97,
                                  :kvs [{:key "/jepsen/watch/s742834458",
                                         :value "vs742834458-110-",
                                         :version 1,
                                         :create-revision 0,
                                         :mod-revision 97}],
                                  :prev-kv nil}
                                 {:type :put,
                                  :revision 98,
                                  :kvs [{:key "/jepsen/watch/s742834458",
                                         :value "vs742834458-111-",
                                         :version 1,
                                         :create-revision 0,
                                         :mod-revision 98}],
                                  :prev-kv nil}
                                 {:type :put,
                                  :revision 99,
                                  :kvs [{:key "/jepsen/watch/s742834458",
                                         :value "vs742834458-112-",
                                         :version 1,
                                         :create-revision 0,
                                         :mod-revision 99}],
                                  :prev-kv nil}
                                 {:type :put,
                                  :revision 100,
                                  :kvs [{:key "/jepsen/watch/s742834458",
                                         :value "vs742834458-114-",
                                         :version 1,
                                         :create-revision 0,
                                         :mod-revision 100}],
                                  :prev-kv nil}],
                        :note "resume 会话收到了 start_revision 之前的事件（重复投递已确认段）"}
                       {:type :watch-event-before-start,
                        :op {:index 516,
                             :time 64231146550,
                             :type :ok,
                             :process 2,
                             :f :watch-session,
                             :value {:key "/jepsen/watch/s742834458",
                                     :start-revision 0,
                                     :prev-kv? true,
                                     :window-ms 2000,
                                     :max-events 10000,
                                     :resumes 2},
                             :key "/jepsen/watch/s742834458",
                             :events [{:type :put,
                                       :revision 122,
                                       :kvs [{:key "/jepsen/watch/s742834458",
                                              :value "vs742834458-142-",
                                              :version 1,
                                              :create-revision 0,
                                              :mod-revision 122}],
                                       :prev-kv nil}
                                      {:type :put,
                                       :revision 123,
                                       :kvs [{:key "/jepsen/watch/s742834458",
                                              :value "vs742834458-152-",
                                              :version 1,
                                              :create-revision 0,
                                              :mod-revision 123}],
                                       :prev-kv nil}
                                      {:type :put,
                                       :revision 124,
                                       :kvs [{:key "/jepsen/watch/s742834458",
                                              :value "vs742834458-155-",
                                              :version 1,
                                              :create-revision 0,
                                              :mod-revision 124}],
                                       :prev-kv nil}],
                             :resumes 2,
                             :nodes ["n2"],
                             :end-revision 124,
                             :invoke 63503396886,
                             :sessions [{:node "n2",
                                         :start-revision 0,
                                         :events [{:type :put,
                                                   :revision 122,
                                                   :kvs [{:key "/jepsen/watch/s742834458",
                                                          :value "vs742834458-142-",
                                                          :version 1,
                                                          :create-revision 0,
                                                          :mod-revision 122}],
                                                   :prev-kv nil}
                                                  {:type :put,
                                                   :revision 123,
                                                   :kvs [{:key "/jepsen/watch/s742834458",
                                                          :value "vs742834458-152-",
                                                          :version 1,
                                                          :create-revision 0,
                                                          :mod-revision 123}],
                                                   :prev-kv nil}
                                                  {:type :put,
                                                   :revision 124,
                                                   :kvs [{:key "/jepsen/watch/s742834458",
                                                          :value "vs742834458-155-",
                                                          :version 1,
                                                          :create-revision 0,
                                                          :mod-revision 124}],
                                                   :prev-kv nil}],
                                         :end-revision 124,
                                         :error "UNAVAILABLE: Network closed for unknown reason"}
                                        {:node "n2",
                                         :start-revision 125,
                                         :events [],
                                         :end-revision 125,
                                         :error "UNAVAILABLE: io exception"}
                                        {:node "n2",
                                         :start-revision 126,
                                         :events [],
                                         :end-revision 126,
                                         :error "UNAVAILABLE: io exception"}],
                             :requested-start 0,
                             :stream-errors [["n2"
                                              "UNAVAILABLE: Network closed for unknown reason"]
                                             ["n2"
                                              "UNAVAILABLE: io exception"]
                                             ["n2"
                                              "UNAVAILABLE: io exception"]],
                             :start-revision 126},
                        :start-revision 126,
                        :events [{:type :put,
                                  :revision 122,
                                  :kvs [{:key "/jepsen/watch/s742834458",
                                         :value "vs742834458-142-",
                                         :version 1,
                                         :create-revision 0,
                                         :mod-revision 122}],
                                  :prev-kv nil}
                                 {:type :put,
                                  :revision 123,
                                  :kvs [{:key "/jepsen/watch/s742834458",
                                         :value "vs742834458-152-",
                                         :version 1,
                                         :create-revision 0,
                                         :mod-revision 123}],
                                  :prev-kv nil}
                                 {:type :put,
                                  :revision 124,
                                  :kvs [{:key "/jepsen/watch/s742834458",
                                         :value "vs742834458-155-",
                                         :version 1,
                                         :create-revision 0,
                                         :mod-revision 124}],
                                  :prev-kv nil}],
                        :note "resume 会话收到了 start_revision 之前的事件（重复投递已确认段）"}
                       {:type :watch-event-before-start,
                        :op {:index 517,
                             :time 64231632064,
                             :type :ok,
                             :process 3,
                             :f :watch-session,
                             :value {:key "/jepsen/watch/s742834458",
                                     :start-revision :last,
                                     :prev-kv? false,
                                     :window-ms 2000,
                                     :max-events 10000,
                                     :resumes 2},
                             :key "/jepsen/watch/s742834458",
                             :events [{:type :put,
                                       :revision 117,
                                       :kvs [{:key "/jepsen/watch/s742834458",
                                              :value "vs742834458-144-",
                                              :version 1,
                                              :create-revision 0,
                                              :mod-revision 117}],
                                       :prev-kv nil}
                                      {:type :put,
                                       :revision 118,
                                       :kvs [{:key "/jepsen/watch/s742834458",
                                              :value "vs742834458-145-",
                                              :version 1,
                                              :create-revision 0,
                                              :mod-revision 118}],
                                       :prev-kv nil}
                                      {:type :put,
                                       :revision 119,
                                       :kvs [{:key "/jepsen/watch/s742834458",
                                              :value "vs742834458-146-",
                                              :version 1,
                                              :create-revision 0,
                                              :mod-revision 119}],
                                       :prev-kv nil}
                                      {:type :put,
                                       :revision 120,
                                       :kvs [{:key "/jepsen/watch/s742834458",
                                              :value "vs742834458-147-",
                                              :version 1,
                                              :create-revision 0,
                                              :mod-revision 120}],
                                       :prev-kv nil}
                                      {:type :put,
                                       :revision 121,
                                       :kvs [{:key "/jepsen/watch/s742834458",
                                              :value "vs742834458-148-",
                                              :version 1,
                                              :create-revision 0,
                                              :mod-revision 121}],
                                       :prev-kv nil}
                                      {:type :put,
                                       :revision 122,
                                       :kvs [{:key "/jepsen/watch/s742834458",
                                              :value "vs742834458-142-",
                                              :version 1,
                                              :create-revision 0,
                                              :mod-revision 122}],
                                       :prev-kv nil}
                                      {:type :put,
                                       :revision 123,
                                       :kvs [{:key "/jepsen/watch/s742834458",
                                              :value "vs742834458-152-",
                                              :version 1,
                                              :create-revision 0,
                                              :mod-revision 123}],
                                       :prev-kv nil}
                                      {:type :put,
                                       :revision 124,
                                       :kvs [{:key "/jepsen/watch/s742834458",
                                              :value "vs742834458-155-",
                                              :version 1,
                                              :create-revision 0,
                                              :mod-revision 124}],
                                       :prev-kv nil}],
                             :resumes 2,
                             :nodes ["n2"],
                             :end-revision 124,
                             :invoke 62902488733,
                             :sessions [{:node "n2",
                                         :start-revision 117,
                                         :events [{:type :put,
                                                   :revision 117,
                                                   :kvs [{:key "/jepsen/watch/s742834458",
                                                          :value "vs742834458-144-",
                                                          :version 1,
                                                          :create-revision 0,
                                                          :mod-revision 117}],
                                                   :prev-kv nil}
                                                  {:type :put,
                                                   :revision 118,
                                                   :kvs [{:key "/jepsen/watch/s742834458",
                                                          :value "vs742834458-145-",
                                                          :version 1,
                                                          :create-revision 0,
                                                          :mod-revision 118}],
                                                   :prev-kv nil}
                                                  {:type :put,
                                                   :revision 119,
                                                   :kvs [{:key "/jepsen/watch/s742834458",
                                                          :value "vs742834458-146-",
                                                          :version 1,
                                                          :create-revision 0,
                                                          :mod-revision 119}],
                                                   :prev-kv nil}
                                                  {:type :put,
                                                   :revision 120,
                                                   :kvs [{:key "/jepsen/watch/s742834458",
                                                          :value "vs742834458-147-",
                                                          :version 1,
                                                          :create-revision 0,
                                                          :mod-revision 120}],
                                                   :prev-kv nil}
                                                  {:type :put,
                                                   :revision 121,
                                                   :kvs [{:key "/jepsen/watch/s742834458",
                                                          :value "vs742834458-148-",
                                                          :version 1,
                                                          :create-revision 0,
                                                          :mod-revision 121}],
                                                   :prev-kv nil}
                                                  {:type :put,
                                                   :revision 122,
                                                   :kvs [{:key "/jepsen/watch/s742834458",
                                                          :value "vs742834458-142-",
                                                          :version 1,
                                                          :create-revision 0,
                                                          :mod-revision 122}],
                                                   :prev-kv nil}
                                                  {:type :put,
                                                   :revision 123,
                                                   :kvs [{:key "/jepsen/watch/s742834458",
                                                          :value "vs742834458-152-",
                                                          :version 1,
                                                          :create-revision 0,
                                                          :mod-revision 123}],
                                                   :prev-kv nil}
                                                  {:type :put,
                                                   :revision 124,
                                                   :kvs [{:key "/jepsen/watch/s742834458",
                                                          :value "vs742834458-155-",
                                                          :version 1,
                                                          :create-revision 0,
                                                          :mod-revision 124}],
                                                   :prev-kv nil}],
                                         :end-revision 124,
                                         :error "UNAVAILABLE: Network closed for unknown reason"}
                                        {:node "n2",
                                         :start-revision 125,
                                         :events [],
                                         :end-revision 125,
                                         :error "UNAVAILABLE: io exception"}
                                        {:node "n2",
                                         :start-revision 126,
                                         :events [],
                                         :end-revision 126,
                                         :error "UNAVAILABLE: io exception"}],
                             :requested-start :last,
                             :stream-errors [["n2"
                                              "UNAVAILABLE: Network closed for unknown reason"]
                                             ["n2"
                                              "UNAVAILABLE: io exception"]
                                             ["n2"
                                              "UNAVAILABLE: io exception"]],
                             :start-revision 126},
                        :start-revision 126,
                        :events [{:type :put,
                                  :revision 117,
                                  :kvs [{:key "/jepsen/watch/s742834458",
                                         :value "vs742834458-144-",
                                         :version 1,
                                         :create-revision 0,
                                         :mod-revision 117}],
                                  :prev-kv nil}
                                 {:type :put,
                                  :revision 118,
                                  :kvs [{:key "/jepsen/watch/s742834458",
                                         :value "vs742834458-145-",
                                         :version 1,
                                         :create-revision 0,
                                         :mod-revision 118}],
                                  :prev-kv nil}
                                 {:type :put,
                                  :revision 119,
                                  :kvs [{:key "/jepsen/watch/s742834458",
                                         :value "vs742834458-146-",
                                         :version 1,
                                         :create-revision 0,
                                         :mod-revision 119}],
                                  :prev-kv nil}
                                 {:type :put,
                                  :revision 120,
                                  :kvs [{:key "/jepsen/watch/s742834458",
                                         :value "vs742834458-147-",
                                         :version 1,
                                         :create-revision 0,
                                         :mod-revision 120}],
                                  :prev-kv nil}
                                 {:type :put,
                                  :revision 121,
                                  :kvs [{:key "/jepsen/watch/s742834458",
                                         :value "vs742834458-148-",
                                         :version 1,
                                         :create-revision 0,
                                         :mod-revision 121}],
                                  :prev-kv nil}
                                 {:type :put,
                                  :revision 122,
                                  :kvs [{:key "/jepsen/watch/s742834458",
                                         :value "vs742834458-142-",
                                         :version 1,
                                         :create-revision 0,
                                         :mod-revision 122}],
                                  :prev-kv nil}
                                 {:type :put,
                                  :revision 123,
                                  :kvs [{:key "/jepsen/watch/s742834458",
                                         :value "vs742834458-152-",
                                         :version 1,
                                         :create-revision 0,
                                         :mod-revision 123}],
                                  :prev-kv nil}
                                 {:type :put,
                                  :revision 124,
                                  :kvs [{:key "/jepsen/watch/s742834458",
                                         :value "vs742834458-155-",
                                         :version 1,
                                         :create-revision 0,
                                         :mod-revision 124}],
                                  :prev-kv nil}],
                        :note "resume 会话收到了 start_revision 之前的事件（重复投递已确认段）"}]},
 :gates {:valid? true,
         :gates {:premise {:valid? true,
                           :writes 216,
                           :duplicate-value-count 0,
                           :duplicate-values {}},
                 :availability {:min-ratio 0.95,
                                :min-sample 100,
                                :windows 10,
                                :judged 0,
                                :skipped-small-sample 10,
                                :worst-window nil,
                                :violations []},
                 :rto {:budget-seconds 120,
                       :n 10,
                       :p95 1.7020998155499991,
                       :max 2.027655223,
                       :samples [2.027655223
                                 0.2180204
                                 0.349933485
                                 0.116023747
                                 0.382711032
                                 0.048341709
                                 1.304198762
                                 0.139717263
                                 0.168358105
                                 0.129045832],
                       :unrecovered 0,
                       :not-measured 0,
                       :details [{:disruption {:start 5200294906,
                                               :end 11659853538},
                                  :measurable? true,
                                  :first-ok-after 13687508761,
                                  :seconds 2.027655223}
                                 {:disruption {:start 17409532700,
                                               :end 24512192324},
                                  :measurable? true,
                                  :first-ok-after 24730212724,
                                  :seconds 0.2180204}
                                 {:disruption {:start 28764301461,
                                               :end 33554813514},
                                  :measurable? true,
                                  :first-ok-after 33904746999,
                                  :seconds 0.349933485}
                                 {:disruption {:start 40123277430,
                                               :end 43798745286},
                                  :measurable? true,
                                  :first-ok-after 43914769033,
                                  :seconds 0.116023747}
                                 {:disruption {:start 50799811165,
                                               :end 58595231258},
                                  :measurable? true,
                                  :first-ok-after 58977942290,
                                  :seconds 0.382711032}
                                 {:disruption {:start 64226531173,
                                               :end 68685974105},
                                  :measurable? true,
                                  :first-ok-after 68734315814,
                                  :seconds 0.048341709}
                                 {:disruption {:start 75484478770,
                                               :end 78642778328},
                                  :measurable? true,
                                  :first-ok-after 79946977090,
                                  :seconds 1.304198762}
                                 {:disruption {:start 83197223219,
                                               :end 89211631264},
                                  :measurable? true,
                                  :first-ok-after 89351348527,
                                  :seconds 0.139717263}
                                 {:disruption {:start 96598185254,
                                               :end 103389877002},
                                  :measurable? true,
                                  :first-ok-after 103558235107,
                                  :seconds 0.168358105}
                                 {:disruption {:start 111818086527,
                                               :end 117641473886},
                                  :measurable? true,
                                  :first-ok-after 117770519718,
                                  :seconds 0.129045832}]},
                 :liveness {:min-ok-ratio 0.1,
                            :min-sample 10,
                            :ops 2,
                            :judged 2,
                            :skipped-small-sample 0,
                            :ok-ratio 0.9957537154989384,
                            :by-op {:write {:total 216,
                                            :ok 214,
                                            :info 2,
                                            :fail 0,
                                            :legit-fail 0,
                                            :judged 216,
                                            :errors {:unavailable-maybe-applied 2}},
                                    :watch-session {:total 255,
                                                    :ok 255,
                                                    :info 0,
                                                    :fail 0,
                                                    :legit-fail 0,
                                                    :judged 255,
                                                    :errors {}}},
                            :violations []}},
         :failures []},
 :perf {:latency-graph {:valid? true},
        :rate-graph {:valid? true},
        :valid? true},
 :valid? false}


Analysis invalid! (ﾉಥ益ಥ）ﾉ ┻━┻
