2026-09-16 15:02:19,327{GMT}	INFO	[jepsen test runner] jepsen.core: Test version ad22337b09f7aae407b39e9d639de867e52bccc7 (plus uncommitted changes)
2026-09-16 15:02:19,328{GMT}	INFO	[jepsen test runner] jepsen.core: Command line:
lein run test --nodes-file /root/nodes --username root --ssh-private-key /root/.ssh/id_ed25519 --workload idempotency --nemesis kill --time-limit 150 --concurrency 1n --seed 42 --idem-replay-delay-ms 4000
2026-09-16 15:02:19,376{GMT}	INFO	[jepsen test runner] jepsen.core: Running test:
{:remote
 #jepsen.control.retry.Remote{:remote #jepsen.control.scp.Remote{:cmd-remote #jepsen.control.sshj.SSHJRemote{:concurrency-limit 6,
                                                                                                             :conn-spec nil,
                                                                                                             :client nil,
                                                                                                             :semaphore nil},
                                                                 :conn-spec nil},
                              :conn nil}
 :idem-replay-delay-ms 4000
 :ssh-private-key "/root/.ssh/id_ed25519"
 :idem-min-replay-attempts nil
 :concurrency 5
 :soak-disrupt 600
 :db
 #jepsen.coord.db.CoordDB{:cluster-name "jepsen-coord",
                          :pidfile-prefix "/var/run/coord-",
                          :root-password "66c57bb56bce306f484344e4a8650836",
                          :coord-dir "/opt/coord",
                          :config-dir "/etc/coord",
                          :logfile "/var/log/coord.log",
                          :regions nil,
                          :data-dir "/var/lib/coord",
                          :nodes ("n1" "n2" "n3"),
                          :auth-root-key "820662a9f85924333d6d466714bc51734b251e73b827a394e1978e36d2429bfc",
                          :raft-secret "93edf94d2860fec54bc59278a804cb1bbd2d0a7243e4f39d667d66966d9844d1",
                          :coord-bin "/root/coord-test/coord"}
 :leave-db-running? false
 :name "coord"
 :logging-json? false
 :start-time
 #object[java.time.OffsetDateTime "0x4f66f2dd" "2026-09-16T15:02:19.302296161Z"]
 :regions nil
 :map-keys nil
 :net
 #object[jepsen.net$iptables_with_dev$reify__15623
         "0x33ac7934"
         "jepsen.net$iptables_with_dev$reify__15623@33ac7934"]
 :client
 #jepsen.coord.client.CoordClient{:nodes ["n1" "n2" "n3"],
                                  :root-password "66c57bb56bce306f484344e4a8650836",
                                  :cct nil,
                                  :channels nil,
                                  :raw-channels nil,
                                  :leader-idx #object[clojure.lang.Atom
                                                      "0x47baf547"
                                                      {:status :ready, :val {}}],
                                  :last-rev #object[clojure.lang.Atom
                                                    "0xfffb4a8"
                                                    {:status :ready, :val {}}],
                                  :parse-values? true}
 :barrier
 #object[java.util.concurrent.CyclicBarrier
         "0x5dc90de7"
         "java.util.concurrent.CyclicBarrier@5dc90de7"]
 :ssh
 {:dummy? false,
  :username "root",
  :password "root",
  :strict-host-key-checking false,
  :private-key-path "/root/.ssh/id_ed25519"}
 :rate nil
 :map-min-deletes nil
 :seed 42
 :checker
 #jepsen.checker.Compose{:checkers {:linear #object[jepsen.coord.idem$checker$reify__995
                                                    "0x3071d086"
                                                    "jepsen.coord.idem$checker$reify__995@3071d086"],
                                    :gates #object[jepsen.coord.gates$checker$reify__915
                                                   "0x20711b02"
                                                   "jepsen.coord.gates$checker$reify__915@20711b02"],
                                    :perf #jepsen.checker.Compose{:checkers {:latency-graph #jepsen.checker.LatencyGraph{:opts {}},
                                                                             :rate-graph #jepsen.checker.RateGraph{:opts {}}}}}}
 :argv
 ("test"
  "--nodes-file"
  "/root/nodes"
  "--username"
  "root"
  "--ssh-private-key"
  "/root/.ssh/id_ed25519"
  "--workload"
  "idempotency"
  "--nemesis"
  "kill"
  "--time-limit"
  "150"
  "--concurrency"
  "1n"
  "--seed"
  "42"
  "--idem-replay-delay-ms"
  "4000")
 :nemesis #unprintable "jepsen.nemesis$node_start_stopper$reify__15946@52d9a150"
 :nodes ("n1" "n2" "n3")
 :test-count 1
 :no-jitter false
 :generator
 #object[jepsen.util.Forgettable
         "0x7d1b96b9"
         ((jepsen.generator.Synchronize
           {:gen (jepsen.generator.TimeLimit
                  {:limit 150000000000,
                   :cutoff nil,
                   :gen (jepsen.generator.Any
                         {:gens [(jepsen.generator.OnThreads
                                  {:f #{:nemesis},
                                   :context-filter #object[jepsen.generator.context$make_thread_filter$lazy_filter__5865
                                                           "0x738955e6"
                                                           "jepsen.generator.context$make_thread_filter$lazy_filter__5865@738955e6"],
                                   :gen ({:type :sleep, :value 6.63781840016434}
                                         {:type :info, :f :start}
                                         {:type :sleep,
                                          :value 6.416117358799227}
                                         {:type :info, :f :stop}
                                         {:type :sleep,
                                          :value 4.543597276663299}
                                         {:type :info, :f :start}
                                         {:type :sleep,
                                          :value 4.385392450370683}
                                         {:type :info, :f :stop}
                                         ...)})
                                 (jepsen.generator.OnThreads
                                  {:f #jepsen.generator.context.AllBut{:element :nemesis},
                                   :context-filter #object[jepsen.generator.context$make_thread_filter$lazy_filter__5865
                                                           "0x70799ca7"
                                                           "jepsen.generator.context$make_thread_filter$lazy_filter__5865@70799ca7"],
                                   :gen (jepsen.generator.Stagger
                                         {:dt-fn #object[jepsen.generator$stagger_exp$dt_fn__6799
                                                         "0x690113f0"
                                                         "jepsen.generator$stagger_exp$dt_fn__6799@690113f0"],
                                          :next-time nil,
                                          :gen (jepsen.generator.OnThreads
                                                {:f #jepsen.generator.context.AllBut{:element :nemesis},
                                                 :context-filter #object[jepsen.generator.context$make_thread_filter$lazy_filter__5865
                                                                         "0x509e4d53"
                                                                         "jepsen.generator.context$make_thread_filter$lazy_filter__5865@509e4d53"],
                                                 :gen (jepsen.generator.Mix
                                                       {:i 0,
                                                        :gens [(jepsen.generator.Mix
                                                                {:i 1,
                                                                 :gens [#object[jepsen.coord$idem_gen$put_op__2116
                                                                                "0x6f915016"
                                                                                "jepsen.coord$idem_gen$put_op__2116@6f915016"]
                                                                        #object[jepsen.coord$idem_gen$del_op__2118
                                                                                "0x533165e7"
                                                                                "jepsen.coord$idem_gen$del_op__2118@533165e7"]
                                                                        #object[jepsen.coord$idem_gen$rd_op__2120
                                                                                "0x324e62e2"
                                                                                "jepsen.coord$idem_gen$rd_op__2120@324e62e2"]]})]})})})})]})})})
          (jepsen.generator.Synchronize
           {:gen (jepsen.generator.OnThreads
                  {:f #{:nemesis},
                   :context-filter #object[jepsen.generator.context$make_thread_filter$lazy_filter__5865
                                           "0x1018552d"
                                           "jepsen.generator.context$make_thread_filter$lazy_filter__5865@1018552d"],
                   :gen {:type :info, :f :stop}})})
          (jepsen.generator.Synchronize
           {:gen {:type :log, :value "recovery: letting cluster converge"}})
          (jepsen.generator.Synchronize {:gen {:type :sleep, :value 30}}))]
 :min-op-ok-ratio nil
 :soak-max-rto-seconds nil
 :idem-replay-node-offset 0
 :min-op-sample nil
 :os
 #object[jepsen.os$reify__16045 "0x75eca6d8" "jepsen.os$reify__16045@75eca6d8"]
 :time-limit 150
 :quiet-availability-min nil
 :soak-quiet 1800
 :value-size nil
 :quiet-min-sample nil
 :workload :idempotency}

2026-09-16 15:02:20,808{GMT}	INFO	[jepsen test runner] jepsen.db: Tearing down DB
2026-09-16 15:02:20,809{GMT}	INFO	[jepsen node n2] jepsen.coord.db: Tearing down coord on n2
2026-09-16 15:02:20,809{GMT}	INFO	[jepsen node n3] jepsen.coord.db: Tearing down coord on n3
2026-09-16 15:02:20,809{GMT}	INFO	[jepsen node n1] jepsen.coord.db: Tearing down coord on n1
2026-09-16 15:02:22,528{GMT}	INFO	[jepsen test runner] jepsen.db: Setting up DB
2026-09-16 15:02:22,528{GMT}	INFO	[jepsen node n1] jepsen.coord.db: Setting up coord on n1
2026-09-16 15:02:22,528{GMT}	INFO	[jepsen node n3] jepsen.coord.db: Setting up coord on n3
2026-09-16 15:02:22,528{GMT}	INFO	[jepsen node n2] jepsen.coord.db: Setting up coord on n2
2026-09-16 15:02:25,196{GMT}	INFO	[jepsen node n1] jepsen.control.util: Starting coord
2026-09-16 15:02:25,239{GMT}	INFO	[jepsen node n2] jepsen.control.util: Starting coord
2026-09-16 15:02:25,309{GMT}	INFO	[jepsen node n3] jepsen.control.util: Starting coord
2026-09-16 15:02:25,309{GMT}	INFO	[jepsen node n1] jepsen.coord.db: Waiting for coord on n1 to be ready
2026-09-16 15:02:25,350{GMT}	INFO	[jepsen node n2] jepsen.coord.db: Waiting for coord on n2 to be ready
2026-09-16 15:02:25,411{GMT}	INFO	[jepsen node n3] jepsen.coord.db: Waiting for coord on n3 to be ready
2026-09-16 15:02:25,564{GMT}	INFO	[jepsen node n2] jepsen.coord.db: coord n2 is ready
2026-09-16 15:02:25,564{GMT}	INFO	[jepsen node n3] jepsen.coord.db: coord n3 is ready
2026-09-16 15:02:26,057{GMT}	INFO	[jepsen node n1] jepsen.coord.db: coord n1 is ready
2026-09-16 15:02:26,058{GMT}	INFO	[jepsen test runner] jepsen.core: Relative time begins now
2026-09-16 15:02:26,060{GMT}	INFO	[jepsen node n2] jepsen.coord.client: Opening coord client on n2
2026-09-16 15:02:26,060{GMT}	INFO	[jepsen node n3] jepsen.coord.client: Opening coord client on n3
2026-09-16 15:02:26,060{GMT}	INFO	[jepsen node n1] jepsen.coord.client: Opening coord client on n1
2026-09-16 15:02:26,332{GMT}	INFO	[jepsen node n1] jepsen.coord.client: coord client setup: waiting for a successful read (quorum + auth)
2026-09-16 15:02:26,332{GMT}	INFO	[jepsen node n3] jepsen.coord.client: coord client setup: waiting for a successful read (quorum + auth)
2026-09-16 15:02:26,332{GMT}	INFO	[jepsen node n2] jepsen.coord.client: coord client setup: waiting for a successful read (quorum + auth)
2026-09-16 15:02:26,382{GMT}	INFO	[jepsen node n2] jepsen.coord.client: coord cluster is ready
2026-09-16 15:02:26,382{GMT}	INFO	[jepsen node n3] jepsen.coord.client: coord cluster is ready
2026-09-16 15:02:26,382{GMT}	INFO	[jepsen node n1] jepsen.coord.client: coord cluster is ready
2026-09-16 15:02:26,400{GMT}	INFO	[jepsen worker 1] jepsen.print: 1	:invoke	:idem-delete	{:rid "idem-del-s42-2", :key "/jepsen/idem/del/s42/2", :val "2", :replays 3, :replay-delay-ms 4000, :replay-node-offset 0}
2026-09-16 15:02:26,401{GMT}	INFO	[jepsen worker 1] jepsen.coord.client: Opening coord client on n2
2026-09-16 15:02:26,423{GMT}	INFO	[jepsen worker 2] jepsen.print: 2	:invoke	:idem-delete	{:rid "idem-del-s42-4", :key "/jepsen/idem/del/s42/4", :val "4", :replays 3, :replay-delay-ms 4000, :replay-node-offset 0}
2026-09-16 15:02:26,424{GMT}	INFO	[jepsen worker 2] jepsen.coord.client: Opening coord client on n3
2026-09-16 15:02:26,490{GMT}	INFO	[jepsen worker 3] jepsen.print: 3	:invoke	:idem-put	{:rid "idem-put-s42-6", :key "/jepsen/idem/put/s42/6", :val "6", :replays 3, :setup-val "OLD-6", :replay-delay-ms 4000, :replay-node-offset 0}
2026-09-16 15:02:26,490{GMT}	INFO	[jepsen worker 3] jepsen.coord.client: Opening coord client on n1
2026-09-16 15:02:26,543{GMT}	INFO	[jepsen worker 4] jepsen.print: 4	:invoke	:idem-range-delete	{:rid "idem-rdel-s42-8", :range-start "/jepsen/idem/rd/s42/8/a", :range-end "/jepsen/idem/rd/s42/8/z", :post-write-key "/jepsen/idem/rd/s42/8/m", :post-write-val 8}
2026-09-16 15:02:26,543{GMT}	INFO	[jepsen worker 4] jepsen.coord.client: Opening coord client on n2
2026-09-16 15:02:26,750{GMT}	INFO	[jepsen worker 0] jepsen.print: 0	:invoke	:idem-range-delete	{:rid "idem-rdel-s42-10", :range-start "/jepsen/idem/rd/s42/10/a", :range-end "/jepsen/idem/rd/s42/10/z", :post-write-key "/jepsen/idem/rd/s42/10/m", :post-write-val 10}
2026-09-16 15:02:26,750{GMT}	INFO	[jepsen worker 0] jepsen.coord.client: Opening coord client on n1
2026-09-16 15:02:27,084{GMT}	INFO	[jepsen worker 4] jepsen.print: 4	:ok	:idem-range-delete	{:rid "idem-rdel-s42-8", :range-start "/jepsen/idem/rd/s42/8/a", :range-end "/jepsen/idem/rd/s42/8/z", :post-write-key "/jepsen/idem/rd/s42/8/m", :post-write-val 8}
2026-09-16 15:02:27,085{GMT}	INFO	[jepsen worker 4] jepsen.print: 4	:invoke	:idem-range-delete	{:rid "idem-rdel-s42-11", :range-start "/jepsen/idem/rd/s42/11/a", :range-end "/jepsen/idem/rd/s42/11/z", :post-write-key "/jepsen/idem/rd/s42/11/m", :post-write-val 11}
2026-09-16 15:02:27,264{GMT}	INFO	[jepsen worker 0] jepsen.print: 0	:ok	:idem-range-delete	{:rid "idem-rdel-s42-10", :range-start "/jepsen/idem/rd/s42/10/a", :range-end "/jepsen/idem/rd/s42/10/z", :post-write-key "/jepsen/idem/rd/s42/10/m", :post-write-val 10}
2026-09-16 15:02:27,333{GMT}	INFO	[jepsen worker 4] jepsen.print: 4	:ok	:idem-range-delete	{:rid "idem-rdel-s42-11", :range-start "/jepsen/idem/rd/s42/11/a", :range-end "/jepsen/idem/rd/s42/11/z", :post-write-key "/jepsen/idem/rd/s42/11/m", :post-write-val 11}
2026-09-16 15:02:27,582{GMT}	INFO	[jepsen worker 4] jepsen.print: 4	:invoke	:idem-delete	{:rid "idem-del-s42-13", :key "/jepsen/idem/del/s42/13", :val "13", :replays 2, :replay-delay-ms 4000, :replay-node-offset 0}
2026-09-16 15:02:27,733{GMT}	INFO	[jepsen worker 0] jepsen.print: 0	:invoke	:idem-delete	{:rid "idem-del-s42-16", :key "/jepsen/idem/del/s42/16", :val "16", :replays 3, :replay-delay-ms 4000, :replay-node-offset 0}
2026-09-16 15:02:31,656{GMT}	INFO	[jepsen worker 4] jepsen.print: 4	:ok	:idem-delete	{:rid "idem-del-s42-13", :key "/jepsen/idem/del/s42/13", :val "13", :replays 2, :replay-delay-ms 4000, :replay-node-offset 0, :setup {:revision 40, :ok? true, :node "n1"}, :expected-version 0}
2026-09-16 15:02:31,657{GMT}	INFO	[jepsen worker 4] jepsen.print: 4	:invoke	:idem-put	{:rid "idem-put-s42-12", :key "/jepsen/idem/put/s42/12", :val "12", :replays 3, :setup-val "OLD-12", :replay-delay-ms 4000, :replay-node-offset 0}
2026-09-16 15:02:33,036{GMT}	INFO	[jepsen worker nemesis] jepsen.print: :nemesis	:info	:start	nil
2026-09-16 15:02:33,066{GMT}	INFO	[jepsen worker nemesis] jepsen.print: :nemesis	:info	:start	{"n1" [:killed "n1"]}
2026-09-16 15:02:34,833{GMT}	INFO	[jepsen worker 2] jepsen.print: 2	:ok	:idem-delete	{:rid "idem-del-s42-4", :key "/jepsen/idem/del/s42/4", :val "4", :replays 3, :replay-delay-ms 4000, :replay-node-offset 0, :setup {:revision 16, :ok? true, :node "n1"}, :expected-version 0}
2026-09-16 15:02:34,833{GMT}	INFO	[jepsen worker 2] jepsen.print: 2	:invoke	:idem-put	{:rid "idem-put-s42-18", :key "/jepsen/idem/put/s42/18", :val "18", :replays 3, :setup-val "OLD-18", :replay-delay-ms 4000, :replay-node-offset 0}
2026-09-16 15:02:34,867{GMT}	INFO	[jepsen worker 1] jepsen.print: 1	:ok	:idem-delete	{:rid "idem-del-s42-2", :key "/jepsen/idem/del/s42/2", :val "2", :replays 3, :replay-delay-ms 4000, :replay-node-offset 0, :setup {:revision 15, :ok? true, :node "n1"}, :expected-version 0}
2026-09-16 15:02:34,929{GMT}	INFO	[jepsen worker 3] jepsen.print: 3	:ok	:idem-put	{:key "/jepsen/idem/put/s42/6", :expected-version 2, :replays 3, :replay-delay-ms 4000, :setup-val "OLD-6", :replay-node-offset 0, :val "6", :setup {:revision 21, :ok? true, :node "n1"}, :rid "idem-put-s42-6"}
2026-09-16 15:02:35,850{GMT}	INFO	[jepsen worker 0] jepsen.print: 0	:ok	:idem-delete	{:rid "idem-del-s42-16", :key "/jepsen/idem/del/s42/16", :val "16", :replays 3, :replay-delay-ms 4000, :replay-node-offset 0, :setup {:revision 42, :ok? true, :node "n1"}, :expected-version 0}
2026-09-16 15:02:35,970{GMT}	INFO	[jepsen worker 1] jepsen.print: 1	:invoke	:idem-range-delete	{:rid "idem-rdel-s42-14", :range-start "/jepsen/idem/rd/s42/14/a", :range-end "/jepsen/idem/rd/s42/14/z", :post-write-key "/jepsen/idem/rd/s42/14/m", :post-write-val 14}
2026-09-16 15:02:36,085{GMT}	INFO	[jepsen worker 3] jepsen.print: 3	:invoke	:idem-range-delete	{:rid "idem-rdel-s42-21", :range-start "/jepsen/idem/rd/s42/21/a", :range-end "/jepsen/idem/rd/s42/21/z", :post-write-key "/jepsen/idem/rd/s42/21/m", :post-write-val 21}
2026-09-16 15:02:36,136{GMT}	INFO	[jepsen worker 1] jepsen.print: 1	:ok	:idem-range-delete	{:rid "idem-rdel-s42-14", :range-start "/jepsen/idem/rd/s42/14/a", :range-end "/jepsen/idem/rd/s42/14/z", :post-write-key "/jepsen/idem/rd/s42/14/m", :post-write-val 14}
2026-09-16 15:02:36,251{GMT}	INFO	[jepsen worker 3] jepsen.print: 3	:ok	:idem-range-delete	{:rid "idem-rdel-s42-21", :range-start "/jepsen/idem/rd/s42/21/a", :range-end "/jepsen/idem/rd/s42/21/z", :post-write-key "/jepsen/idem/rd/s42/21/m", :post-write-val 21}
2026-09-16 15:02:36,380{GMT}	INFO	[jepsen worker 3] jepsen.print: 3	:invoke	:idem-range-delete	{:rid "idem-rdel-s42-25", :range-start "/jepsen/idem/rd/s42/25/a", :range-end "/jepsen/idem/rd/s42/25/z", :post-write-key "/jepsen/idem/rd/s42/25/m", :post-write-val 25}
2026-09-16 15:02:36,540{GMT}	INFO	[jepsen worker 3] jepsen.print: 3	:ok	:idem-range-delete	{:rid "idem-rdel-s42-25", :range-start "/jepsen/idem/rd/s42/25/a", :range-end "/jepsen/idem/rd/s42/25/z", :post-write-key "/jepsen/idem/rd/s42/25/m", :post-write-val 25}
2026-09-16 15:02:36,570{GMT}	INFO	[jepsen worker 0] jepsen.print: 0	:invoke	:idem-put	{:rid "idem-put-s42-19", :key "/jepsen/idem/put/s42/19", :val "19", :replays 2, :setup-val nil, :replay-delay-ms 4000, :replay-node-offset 0}
2026-09-16 15:02:36,957{GMT}	INFO	[jepsen worker 1] jepsen.print: 1	:invoke	:idem-delete	{:rid "idem-del-s42-17", :key "/jepsen/idem/del/s42/17", :val "17", :replays 2, :replay-delay-ms 4000, :replay-node-offset 0}
2026-09-16 15:02:37,021{GMT}	INFO	[jepsen worker 3] jepsen.print: 3	:invoke	:idem-put	{:rid "idem-put-s42-27", :key "/jepsen/idem/put/s42/27", :val "27", :replays 2, :setup-val "OLD-27", :replay-delay-ms 4000, :replay-node-offset 0}
2026-09-16 15:02:39,483{GMT}	INFO	[jepsen worker nemesis] jepsen.print: :nemesis	:info	:stop	nil
2026-09-16 15:02:39,532{GMT}	INFO	[jepsen node n1] jepsen.coord.db: Restarting coord on n1
2026-09-16 15:02:39,532{GMT}	INFO	[jepsen node n1] jepsen.control.util: Starting coord
2026-09-16 15:02:39,646{GMT}	INFO	[jepsen node n1] jepsen.coord.db: Waiting for coord on n1 to be ready
2026-09-16 15:02:39,752{GMT}	INFO	[jepsen worker 4] jepsen.print: 4	:ok	:idem-put	{:key "/jepsen/idem/put/s42/12", :expected-version 2, :replays 3, :replay-delay-ms 4000, :setup-val "OLD-12", :replay-node-offset 0, :val "12", :setup {:revision 44, :ok? true, :node "n1"}, :rid "idem-put-s42-12"}
2026-09-16 15:02:39,752{GMT}	INFO	[jepsen worker 4] jepsen.print: 4	:invoke	:idem-put	{:rid "idem-put-s42-30", :key "/jepsen/idem/put/s42/30", :val "30", :replays 3, :setup-val "OLD-30", :replay-delay-ms 4000, :replay-node-offset 0}
2026-09-16 15:02:40,609{GMT}	INFO	[jepsen worker 0] jepsen.print: 0	:ok	:idem-put	{:key "/jepsen/idem/put/s42/19", :expected-version 1, :replays 2, :replay-delay-ms 4000, :setup-val nil, :replay-node-offset 0, :val "19", :setup nil, :rid "idem-put-s42-19"}
2026-09-16 15:02:40,609{GMT}	INFO	[jepsen worker 0] jepsen.print: 0	:invoke	:idem-put	{:rid "idem-put-s42-31", :key "/jepsen/idem/put/s42/31", :val "31", :replays 2, :setup-val nil, :replay-delay-ms 4000, :replay-node-offset 0}
2026-09-16 15:02:40,659{GMT}	INFO	[jepsen node n1] jepsen.coord.db: coord n1 is ready
2026-09-16 15:02:40,659{GMT}	INFO	[jepsen worker nemesis] jepsen.print: :nemesis	:info	:stop	{"n1" [:restarted "n1"]}
2026-09-16 15:02:41,014{GMT}	INFO	[jepsen worker 1] jepsen.print: 1	:ok	:idem-delete	{:rid "idem-del-s42-17", :key "/jepsen/idem/del/s42/17", :val "17", :replays 2, :replay-delay-ms 4000, :replay-node-offset 0, :setup {:revision 70, :ok? true, :node "n3"}, :expected-version 0}
2026-09-16 15:02:41,014{GMT}	INFO	[jepsen worker 1] jepsen.print: 1	:invoke	:idem-delete	{:rid "idem-del-s42-29", :key "/jepsen/idem/del/s42/29", :val "29", :replays 2, :replay-delay-ms 4000, :replay-node-offset 0}
2026-09-16 15:02:41,084{GMT}	INFO	[jepsen worker 3] jepsen.print: 3	:ok	:idem-put	{:key "/jepsen/idem/put/s42/27", :expected-version 2, :replays 2, :replay-delay-ms 4000, :setup-val "OLD-27", :replay-node-offset 0, :val "27", :setup {:revision 72, :ok? true, :node "n3"}, :rid "idem-put-s42-27"}
2026-09-16 15:02:41,365{GMT}	INFO	[jepsen worker 3] jepsen.print: 3	:invoke	:idem-range-delete	{:rid "idem-rdel-s42-28", :range-start "/jepsen/idem/rd/s42/28/a", :range-end "/jepsen/idem/rd/s42/28/z", :post-write-key "/jepsen/idem/rd/s42/28/m", :post-write-val 28}
2026-09-16 15:02:41,543{GMT}	INFO	[jepsen worker 3] jepsen.print: 3	:ok	:idem-range-delete	{:rid "idem-rdel-s42-28", :range-start "/jepsen/idem/rd/s42/28/a", :range-end "/jepsen/idem/rd/s42/28/z", :post-write-key "/jepsen/idem/rd/s42/28/m", :post-write-val 28}
2026-09-16 15:02:41,543{GMT}	INFO	[jepsen worker 3] jepsen.print: 3	:invoke	:idem-range-delete	{:rid "idem-rdel-s42-34", :range-start "/jepsen/idem/rd/s42/34/a", :range-end "/jepsen/idem/rd/s42/34/z", :post-write-key "/jepsen/idem/rd/s42/34/m", :post-write-val 34}
2026-09-16 15:02:41,744{GMT}	INFO	[jepsen worker 3] jepsen.print: 3	:ok	:idem-range-delete	{:rid "idem-rdel-s42-34", :range-start "/jepsen/idem/rd/s42/34/a", :range-end "/jepsen/idem/rd/s42/34/z", :post-write-key "/jepsen/idem/rd/s42/34/m", :post-write-val 34}
2026-09-16 15:02:41,921{GMT}	INFO	[jepsen worker 3] jepsen.print: 3	:invoke	:idem-range-delete	{:rid "idem-rdel-s42-35", :range-start "/jepsen/idem/rd/s42/35/a", :range-end "/jepsen/idem/rd/s42/35/z", :post-write-key "/jepsen/idem/rd/s42/35/m", :post-write-val 35}
2026-09-16 15:02:42,062{GMT}	INFO	[jepsen worker 3] jepsen.print: 3	:ok	:idem-range-delete	{:rid "idem-rdel-s42-35", :range-start "/jepsen/idem/rd/s42/35/a", :range-end "/jepsen/idem/rd/s42/35/z", :post-write-key "/jepsen/idem/rd/s42/35/m", :post-write-val 35}
2026-09-16 15:02:42,062{GMT}	INFO	[jepsen worker 3] jepsen.print: 3	:invoke	:idem-range-delete	{:rid "idem-rdel-s42-36", :range-start "/jepsen/idem/rd/s42/36/a", :range-end "/jepsen/idem/rd/s42/36/z", :post-write-key "/jepsen/idem/rd/s42/36/m", :post-write-val 36}
2026-09-16 15:02:42,192{GMT}	INFO	[jepsen worker 3] jepsen.print: 3	:ok	:idem-range-delete	{:rid "idem-rdel-s42-36", :range-start "/jepsen/idem/rd/s42/36/a", :range-end "/jepsen/idem/rd/s42/36/z", :post-write-key "/jepsen/idem/rd/s42/36/m", :post-write-val 36}
2026-09-16 15:02:42,202{GMT}	INFO	[jepsen worker 3] jepsen.print: 3	:invoke	:idem-delete	{:rid "idem-del-s42-33", :key "/jepsen/idem/del/s42/33", :val "33", :replays 2, :replay-delay-ms 4000, :replay-node-offset 0}
2026-09-16 15:02:42,918{GMT}	INFO	[jepsen worker 2] jepsen.print: 2	:ok	:idem-put	{:key "/jepsen/idem/put/s42/18", :expected-version 2, :replays 3, :replay-delay-ms 4000, :setup-val "OLD-18", :replay-node-offset 0, :val "18", :setup {:revision 49, :ok? true, :node "n3"}, :rid "idem-put-s42-18"}
2026-09-16 15:02:42,919{GMT}	INFO	[jepsen worker 2] jepsen.print: 2	:invoke	:idem-range-delete	{:rid "idem-rdel-s42-37", :range-start "/jepsen/idem/rd/s42/37/a", :range-end "/jepsen/idem/rd/s42/37/z", :post-write-key "/jepsen/idem/rd/s42/37/m", :post-write-val 37}
2026-09-16 15:02:43,068{GMT}	INFO	[jepsen worker 2] jepsen.print: 2	:ok	:idem-range-delete	{:rid "idem-rdel-s42-37", :range-start "/jepsen/idem/rd/s42/37/a", :range-end "/jepsen/idem/rd/s42/37/z", :post-write-key "/jepsen/idem/rd/s42/37/m", :post-write-val 37}
2026-09-16 15:02:43,068{GMT}	INFO	[jepsen worker 2] jepsen.print: 2	:invoke	:idem-range-delete	{:rid "idem-rdel-s42-39", :range-start "/jepsen/idem/rd/s42/39/a", :range-end "/jepsen/idem/rd/s42/39/z", :post-write-key "/jepsen/idem/rd/s42/39/m", :post-write-val 39}
2026-09-16 15:02:43,201{GMT}	INFO	[jepsen worker 2] jepsen.print: 2	:ok	:idem-range-delete	{:rid "idem-rdel-s42-39", :range-start "/jepsen/idem/rd/s42/39/a", :range-end "/jepsen/idem/rd/s42/39/z", :post-write-key "/jepsen/idem/rd/s42/39/m", :post-write-val 39}
2026-09-16 15:02:43,527{GMT}	INFO	[jepsen worker 2] jepsen.print: 2	:invoke	:idem-delete	{:rid "idem-del-s42-38", :key "/jepsen/idem/del/s42/38", :val "38", :replays 3, :replay-delay-ms 4000, :replay-node-offset 0}
2026-09-16 15:02:44,647{GMT}	INFO	[jepsen worker 0] jepsen.print: 0	:ok	:idem-put	{:key "/jepsen/idem/put/s42/31", :expected-version 1, :replays 2, :replay-delay-ms 4000, :setup-val nil, :replay-node-offset 0, :val "31", :setup nil, :rid "idem-put-s42-31"}
2026-09-16 15:02:44,647{GMT}	INFO	[jepsen worker 0] jepsen.print: 0	:invoke	:idem-delete	{:rid "idem-del-s42-41", :key "/jepsen/idem/del/s42/41", :val "41", :replays 2, :replay-delay-ms 4000, :replay-node-offset 0}
2026-09-16 15:02:45,089{GMT}	INFO	[jepsen worker 1] jepsen.print: 1	:ok	:idem-delete	{:rid "idem-del-s42-29", :key "/jepsen/idem/del/s42/29", :val "29", :replays 2, :replay-delay-ms 4000, :replay-node-offset 0, :setup {:revision 77, :ok? true, :node "n3"}, :expected-version 0}
2026-09-16 15:02:45,090{GMT}	INFO	[jepsen worker 1] jepsen.print: 1	:invoke	:idem-delete	{:rid "idem-del-s42-42", :key "/jepsen/idem/del/s42/42", :val "42", :replays 3, :replay-delay-ms 4000, :replay-node-offset 0}
2026-09-16 15:02:45,203{GMT}	INFO	[jepsen worker nemesis] jepsen.print: :nemesis	:info	:start	nil
2026-09-16 15:02:45,213{GMT}	INFO	[jepsen worker nemesis] jepsen.print: :nemesis	:info	:start	{"n3" [:killed "n3"]}
2026-09-16 15:02:46,274{GMT}	INFO	[jepsen worker 3] jepsen.print: 3	:ok	:idem-delete	{:rid "idem-del-s42-33", :key "/jepsen/idem/del/s42/33", :val "33", :replays 2, :replay-delay-ms 4000, :replay-node-offset 0, :setup {:revision 99, :ok? true, :node "n3"}, :expected-version 0}
2026-09-16 15:02:46,274{GMT}	INFO	[jepsen worker 3] jepsen.print: 3	:invoke	:idem-range-delete	{:rid "idem-rdel-s42-40", :range-start "/jepsen/idem/rd/s42/40/a", :range-end "/jepsen/idem/rd/s42/40/z", :post-write-key "/jepsen/idem/rd/s42/40/m", :post-write-val 40}
2026-09-16 15:02:46,386{GMT}	INFO	[jepsen worker 3] jepsen.print: 3	:ok	:idem-range-delete	{:rid "idem-rdel-s42-40", :range-start "/jepsen/idem/rd/s42/40/a", :range-end "/jepsen/idem/rd/s42/40/z", :post-write-key "/jepsen/idem/rd/s42/40/m", :post-write-val 40}
2026-09-16 15:02:46,386{GMT}	INFO	[jepsen worker 3] jepsen.print: 3	:invoke	:idem-delete	{:rid "idem-del-s42-43", :key "/jepsen/idem/del/s42/43", :val "43", :replays 2, :replay-delay-ms 4000, :replay-node-offset 0}
2026-09-16 15:02:47,844{GMT}	INFO	[jepsen worker 4] jepsen.print: 4	:ok	:idem-put	{:key "/jepsen/idem/put/s42/30", :expected-version 2, :replays 3, :replay-delay-ms 4000, :setup-val "OLD-30", :replay-node-offset 0, :val "30", :setup {:revision 74, :ok? true, :node "n3"}, :rid "idem-put-s42-30"}
2026-09-16 15:02:47,844{GMT}	INFO	[jepsen worker 4] jepsen.print: 4	:invoke	:idem-range-delete	{:rid "idem-rdel-s42-44", :range-start "/jepsen/idem/rd/s42/44/a", :range-end "/jepsen/idem/rd/s42/44/z", :post-write-key "/jepsen/idem/rd/s42/44/m", :post-write-val 44}
2026-09-16 15:02:47,950{GMT}	INFO	[jepsen worker 4] jepsen.print: 4	:ok	:idem-range-delete	{:rid "idem-rdel-s42-44", :range-start "/jepsen/idem/rd/s42/44/a", :range-end "/jepsen/idem/rd/s42/44/z", :post-write-key "/jepsen/idem/rd/s42/44/m", :post-write-val 44}
2026-09-16 15:02:48,037{GMT}	INFO	[jepsen worker 4] jepsen.print: 4	:invoke	:idem-range-delete	{:rid "idem-rdel-s42-46", :range-start "/jepsen/idem/rd/s42/46/a", :range-end "/jepsen/idem/rd/s42/46/z", :post-write-key "/jepsen/idem/rd/s42/46/m", :post-write-val 46}
2026-09-16 15:02:48,151{GMT}	INFO	[jepsen worker 4] jepsen.print: 4	:ok	:idem-range-delete	{:rid "idem-rdel-s42-46", :range-start "/jepsen/idem/rd/s42/46/a", :range-end "/jepsen/idem/rd/s42/46/z", :post-write-key "/jepsen/idem/rd/s42/46/m", :post-write-val 46}
2026-09-16 15:02:48,377{GMT}	INFO	[jepsen worker 4] jepsen.print: 4	:invoke	:idem-range-delete	{:rid "idem-rdel-s42-47", :range-start "/jepsen/idem/rd/s42/47/a", :range-end "/jepsen/idem/rd/s42/47/z", :post-write-key "/jepsen/idem/rd/s42/47/m", :post-write-val 47}
2026-09-16 15:02:48,487{GMT}	INFO	[jepsen worker 4] jepsen.print: 4	:ok	:idem-range-delete	{:rid "idem-rdel-s42-47", :range-start "/jepsen/idem/rd/s42/47/a", :range-end "/jepsen/idem/rd/s42/47/z", :post-write-key "/jepsen/idem/rd/s42/47/m", :post-write-val 47}
2026-09-16 15:02:48,487{GMT}	INFO	[jepsen worker 4] jepsen.print: 4	:invoke	:idem-put	{:rid "idem-put-s42-32", :key "/jepsen/idem/put/s42/32", :val "32", :replays 3, :setup-val nil, :replay-delay-ms 4000, :replay-node-offset 0}
2026-09-16 15:02:48,720{GMT}	INFO	[jepsen worker 0] jepsen.print: 0	:ok	:idem-delete	{:rid "idem-del-s42-41", :key "/jepsen/idem/del/s42/41", :val "41", :replays 2, :replay-delay-ms 4000, :replay-node-offset 0, :setup {:revision 113, :ok? true, :node "n3"}, :expected-version 0}
2026-09-16 15:02:48,720{GMT}	INFO	[jepsen worker 0] jepsen.print: 0	:invoke	:idem-put	{:rid "idem-put-s42-49", :key "/jepsen/idem/put/s42/49", :val "49", :replays 2, :setup-val nil, :replay-delay-ms 4000, :replay-node-offset 0}
2026-09-16 15:02:49,599{GMT}	INFO	[jepsen worker nemesis] jepsen.print: :nemesis	:info	:stop	nil
2026-09-16 15:02:49,627{GMT}	INFO	[jepsen node n3] jepsen.coord.db: Restarting coord on n3
2026-09-16 15:02:49,627{GMT}	INFO	[jepsen node n3] jepsen.control.util: Starting coord
2026-09-16 15:02:49,747{GMT}	INFO	[jepsen node n3] jepsen.coord.db: Waiting for coord on n3 to be ready
2026-09-16 15:02:49,827{GMT}	INFO	[jepsen node n3] jepsen.coord.db: coord n3 is ready
2026-09-16 15:02:49,827{GMT}	INFO	[jepsen worker nemesis] jepsen.print: :nemesis	:info	:stop	{"n3" [:restarted "n3"]}
2026-09-16 15:02:50,431{GMT}	INFO	[jepsen worker 3] jepsen.print: 3	:ok	:idem-delete	{:rid "idem-del-s42-43", :key "/jepsen/idem/del/s42/43", :val "43", :replays 2, :replay-delay-ms 4000, :replay-node-offset 0, :setup {:revision 124, :ok? true, :node "n2"}, :expected-version 0}
2026-09-16 15:02:50,432{GMT}	INFO	[jepsen worker 3] jepsen.print: 3	:invoke	:idem-range-delete	{:rid "idem-rdel-s42-48", :range-start "/jepsen/idem/rd/s42/48/a", :range-end "/jepsen/idem/rd/s42/48/z", :post-write-key "/jepsen/idem/rd/s42/48/m", :post-write-val 48}
2026-09-16 15:02:50,571{GMT}	INFO	[jepsen worker 3] jepsen.print: 3	:ok	:idem-range-delete	{:rid "idem-rdel-s42-48", :range-start "/jepsen/idem/rd/s42/48/a", :range-end "/jepsen/idem/rd/s42/48/z", :post-write-key "/jepsen/idem/rd/s42/48/m", :post-write-val 48}
2026-09-16 15:02:51,438{GMT}	INFO	[jepsen worker 3] jepsen.print: 3	:invoke	:idem-range-delete	{:rid "idem-rdel-s42-51", :range-start "/jepsen/idem/rd/s42/51/a", :range-end "/jepsen/idem/rd/s42/51/z", :post-write-key "/jepsen/idem/rd/s42/51/m", :post-write-val 51}
2026-09-16 15:02:51,559{GMT}	INFO	[jepsen worker 3] jepsen.print: 3	:ok	:idem-range-delete	{:rid "idem-rdel-s42-51", :range-start "/jepsen/idem/rd/s42/51/a", :range-end "/jepsen/idem/rd/s42/51/z", :post-write-key "/jepsen/idem/rd/s42/51/m", :post-write-val 51}
2026-09-16 15:02:51,621{GMT}	INFO	[jepsen worker 2] jepsen.print: 2	:ok	:idem-delete	{:rid "idem-del-s42-38", :key "/jepsen/idem/del/s42/38", :val "38", :replays 3, :replay-delay-ms 4000, :replay-node-offset 0, :setup {:revision 111, :ok? true, :node "n3"}, :expected-version 0}
2026-09-16 15:02:52,200{GMT}	INFO	[jepsen worker 2] jepsen.print: 2	:invoke	:idem-delete	{:rid "idem-del-s42-45", :key "/jepsen/idem/del/s42/45", :val "45", :replays 2, :replay-delay-ms 4000, :replay-node-offset 0}
2026-09-16 15:02:52,342{GMT}	INFO	[jepsen worker 3] jepsen.print: 3	:invoke	:idem-delete	{:rid "idem-del-s42-54", :key "/jepsen/idem/del/s42/54", :val "54", :replays 3, :replay-delay-ms 4000, :replay-node-offset 0}
2026-09-16 15:02:52,742{GMT}	INFO	[jepsen worker 0] jepsen.print: 0	:ok	:idem-put	{:key "/jepsen/idem/put/s42/49", :expected-version 1, :replays 2, :replay-delay-ms 4000, :setup-val nil, :replay-node-offset 0, :val "49", :setup nil, :rid "idem-put-s42-49"}
2026-09-16 15:02:52,795{GMT}	INFO	[jepsen worker 0] jepsen.print: 0	:invoke	:idem-delete	{:rid "idem-del-s42-55", :key "/jepsen/idem/del/s42/55", :val "55", :replays 2, :replay-delay-ms 4000, :replay-node-offset 0}
2026-09-16 15:02:53,172{GMT}	INFO	[jepsen worker 1] jepsen.print: 1	:ok	:idem-delete	{:rid "idem-del-s42-42", :key "/jepsen/idem/del/s42/42", :val "42", :replays 3, :replay-delay-ms 4000, :replay-node-offset 0, :setup {:revision 115, :ok? true, :node "n3"}, :expected-version 0}
2026-09-16 15:02:53,172{GMT}	INFO	[jepsen worker 1] jepsen.print: 1	:invoke	:idem-range-delete	{:rid "idem-rdel-s42-52", :range-start "/jepsen/idem/rd/s42/52/a", :range-end "/jepsen/idem/rd/s42/52/z", :post-write-key "/jepsen/idem/rd/s42/52/m", :post-write-val 52}
2026-09-16 15:02:53,294{GMT}	INFO	[jepsen worker 1] jepsen.print: 1	:ok	:idem-range-delete	{:rid "idem-rdel-s42-52", :range-start "/jepsen/idem/rd/s42/52/a", :range-end "/jepsen/idem/rd/s42/52/z", :post-write-key "/jepsen/idem/rd/s42/52/m", :post-write-val 52}
2026-09-16 15:02:53,295{GMT}	INFO	[jepsen worker 1] jepsen.print: 1	:invoke	:idem-delete	{:rid "idem-del-s42-56", :key "/jepsen/idem/del/s42/56", :val "56", :replays 3, :replay-delay-ms 4000, :replay-node-offset 0}
2026-09-16 15:02:56,155{GMT}	INFO	[jepsen worker nemesis] jepsen.print: :nemesis	:info	:start	nil
2026-09-16 15:02:56,180{GMT}	INFO	[jepsen worker nemesis] jepsen.print: :nemesis	:info	:start	{"n3" [:killed "n3"]}
2026-09-16 15:02:56,255{GMT}	INFO	[jepsen worker 2] jepsen.print: 2	:ok	:idem-delete	{:rid "idem-del-s42-45", :key "/jepsen/idem/del/s42/45", :val "45", :replays 2, :replay-delay-ms 4000, :replay-node-offset 0, :setup {:revision 157, :ok? true, :node "n2"}, :expected-version 0}
2026-09-16 15:02:56,255{GMT}	INFO	[jepsen worker 2] jepsen.print: 2	:invoke	:idem-put	{:rid "idem-put-s42-50", :key "/jepsen/idem/put/s42/50", :val "50", :replays 3, :setup-val nil, :replay-delay-ms 4000, :replay-node-offset 0}
2026-09-16 15:02:56,515{GMT}	INFO	[jepsen worker 4] jepsen.print: 4	:ok	:idem-put	{:key "/jepsen/idem/put/s42/32", :expected-version 1, :replays 3, :replay-delay-ms 4000, :setup-val nil, :replay-node-offset 0, :val "32", :setup nil, :rid "idem-put-s42-32"}
2026-09-16 15:02:56,516{GMT}	INFO	[jepsen worker 4] jepsen.print: 4	:invoke	:idem-delete	{:rid "idem-del-s42-58", :key "/jepsen/idem/del/s42/58", :val "58", :replays 3, :replay-delay-ms 4000, :replay-node-offset 0}
2026-09-16 15:02:56,850{GMT}	INFO	[jepsen worker 0] jepsen.print: 0	:ok	:idem-delete	{:rid "idem-del-s42-55", :key "/jepsen/idem/del/s42/55", :val "55", :replays 2, :replay-delay-ms 4000, :replay-node-offset 0, :setup {:revision 161, :ok? true, :node "n2"}, :expected-version 0}
2026-09-16 15:02:56,851{GMT}	INFO	[jepsen worker 0] jepsen.print: 0	:invoke	:idem-range-delete	{:rid "idem-rdel-s42-57", :range-start "/jepsen/idem/rd/s42/57/a", :range-end "/jepsen/idem/rd/s42/57/z", :post-write-key "/jepsen/idem/rd/s42/57/m", :post-write-val 57}
2026-09-16 15:02:56,968{GMT}	INFO	[jepsen worker 0] jepsen.print: 0	:ok	:idem-range-delete	{:rid "idem-rdel-s42-57", :range-start "/jepsen/idem/rd/s42/57/a", :range-end "/jepsen/idem/rd/s42/57/z", :post-write-key "/jepsen/idem/rd/s42/57/m", :post-write-val 57}
2026-09-16 15:02:57,193{GMT}	INFO	[jepsen worker 0] jepsen.print: 0	:invoke	:idem-delete	{:rid "idem-del-s42-60", :key "/jepsen/idem/del/s42/60", :val "60", :replays 3, :replay-delay-ms 4000, :replay-node-offset 0}
2026-09-16 15:03:00,398{GMT}	INFO	[jepsen worker 3] jepsen.print: 3	:ok	:idem-delete	{:rid "idem-del-s42-54", :key "/jepsen/idem/del/s42/54", :val "54", :replays 3, :replay-delay-ms 4000, :replay-node-offset 0, :setup {:revision 159, :ok? true, :node "n2"}, :expected-version 0}
2026-09-16 15:03:00,398{GMT}	INFO	[jepsen worker 3] jepsen.print: 3	:invoke	:idem-put	{:rid "idem-put-s42-59", :key "/jepsen/idem/put/s42/59", :val "59", :replays 2, :setup-val nil, :replay-delay-ms 4000, :replay-node-offset 0}
2026-09-16 15:03:01,349{GMT}	INFO	[jepsen worker 1] jepsen.print: 1	:ok	:idem-delete	{:rid "idem-del-s42-56", :key "/jepsen/idem/del/s42/56", :val "56", :replays 3, :replay-delay-ms 4000, :replay-node-offset 0, :setup {:revision 168, :ok? true, :node "n2"}, :expected-version 0}
2026-09-16 15:03:01,350{GMT}	INFO	[jepsen worker 1] jepsen.print: 1	:invoke	:idem-delete	{:rid "idem-del-s42-62", :key "/jepsen/idem/del/s42/62", :val "62", :replays 3, :replay-delay-ms 4000, :replay-node-offset 0}
2026-09-16 15:03:03,697{GMT}	INFO	[jepsen worker nemesis] jepsen.print: :nemesis	:info	:stop	nil
2026-09-16 15:03:03,746{GMT}	INFO	[jepsen node n3] jepsen.coord.db: Restarting coord on n3
2026-09-16 15:03:03,747{GMT}	INFO	[jepsen node n3] jepsen.control.util: Starting coord
2026-09-16 15:03:03,872{GMT}	INFO	[jepsen node n3] jepsen.coord.db: Waiting for coord on n3 to be ready
2026-09-16 15:03:03,945{GMT}	INFO	[jepsen node n3] jepsen.coord.db: coord n3 is ready
2026-09-16 15:03:03,946{GMT}	INFO	[jepsen worker nemesis] jepsen.print: :nemesis	:info	:stop	{"n3" [:restarted "n3"]}
2026-09-16 15:03:04,278{GMT}	INFO	[jepsen worker 2] jepsen.print: 2	:ok	:idem-put	{:key "/jepsen/idem/put/s42/50", :expected-version 1, :replays 3, :replay-delay-ms 4000, :setup-val nil, :replay-node-offset 0, :val "50", :setup nil, :rid "idem-put-s42-50"}
2026-09-16 15:03:04,278{GMT}	INFO	[jepsen worker 2] jepsen.print: 2	:invoke	:idem-put	{:rid "idem-put-s42-63", :key "/jepsen/idem/put/s42/63", :val "63", :replays 2, :setup-val "OLD-63", :replay-delay-ms 4000, :replay-node-offset 0}
2026-09-16 15:03:04,422{GMT}	INFO	[jepsen worker 3] jepsen.print: 3	:ok	:idem-put	{:key "/jepsen/idem/put/s42/59", :expected-version 1, :replays 2, :replay-delay-ms 4000, :setup-val nil, :replay-node-offset 0, :val "59", :setup nil, :rid "idem-put-s42-59"}
2026-09-16 15:03:04,423{GMT}	INFO	[jepsen worker 3] jepsen.print: 3	:invoke	:idem-range-delete	{:rid "idem-rdel-s42-61", :range-start "/jepsen/idem/rd/s42/61/a", :range-end "/jepsen/idem/rd/s42/61/z", :post-write-key "/jepsen/idem/rd/s42/61/m", :post-write-val 61}
2026-09-16 15:03:04,523{GMT}	INFO	[jepsen worker 3] jepsen.print: 3	:ok	:idem-range-delete	{:rid "idem-rdel-s42-61", :range-start "/jepsen/idem/rd/s42/61/a", :range-end "/jepsen/idem/rd/s42/61/z", :post-write-key "/jepsen/idem/rd/s42/61/m", :post-write-val 61}
2026-09-16 15:03:04,564{GMT}	INFO	[jepsen worker 4] jepsen.print: 4	:ok	:idem-delete	{:rid "idem-del-s42-58", :key "/jepsen/idem/del/s42/58", :val "58", :replays 3, :replay-delay-ms 4000, :replay-node-offset 0, :setup {:revision 171, :ok? true, :node "n2"}, :expected-version 0}
2026-09-16 15:03:04,573{GMT}	INFO	[jepsen worker 4] jepsen.print: 4	:invoke	:idem-delete	{:rid "idem-del-s42-64", :key "/jepsen/idem/del/s42/64", :val "64", :replays 3, :replay-delay-ms 4000, :replay-node-offset 0}
2026-09-16 15:03:04,861{GMT}	INFO	[jepsen worker 3] jepsen.print: 3	:invoke	:idem-range-delete	{:rid "idem-rdel-s42-66", :range-start "/jepsen/idem/rd/s42/66/a", :range-end "/jepsen/idem/rd/s42/66/z", :post-write-key "/jepsen/idem/rd/s42/66/m", :post-write-val 66}
2026-09-16 15:03:05,038{GMT}	INFO	[jepsen worker 3] jepsen.print: 3	:ok	:idem-range-delete	{:rid "idem-rdel-s42-66", :range-start "/jepsen/idem/rd/s42/66/a", :range-end "/jepsen/idem/rd/s42/66/z", :post-write-key "/jepsen/idem/rd/s42/66/m", :post-write-val 66}
2026-09-16 15:03:05,038{GMT}	INFO	[jepsen worker 3] jepsen.print: 3	:invoke	:idem-range-delete	{:rid "idem-rdel-s42-67", :range-start "/jepsen/idem/rd/s42/67/a", :range-end "/jepsen/idem/rd/s42/67/z", :post-write-key "/jepsen/idem/rd/s42/67/m", :post-write-val 67}
2026-09-16 15:03:05,172{GMT}	INFO	[jepsen worker 3] jepsen.print: 3	:ok	:idem-range-delete	{:rid "idem-rdel-s42-67", :range-start "/jepsen/idem/rd/s42/67/a", :range-end "/jepsen/idem/rd/s42/67/z", :post-write-key "/jepsen/idem/rd/s42/67/m", :post-write-val 67}
2026-09-16 15:03:05,199{GMT}	INFO	[jepsen worker 3] jepsen.print: 3	:invoke	:idem-range-delete	{:rid "idem-rdel-s42-69", :range-start "/jepsen/idem/rd/s42/69/a", :range-end "/jepsen/idem/rd/s42/69/z", :post-write-key "/jepsen/idem/rd/s42/69/m", :post-write-val 69}
2026-09-16 15:03:05,250{GMT}	INFO	[jepsen worker 0] jepsen.print: 0	:ok	:idem-delete	{:rid "idem-del-s42-60", :key "/jepsen/idem/del/s42/60", :val "60", :replays 3, :replay-delay-ms 4000, :replay-node-offset 0, :setup {:revision 178, :ok? true, :node "n2"}, :expected-version 0}
2026-09-16 15:03:05,335{GMT}	INFO	[jepsen worker 3] jepsen.print: 3	:ok	:idem-range-delete	{:rid "idem-rdel-s42-69", :range-start "/jepsen/idem/rd/s42/69/a", :range-end "/jepsen/idem/rd/s42/69/z", :post-write-key "/jepsen/idem/rd/s42/69/m", :post-write-val 69}
2026-09-16 15:03:05,965{GMT}	INFO	[jepsen worker 3] jepsen.print: 3	:invoke	:idem-put	{:rid "idem-put-s42-65", :key "/jepsen/idem/put/s42/65", :val "65", :replays 2, :setup-val nil, :replay-delay-ms 4000, :replay-node-offset 0}
2026-09-16 15:03:06,136{GMT}	INFO	[jepsen worker 0] jepsen.print: 0	:invoke	:idem-delete	{:rid "idem-del-s42-68", :key "/jepsen/idem/del/s42/68", :val "68", :replays 3, :replay-delay-ms 4000, :replay-node-offset 0}
2026-09-16 15:03:08,322{GMT}	INFO	[jepsen worker 2] jepsen.print: 2	:ok	:idem-put	{:key "/jepsen/idem/put/s42/63", :expected-version 2, :replays 2, :replay-delay-ms 4000, :setup-val "OLD-63", :replay-node-offset 0, :val "63", :setup {:revision 183, :ok? true, :node "n2"}, :rid "idem-put-s42-63"}
2026-09-16 15:03:08,322{GMT}	INFO	[jepsen worker 2] jepsen.print: 2	:invoke	:idem-put	{:rid "idem-put-s42-71", :key "/jepsen/idem/put/s42/71", :val "71", :replays 2, :setup-val nil, :replay-delay-ms 4000, :replay-node-offset 0}
2026-09-16 15:03:08,789{GMT}	INFO	[jepsen worker nemesis] jepsen.print: :nemesis	:info	:start	nil
2026-09-16 15:03:08,806{GMT}	INFO	[jepsen worker nemesis] jepsen.print: :nemesis	:info	:start	{"n3" [:killed "n3"]}
2026-09-16 15:03:09,396{GMT}	INFO	[jepsen worker 1] jepsen.print: 1	:ok	:idem-delete	{:rid "idem-del-s42-62", :key "/jepsen/idem/del/s42/62", :val "62", :replays 3, :replay-delay-ms 4000, :replay-node-offset 0, :setup {:revision 181, :ok? true, :node "n2"}, :expected-version 0}
2026-09-16 15:03:09,396{GMT}	INFO	[jepsen worker 1] jepsen.print: 1	:invoke	:idem-range-delete	{:rid "idem-rdel-s42-70", :range-start "/jepsen/idem/rd/s42/70/a", :range-end "/jepsen/idem/rd/s42/70/z", :post-write-key "/jepsen/idem/rd/s42/70/m", :post-write-val 70}
2026-09-16 15:03:09,503{GMT}	INFO	[jepsen worker 1] jepsen.print: 1	:ok	:idem-range-delete	{:rid "idem-rdel-s42-70", :range-start "/jepsen/idem/rd/s42/70/a", :range-end "/jepsen/idem/rd/s42/70/z", :post-write-key "/jepsen/idem/rd/s42/70/m", :post-write-val 70}
2026-09-16 15:03:09,835{GMT}	INFO	[jepsen worker 1] jepsen.print: 1	:invoke	:idem-delete	{:rid "idem-del-s42-72", :key "/jepsen/idem/del/s42/72", :val "72", :replays 3, :replay-delay-ms 4000, :replay-node-offset 0}
2026-09-16 15:03:09,995{GMT}	INFO	[jepsen worker 3] jepsen.print: 3	:ok	:idem-put	{:key "/jepsen/idem/put/s42/65", :expected-version 1, :replays 2, :replay-delay-ms 4000, :setup-val nil, :replay-node-offset 0, :val "65", :setup nil, :rid "idem-put-s42-65"}
2026-09-16 15:03:10,047{GMT}	INFO	[jepsen worker 3] jepsen.print: 3	:invoke	:idem-put	{:rid "idem-put-s42-73", :key "/jepsen/idem/put/s42/73", :val "73", :replays 2, :setup-val nil, :replay-delay-ms 4000, :replay-node-offset 0}
2026-09-16 15:03:12,352{GMT}	INFO	[jepsen worker 2] jepsen.print: 2	:ok	:idem-put	{:key "/jepsen/idem/put/s42/71", :expected-version 1, :replays 2, :replay-delay-ms 4000, :setup-val nil, :replay-node-offset 0, :val "71", :setup nil, :rid "idem-put-s42-71"}
2026-09-16 15:03:12,353{GMT}	INFO	[jepsen worker 2] jepsen.print: 2	:invoke	:idem-delete	{:rid "idem-del-s42-75", :key "/jepsen/idem/del/s42/75", :val "75", :replays 2, :replay-delay-ms 4000, :replay-node-offset 0}
2026-09-16 15:03:12,617{GMT}	INFO	[jepsen worker 4] jepsen.print: 4	:ok	:idem-delete	{:rid "idem-del-s42-64", :key "/jepsen/idem/del/s42/64", :val "64", :replays 3, :replay-delay-ms 4000, :replay-node-offset 0, :setup {:revision 190, :ok? true, :node "n2"}, :expected-version 0}
2026-09-16 15:03:12,617{GMT}	INFO	[jepsen worker 4] jepsen.print: 4	:invoke	:idem-put	{:rid "idem-put-s42-76", :key "/jepsen/idem/put/s42/76", :val "76", :replays 3, :setup-val nil, :replay-delay-ms 4000, :replay-node-offset 0}
2026-09-16 15:03:13,185{GMT}	INFO	[jepsen worker nemesis] jepsen.print: :nemesis	:info	:stop	nil
2026-09-16 15:03:13,234{GMT}	INFO	[jepsen node n3] jepsen.coord.db: Restarting coord on n3
2026-09-16 15:03:13,234{GMT}	INFO	[jepsen node n3] jepsen.control.util: Starting coord
2026-09-16 15:03:13,348{GMT}	INFO	[jepsen node n3] jepsen.coord.db: Waiting for coord on n3 to be ready
2026-09-16 15:03:14,074{GMT}	INFO	[jepsen worker 3] jepsen.print: 3	:ok	:idem-put	{:key "/jepsen/idem/put/s42/73", :expected-version 1, :replays 2, :replay-delay-ms 4000, :setup-val nil, :replay-node-offset 0, :val "73", :setup nil, :rid "idem-put-s42-73"}
2026-09-16 15:03:14,074{GMT}	INFO	[jepsen worker 3] jepsen.print: 3	:invoke	:idem-range-delete	{:rid "idem-rdel-s42-74", :range-start "/jepsen/idem/rd/s42/74/a", :range-end "/jepsen/idem/rd/s42/74/z", :post-write-key "/jepsen/idem/rd/s42/74/m", :post-write-val 74}
2026-09-16 15:03:14,198{GMT}	INFO	[jepsen worker 0] jepsen.print: 0	:ok	:idem-delete	{:rid "idem-del-s42-68", :key "/jepsen/idem/del/s42/68", :val "68", :replays 3, :replay-delay-ms 4000, :replay-node-offset 0, :setup {:revision 208, :ok? true, :node "n2"}, :expected-version 0}
2026-09-16 15:03:14,198{GMT}	INFO	[jepsen worker 0] jepsen.print: 0	:invoke	:idem-put	{:rid "idem-put-s42-78", :key "/jepsen/idem/put/s42/78", :val "78", :replays 3, :setup-val "OLD-78", :replay-delay-ms 4000, :replay-node-offset 0}
2026-09-16 15:03:14,200{GMT}	INFO	[jepsen worker 3] jepsen.print: 3	:ok	:idem-range-delete	{:rid "idem-rdel-s42-74", :range-start "/jepsen/idem/rd/s42/74/a", :range-end "/jepsen/idem/rd/s42/74/z", :post-write-key "/jepsen/idem/rd/s42/74/m", :post-write-val 74}
2026-09-16 15:03:14,213{GMT}	INFO	[jepsen worker 3] jepsen.print: 3	:invoke	:idem-range-delete	{:rid "idem-rdel-s42-79", :range-start "/jepsen/idem/rd/s42/79/a", :range-end "/jepsen/idem/rd/s42/79/z", :post-write-key "/jepsen/idem/rd/s42/79/m", :post-write-val 79}
2026-09-16 15:03:14,369{GMT}	INFO	[jepsen worker 3] jepsen.print: 3	:ok	:idem-range-delete	{:rid "idem-rdel-s42-79", :range-start "/jepsen/idem/rd/s42/79/a", :range-end "/jepsen/idem/rd/s42/79/z", :post-write-key "/jepsen/idem/rd/s42/79/m", :post-write-val 79}
2026-09-16 15:03:14,374{GMT}	INFO	[jepsen node n3] jepsen.coord.db: coord n3 is ready
2026-09-16 15:03:14,374{GMT}	INFO	[jepsen worker nemesis] jepsen.print: :nemesis	:info	:stop	{"n3" [:restarted "n3"]}
2026-09-16 15:03:14,425{GMT}	INFO	[jepsen worker 3] jepsen.print: 3	:invoke	:idem-delete	{:rid "idem-del-s42-77", :key "/jepsen/idem/del/s42/77", :val "77", :replays 2, :replay-delay-ms 4000, :replay-node-offset 0}
2026-09-16 15:03:16,411{GMT}	INFO	[jepsen worker 2] jepsen.print: 2	:ok	:idem-delete	{:rid "idem-del-s42-75", :key "/jepsen/idem/del/s42/75", :val "75", :replays 2, :replay-delay-ms 4000, :replay-node-offset 0, :setup {:revision 219, :ok? true, :node "n2"}, :expected-version 0}
2026-09-16 15:03:16,411{GMT}	INFO	[jepsen worker 2] jepsen.print: 2	:invoke	:idem-put	{:rid "idem-put-s42-80", :key "/jepsen/idem/put/s42/80", :val "80", :replays 3, :setup-val nil, :replay-delay-ms 4000, :replay-node-offset 0}
2026-09-16 15:03:17,881{GMT}	INFO	[jepsen worker 1] jepsen.print: 1	:ok	:idem-delete	{:rid "idem-del-s42-72", :key "/jepsen/idem/del/s42/72", :val "72", :replays 3, :replay-delay-ms 4000, :replay-node-offset 0, :setup {:revision 216, :ok? true, :node "n2"}, :expected-version 0}
2026-09-16 15:03:17,882{GMT}	INFO	[jepsen worker 1] jepsen.print: 1	:invoke	:idem-delete	{:rid "idem-del-s42-82", :key "/jepsen/idem/del/s42/82", :val "82", :replays 3, :replay-delay-ms 4000, :replay-node-offset 0}
2026-09-16 15:03:18,480{GMT}	INFO	[jepsen worker 3] jepsen.print: 3	:ok	:idem-delete	{:rid "idem-del-s42-77", :key "/jepsen/idem/del/s42/77", :val "77", :replays 2, :replay-delay-ms 4000, :replay-node-offset 0, :setup {:revision 234, :ok? true, :node "n2"}, :expected-version 0}
2026-09-16 15:03:18,578{GMT}	INFO	[jepsen worker 3] jepsen.print: 3	:invoke	:idem-delete	{:rid "idem-del-s42-84", :key "/jepsen/idem/del/s42/84", :val "84", :replays 3, :replay-delay-ms 4000, :replay-node-offset 0}
2026-09-16 15:03:19,693{GMT}	INFO	[jepsen worker nemesis] jepsen.print: :nemesis	:info	:start	nil
2026-09-16 15:03:19,710{GMT}	INFO	[jepsen worker nemesis] jepsen.print: :nemesis	:info	:start	{"n3" [:killed "n3"]}
2026-09-16 15:03:20,642{GMT}	INFO	[jepsen worker 4] jepsen.print: 4	:ok	:idem-put	{:key "/jepsen/idem/put/s42/76", :expected-version 1, :replays 3, :replay-delay-ms 4000, :setup-val nil, :replay-node-offset 0, :val "76", :setup nil, :rid "idem-put-s42-76"}
2026-09-16 15:03:20,642{GMT}	INFO	[jepsen worker 4] jepsen.print: 4	:invoke	:idem-delete	{:rid "idem-del-s42-85", :key "/jepsen/idem/del/s42/85", :val "85", :replays 2, :replay-delay-ms 4000, :replay-node-offset 0}
2026-09-16 15:03:22,269{GMT}	INFO	[jepsen worker 0] jepsen.print: 0	:ok	:idem-put	{:key "/jepsen/idem/put/s42/78", :expected-version 2, :replays 3, :replay-delay-ms 4000, :setup-val "OLD-78", :replay-node-offset 0, :val "78", :setup {:revision 227, :ok? true, :node "n2"}, :rid "idem-put-s42-78"}
2026-09-16 15:03:22,269{GMT}	INFO	[jepsen worker 0] jepsen.print: 0	:invoke	:idem-range-delete	{:rid "idem-rdel-s42-81", :range-start "/jepsen/idem/rd/s42/81/a", :range-end "/jepsen/idem/rd/s42/81/z", :post-write-key "/jepsen/idem/rd/s42/81/m", :post-write-val 81}
2026-09-16 15:03:22,381{GMT}	INFO	[jepsen worker 0] jepsen.print: 0	:ok	:idem-range-delete	{:rid "idem-rdel-s42-81", :range-start "/jepsen/idem/rd/s42/81/a", :range-end "/jepsen/idem/rd/s42/81/z", :post-write-key "/jepsen/idem/rd/s42/81/m", :post-write-val 81}
2026-09-16 15:03:22,591{GMT}	INFO	[jepsen worker 0] jepsen.print: 0	:invoke	:idem-range-delete	{:rid "idem-rdel-s42-87", :range-start "/jepsen/idem/rd/s42/87/a", :range-end "/jepsen/idem/rd/s42/87/z", :post-write-key "/jepsen/idem/rd/s42/87/m", :post-write-val 87}
2026-09-16 15:03:22,696{GMT}	INFO	[jepsen worker 0] jepsen.print: 0	:ok	:idem-range-delete	{:rid "idem-rdel-s42-87", :range-start "/jepsen/idem/rd/s42/87/a", :range-end "/jepsen/idem/rd/s42/87/z", :post-write-key "/jepsen/idem/rd/s42/87/m", :post-write-val 87}
2026-09-16 15:03:22,696{GMT}	INFO	[jepsen worker 0] jepsen.print: 0	:invoke	:idem-delete	{:rid "idem-del-s42-86", :key "/jepsen/idem/del/s42/86", :val "86", :replays 3, :replay-delay-ms 4000, :replay-node-offset 0}
2026-09-16 15:03:24,441{GMT}	INFO	[jepsen worker 2] jepsen.print: 2	:ok	:idem-put	{:key "/jepsen/idem/put/s42/80", :expected-version 1, :replays 3, :replay-delay-ms 4000, :setup-val nil, :replay-node-offset 0, :val "80", :setup nil, :rid "idem-put-s42-80"}
2026-09-16 15:03:24,441{GMT}	INFO	[jepsen worker 2] jepsen.print: 2	:invoke	:idem-put	{:rid "idem-put-s42-83", :key "/jepsen/idem/put/s42/83", :val "83", :replays 2, :setup-val nil, :replay-delay-ms 4000, :replay-node-offset 0}
2026-09-16 15:03:24,698{GMT}	INFO	[jepsen worker 4] jepsen.print: 4	:ok	:idem-delete	{:rid "idem-del-s42-85", :key "/jepsen/idem/del/s42/85", :val "85", :replays 2, :replay-delay-ms 4000, :replay-node-offset 0, :setup {:revision 241, :ok? true, :node "n2"}, :expected-version 0}
2026-09-16 15:03:24,699{GMT}	INFO	[jepsen worker 4] jepsen.print: 4	:invoke	:idem-put	{:rid "idem-put-s42-90", :key "/jepsen/idem/put/s42/90", :val "90", :replays 3, :setup-val "OLD-90", :replay-delay-ms 4000, :replay-node-offset 0}
2026-09-16 15:03:25,939{GMT}	INFO	[jepsen worker 1] jepsen.print: 1	:ok	:idem-delete	{:rid "idem-del-s42-82", :key "/jepsen/idem/del/s42/82", :val "82", :replays 3, :replay-delay-ms 4000, :replay-node-offset 0, :setup {:revision 237, :ok? true, :node "n2"}, :expected-version 0}
2026-09-16 15:03:25,939{GMT}	INFO	[jepsen worker 1] jepsen.print: 1	:invoke	:idem-put	{:rid "idem-put-s42-91", :key "/jepsen/idem/put/s42/91", :val "91", :replays 2, :setup-val nil, :replay-delay-ms 4000, :replay-node-offset 0}
2026-09-16 15:03:26,624{GMT}	INFO	[jepsen worker nemesis] jepsen.print: :nemesis	:info	:stop	nil
2026-09-16 15:03:26,637{GMT}	INFO	[jepsen worker 3] jepsen.print: 3	:ok	:idem-delete	{:rid "idem-del-s42-84", :key "/jepsen/idem/del/s42/84", :val "84", :replays 3, :replay-delay-ms 4000, :replay-node-offset 0, :setup {:revision 239, :ok? true, :node "n2"}, :expected-version 0}
2026-09-16 15:03:26,637{GMT}	INFO	[jepsen worker 3] jepsen.print: 3	:invoke	:idem-range-delete	{:rid "idem-rdel-s42-88", :range-start "/jepsen/idem/rd/s42/88/a", :range-end "/jepsen/idem/rd/s42/88/z", :post-write-key "/jepsen/idem/rd/s42/88/m", :post-write-val 88}
2026-09-16 15:03:26,658{GMT}	INFO	[jepsen node n3] jepsen.coord.db: Restarting coord on n3
2026-09-16 15:03:26,658{GMT}	INFO	[jepsen node n3] jepsen.control.util: Starting coord
2026-09-16 15:03:26,731{GMT}	INFO	[jepsen worker 3] jepsen.print: 3	:ok	:idem-range-delete	{:rid "idem-rdel-s42-88", :range-start "/jepsen/idem/rd/s42/88/a", :range-end "/jepsen/idem/rd/s42/88/z", :post-write-key "/jepsen/idem/rd/s42/88/m", :post-write-val 88}
2026-09-16 15:03:26,731{GMT}	INFO	[jepsen worker 3] jepsen.print: 3	:invoke	:idem-range-delete	{:rid "idem-rdel-s42-93", :range-start "/jepsen/idem/rd/s42/93/a", :range-end "/jepsen/idem/rd/s42/93/z", :post-write-key "/jepsen/idem/rd/s42/93/m", :post-write-val 93}
2026-09-16 15:03:26,758{GMT}	INFO	[jepsen node n3] jepsen.coord.db: Waiting for coord on n3 to be ready
2026-09-16 15:03:26,863{GMT}	INFO	[jepsen worker 3] jepsen.print: 3	:ok	:idem-range-delete	{:rid "idem-rdel-s42-93", :range-start "/jepsen/idem/rd/s42/93/a", :range-end "/jepsen/idem/rd/s42/93/z", :post-write-key "/jepsen/idem/rd/s42/93/m", :post-write-val 93}
2026-09-16 15:03:27,767{GMT}	INFO	[jepsen node n3] jepsen.coord.db: coord n3 is ready
2026-09-16 15:03:27,767{GMT}	INFO	[jepsen worker nemesis] jepsen.print: :nemesis	:info	:stop	{"n3" [:restarted "n3"]}
2026-09-16 15:03:28,465{GMT}	INFO	[jepsen worker 2] jepsen.print: 2	:ok	:idem-put	{:key "/jepsen/idem/put/s42/83", :expected-version 1, :replays 2, :replay-delay-ms 4000, :setup-val nil, :replay-node-offset 0, :val "83", :setup nil, :rid "idem-put-s42-83"}
2026-09-16 15:03:28,938{GMT}	INFO	[jepsen worker 2] jepsen.print: 2	:invoke	:idem-delete	{:rid "idem-del-s42-89", :key "/jepsen/idem/del/s42/89", :val "89", :replays 2, :replay-delay-ms 4000, :replay-node-offset 0}
2026-09-16 15:03:29,380{GMT}	INFO	[jepsen worker 3] jepsen.print: 3	:invoke	:idem-delete	{:rid "idem-del-s42-96", :key "/jepsen/idem/del/s42/96", :val "96", :replays 3, :replay-delay-ms 4000, :replay-node-offset 0}
2026-09-16 15:03:29,960{GMT}	INFO	[jepsen worker 1] jepsen.print: 1	:ok	:idem-put	{:key "/jepsen/idem/put/s42/91", :expected-version 1, :replays 2, :replay-delay-ms 4000, :setup-val nil, :replay-node-offset 0, :val "91", :setup nil, :rid "idem-put-s42-91"}
2026-09-16 15:03:29,961{GMT}	INFO	[jepsen worker 1] jepsen.print: 1	:invoke	:idem-put	{:rid "idem-put-s42-92", :key "/jepsen/idem/put/s42/92", :val "92", :replays 3, :setup-val nil, :replay-delay-ms 4000, :replay-node-offset 0}
2026-09-16 15:03:30,743{GMT}	INFO	[jepsen worker 0] jepsen.print: 0	:ok	:idem-delete	{:rid "idem-del-s42-86", :key "/jepsen/idem/del/s42/86", :val "86", :replays 3, :replay-delay-ms 4000, :replay-node-offset 0, :setup {:revision 253, :ok? true, :node "n2"}, :expected-version 0}
2026-09-16 15:03:30,743{GMT}	INFO	[jepsen worker 0] jepsen.print: 0	:invoke	:idem-delete	{:rid "idem-del-s42-97", :key "/jepsen/idem/del/s42/97", :val "97", :replays 2, :replay-delay-ms 4000, :replay-node-offset 0}
2026-09-16 15:03:32,745{GMT}	INFO	[jepsen worker 4] jepsen.print: 4	:ok	:idem-put	{:key "/jepsen/idem/put/s42/90", :expected-version 2, :replays 3, :replay-delay-ms 4000, :setup-val "OLD-90", :replay-node-offset 0, :val "90", :setup {:revision 256, :ok? true, :node "n2"}, :rid "idem-put-s42-90"}
2026-09-16 15:03:32,745{GMT}	INFO	[jepsen worker 4] jepsen.print: 4	:invoke	:idem-delete	{:rid "idem-del-s42-99", :key "/jepsen/idem/del/s42/99", :val "99", :replays 2, :replay-delay-ms 4000, :replay-node-offset 0}
2026-09-16 15:03:32,988{GMT}	INFO	[jepsen worker 2] jepsen.print: 2	:ok	:idem-delete	{:rid "idem-del-s42-89", :key "/jepsen/idem/del/s42/89", :val "89", :replays 2, :replay-delay-ms 4000, :replay-node-offset 0, :setup {:revision 269, :ok? true, :node "n2"}, :expected-version 0}
2026-09-16 15:03:32,988{GMT}	INFO	[jepsen worker 2] jepsen.print: 2	:invoke	:idem-put	{:rid "idem-put-s42-98", :key "/jepsen/idem/put/s42/98", :val "98", :replays 3, :setup-val nil, :replay-delay-ms 4000, :replay-node-offset 0}
2026-09-16 15:03:34,797{GMT}	INFO	[jepsen worker 0] jepsen.print: 0	:ok	:idem-delete	{:rid "idem-del-s42-97", :key "/jepsen/idem/del/s42/97", :val "97", :replays 2, :replay-delay-ms 4000, :replay-node-offset 0, :setup {:revision 274, :ok? true, :node "n2"}, :expected-version 0}
2026-09-16 15:03:34,798{GMT}	INFO	[jepsen worker 0] jepsen.print: 0	:invoke	:idem-put	{:rid "idem-put-s42-101", :key "/jepsen/idem/put/s42/101", :val "101", :replays 2, :setup-val nil, :replay-delay-ms 4000, :replay-node-offset 0}
2026-09-16 15:03:35,363{GMT}	INFO	[jepsen worker nemesis] jepsen.print: :nemesis	:info	:start	nil
2026-09-16 15:03:35,374{GMT}	INFO	[jepsen worker nemesis] jepsen.print: :nemesis	:info	:start	{"n2" [:killed "n2"]}
2026-09-16 15:03:36,818{GMT}	INFO	[jepsen worker 4] jepsen.print: 4	:ok	:idem-delete	{:rid "idem-del-s42-99", :key "/jepsen/idem/del/s42/99", :val "99", :replays 2, :replay-delay-ms 4000, :replay-node-offset 0, :setup {:revision 276, :ok? true, :node "n2"}, :expected-version 0}
2026-09-16 15:03:36,819{GMT}	INFO	[jepsen worker 4] jepsen.print: 4	:invoke	:idem-delete	{:rid "idem-del-s42-100", :key "/jepsen/idem/del/s42/100", :val "100", :replays 3, :replay-delay-ms 4000, :replay-node-offset 0}
2026-09-16 15:03:37,453{GMT}	INFO	[jepsen worker 3] jepsen.print: 3	:ok	:idem-delete	{:rid "idem-del-s42-96", :key "/jepsen/idem/del/s42/96", :val "96", :replays 3, :replay-delay-ms 4000, :replay-node-offset 0, :setup {:revision 271, :ok? true, :node "n2"}, :expected-version 0}
2026-09-16 15:03:37,453{GMT}	INFO	[jepsen worker 3] jepsen.print: 3	:invoke	:idem-put	{:rid "idem-put-s42-102", :key "/jepsen/idem/put/s42/102", :val "102", :replays 3, :setup-val "OLD-102", :replay-delay-ms 4000, :replay-node-offset 0}
2026-09-16 15:03:38,010{GMT}	INFO	[jepsen worker 1] jepsen.print: 1	:ok	:idem-put	{:key "/jepsen/idem/put/s42/92", :expected-version 1, :replays 3, :replay-delay-ms 4000, :setup-val nil, :replay-node-offset 0, :val "92", :setup nil, :rid "idem-put-s42-92"}
2026-09-16 15:03:38,010{GMT}	INFO	[jepsen worker 1] jepsen.print: 1	:invoke	:idem-delete	{:rid "idem-del-s42-103", :key "/jepsen/idem/del/s42/103", :val "103", :replays 2, :replay-delay-ms 4000, :replay-node-offset 0}
2026-09-16 15:03:38,840{GMT}	INFO	[jepsen worker 0] jepsen.print: 0	:ok	:idem-put	{:key "/jepsen/idem/put/s42/101", :expected-version 1, :replays 2, :replay-delay-ms 4000, :setup-val nil, :replay-node-offset 0, :val "101", :setup nil, :rid "idem-put-s42-101"}
2026-09-16 15:03:38,840{GMT}	INFO	[jepsen worker 0] jepsen.print: 0	:invoke	:idem-delete	{:rid "idem-del-s42-105", :key "/jepsen/idem/del/s42/105", :val "105", :replays 2, :replay-delay-ms 4000, :replay-node-offset 0}
2026-09-16 15:03:40,556{GMT}	INFO	[jepsen worker nemesis] jepsen.print: :nemesis	:info	:stop	nil
2026-09-16 15:03:40,577{GMT}	INFO	[jepsen node n2] jepsen.coord.db: Restarting coord on n2
2026-09-16 15:03:40,577{GMT}	INFO	[jepsen node n2] jepsen.control.util: Starting coord
2026-09-16 15:03:40,682{GMT}	INFO	[jepsen node n2] jepsen.coord.db: Waiting for coord on n2 to be ready
2026-09-16 15:03:41,035{GMT}	INFO	[jepsen worker 2] jepsen.print: 2	:ok	:idem-put	{:key "/jepsen/idem/put/s42/98", :expected-version 1, :replays 3, :replay-delay-ms 4000, :setup-val nil, :replay-node-offset 0, :val "98", :setup nil, :rid "idem-put-s42-98"}
2026-09-16 15:03:41,035{GMT}	INFO	[jepsen worker 2] jepsen.print: 2	:invoke	:idem-delete	{:rid "idem-del-s42-106", :key "/jepsen/idem/del/s42/106", :val "106", :replays 3, :replay-delay-ms 4000, :replay-node-offset 0}
2026-09-16 15:03:41,694{GMT}	INFO	[jepsen node n2] jepsen.coord.db: coord n2 is ready
2026-09-16 15:03:41,695{GMT}	INFO	[jepsen worker nemesis] jepsen.print: :nemesis	:info	:stop	{"n2" [:restarted "n2"]}
2026-09-16 15:03:42,052{GMT}	INFO	[jepsen worker 1] jepsen.print: 1	:ok	:idem-delete	{:rid "idem-del-s42-103", :key "/jepsen/idem/del/s42/103", :val "103", :replays 2, :replay-delay-ms 4000, :replay-node-offset 0, :setup {:revision 289, :ok? true, :node "n3"}, :expected-version 0}
2026-09-16 15:03:42,053{GMT}	INFO	[jepsen worker 1] jepsen.print: 1	:invoke	:idem-range-delete	{:rid "idem-rdel-s42-94", :range-start "/jepsen/idem/rd/s42/94/a", :range-end "/jepsen/idem/rd/s42/94/z", :post-write-key "/jepsen/idem/rd/s42/94/m", :post-write-val 94}
2026-09-16 15:03:42,223{GMT}	INFO	[jepsen worker 1] jepsen.print: 1	:ok	:idem-range-delete	{:rid "idem-rdel-s42-94", :range-start "/jepsen/idem/rd/s42/94/a", :range-end "/jepsen/idem/rd/s42/94/z", :post-write-key "/jepsen/idem/rd/s42/94/m", :post-write-val 94}
2026-09-16 15:03:42,360{GMT}	INFO	[jepsen worker 1] jepsen.print: 1	:invoke	:idem-delete	{:rid "idem-del-s42-107", :key "/jepsen/idem/del/s42/107", :val "107", :replays 2, :replay-delay-ms 4000, :replay-node-offset 0}
2026-09-16 15:03:42,887{GMT}	INFO	[jepsen worker 0] jepsen.print: 0	:ok	:idem-delete	{:rid "idem-del-s42-105", :key "/jepsen/idem/del/s42/105", :val "105", :replays 2, :replay-delay-ms 4000, :replay-node-offset 0, :setup {:revision 292, :ok? true, :node "n3"}, :expected-version 0}
2026-09-16 15:03:42,888{GMT}	INFO	[jepsen worker 0] jepsen.print: 0	:invoke	:idem-put	{:rid "idem-put-s42-104", :key "/jepsen/idem/put/s42/104", :val "104", :replays 3, :setup-val nil, :replay-delay-ms 4000, :replay-node-offset 0}
2026-09-16 15:03:44,863{GMT}	INFO	[jepsen worker 4] jepsen.print: 4	:ok	:idem-delete	{:rid "idem-del-s42-100", :key "/jepsen/idem/del/s42/100", :val "100", :replays 3, :replay-delay-ms 4000, :replay-node-offset 0, :setup {:revision 282, :ok? true, :node "n3"}, :expected-version 0}
2026-09-16 15:03:44,864{GMT}	INFO	[jepsen worker 4] jepsen.print: 4	:invoke	:idem-delete	{:rid "idem-del-s42-109", :key "/jepsen/idem/del/s42/109", :val "109", :replays 2, :replay-delay-ms 4000, :replay-node-offset 0}
2026-09-16 15:03:45,496{GMT}	INFO	[jepsen worker 3] jepsen.print: 3	:ok	:idem-put	{:key "/jepsen/idem/put/s42/102", :expected-version 2, :replays 3, :replay-delay-ms 4000, :setup-val "OLD-102", :replay-node-offset 0, :val "102", :setup {:revision 286, :ok? true, :node "n3"}, :rid "idem-put-s42-102"}
2026-09-16 15:03:45,496{GMT}	INFO	[jepsen worker 3] jepsen.print: 3	:invoke	:idem-range-delete	{:rid "idem-rdel-s42-108", :range-start "/jepsen/idem/rd/s42/108/a", :range-end "/jepsen/idem/rd/s42/108/z", :post-write-key "/jepsen/idem/rd/s42/108/m", :post-write-val 108}
2026-09-16 15:03:45,636{GMT}	INFO	[jepsen worker 3] jepsen.print: 3	:ok	:idem-range-delete	{:rid "idem-rdel-s42-108", :range-start "/jepsen/idem/rd/s42/108/a", :range-end "/jepsen/idem/rd/s42/108/z", :post-write-key "/jepsen/idem/rd/s42/108/m", :post-write-val 108}
2026-09-16 15:03:45,690{GMT}	INFO	[jepsen worker 3] jepsen.print: 3	:invoke	:idem-range-delete	{:rid "idem-rdel-s42-112", :range-start "/jepsen/idem/rd/s42/112/a", :range-end "/jepsen/idem/rd/s42/112/z", :post-write-key "/jepsen/idem/rd/s42/112/m", :post-write-val 112}
2026-09-16 15:03:45,829{GMT}	INFO	[jepsen worker 3] jepsen.print: 3	:ok	:idem-range-delete	{:rid "idem-rdel-s42-112", :range-start "/jepsen/idem/rd/s42/112/a", :range-end "/jepsen/idem/rd/s42/112/z", :post-write-key "/jepsen/idem/rd/s42/112/m", :post-write-val 112}
2026-09-16 15:03:46,171{GMT}	INFO	[jepsen worker 3] jepsen.print: 3	:invoke	:idem-delete	{:rid "idem-del-s42-111", :key "/jepsen/idem/del/s42/111", :val "111", :replays 2, :replay-delay-ms 4000, :replay-node-offset 0}
2026-09-16 15:03:46,418{GMT}	INFO	[jepsen worker 1] jepsen.print: 1	:ok	:idem-delete	{:rid "idem-del-s42-107", :key "/jepsen/idem/del/s42/107", :val "107", :replays 2, :replay-delay-ms 4000, :replay-node-offset 0, :setup {:revision 301, :ok? true, :node "n3"}, :expected-version 0}
2026-09-16 15:03:46,612{GMT}	INFO	[jepsen worker 1] jepsen.print: 1	:invoke	:idem-range-delete	{:rid "idem-rdel-s42-113", :range-start "/jepsen/idem/rd/s42/113/a", :range-end "/jepsen/idem/rd/s42/113/z", :post-write-key "/jepsen/idem/rd/s42/113/m", :post-write-val 113}
2026-09-16 15:03:46,755{GMT}	INFO	[jepsen worker 1] jepsen.print: 1	:ok	:idem-range-delete	{:rid "idem-rdel-s42-113", :range-start "/jepsen/idem/rd/s42/113/a", :range-end "/jepsen/idem/rd/s42/113/z", :post-write-key "/jepsen/idem/rd/s42/113/m", :post-write-val 113}
2026-09-16 15:03:46,755{GMT}	INFO	[jepsen worker 1] jepsen.print: 1	:invoke	:idem-range-delete	{:rid "idem-rdel-s42-115", :range-start "/jepsen/idem/rd/s42/115/a", :range-end "/jepsen/idem/rd/s42/115/z", :post-write-key "/jepsen/idem/rd/s42/115/m", :post-write-val 115}
2026-09-16 15:03:46,882{GMT}	INFO	[jepsen worker 1] jepsen.print: 1	:ok	:idem-range-delete	{:rid "idem-rdel-s42-115", :range-start "/jepsen/idem/rd/s42/115/a", :range-end "/jepsen/idem/rd/s42/115/z", :post-write-key "/jepsen/idem/rd/s42/115/m", :post-write-val 115}
2026-09-16 15:03:46,882{GMT}	INFO	[jepsen worker 1] jepsen.print: 1	:invoke	:idem-delete	{:rid "idem-del-s42-114", :key "/jepsen/idem/del/s42/114", :val "114", :replays 3, :replay-delay-ms 4000, :replay-node-offset 0}
2026-09-16 15:03:48,444{GMT}	INFO	[jepsen worker nemesis] jepsen.print: :nemesis	:info	:start	nil
2026-09-16 15:03:48,455{GMT}	INFO	[jepsen worker nemesis] jepsen.print: :nemesis	:info	:start	{"n3" [:killed "n3"]}
2026-09-16 15:03:48,919{GMT}	INFO	[jepsen worker 4] jepsen.print: 4	:info	:idem-delete	{:rid "idem-del-s42-109", :key "/jepsen/idem/del/s42/109", :val "109", :replays 2, :replay-delay-ms 4000, :replay-node-offset 0, :setup {:revision 304, :ok? true, :node "n3"}, :expected-version 0}
2026-09-16 15:03:48,919{GMT}	INFO	[jepsen worker 4] jepsen.print: 9	:invoke	:idem-delete	{:rid "idem-del-s42-117", :key "/jepsen/idem/del/s42/117", :val "117", :replays 2, :replay-delay-ms 4000, :replay-node-offset 0}
2026-09-16 15:03:48,919{GMT}	INFO	[jepsen worker 4] jepsen.coord.client: Opening coord client on n2
2026-09-16 15:03:49,113{GMT}	INFO	[jepsen worker 2] jepsen.print: 2	:ok	:idem-delete	{:rid "idem-del-s42-106", :key "/jepsen/idem/del/s42/106", :val "106", :replays 3, :replay-delay-ms 4000, :replay-node-offset 0, :setup {:revision 294, :ok? true, :node "n3"}, :expected-version 0}
2026-09-16 15:03:49,190{GMT}	INFO	[jepsen worker 2] jepsen.print: 2	:invoke	:idem-delete	{:rid "idem-del-s42-118", :key "/jepsen/idem/del/s42/118", :val "118", :replays 3, :replay-delay-ms 4000, :replay-node-offset 0}
2026-09-16 15:03:50,250{GMT}	INFO	[jepsen worker 3] jepsen.print: 3	:ok	:idem-delete	{:rid "idem-del-s42-111", :key "/jepsen/idem/del/s42/111", :val "111", :replays 2, :replay-delay-ms 4000, :replay-node-offset 0, :setup {:revision 316, :ok? true, :node "n3"}, :expected-version 0}
2026-09-16 15:03:50,250{GMT}	INFO	[jepsen worker 3] jepsen.print: 3	:invoke	:idem-put	{:rid "idem-put-s42-110", :key "/jepsen/idem/put/s42/110", :val "110", :replays 3, :setup-val nil, :replay-delay-ms 4000, :replay-node-offset 0}
2026-09-16 15:03:50,944{GMT}	INFO	[jepsen worker 0] jepsen.print: 0	:ok	:idem-put	{:key "/jepsen/idem/put/s42/104", :expected-version 1, :replays 3, :replay-delay-ms 4000, :setup-val nil, :replay-node-offset 0, :val "104", :setup nil, :rid "idem-put-s42-104"}
2026-09-16 15:03:50,944{GMT}	INFO	[jepsen worker 0] jepsen.print: 0	:invoke	:idem-put	{:rid "idem-put-s42-120", :key "/jepsen/idem/put/s42/120", :val "120", :replays 3, :setup-val "OLD-120", :replay-delay-ms 4000, :replay-node-offset 0}
2026-09-16 15:03:53,162{GMT}	INFO	[jepsen worker 4] jepsen.print: 9	:ok	:idem-delete	{:rid "idem-del-s42-117", :key "/jepsen/idem/del/s42/117", :val "117", :replays 2, :replay-delay-ms 4000, :replay-node-offset 0, :setup {:revision 334, :ok? true, :node "n2"}, :expected-version 0}
2026-09-16 15:03:53,162{GMT}	INFO	[jepsen worker 4] jepsen.print: 9	:invoke	:idem-delete	{:rid "idem-del-s42-119", :key "/jepsen/idem/del/s42/119", :val "119", :replays 2, :replay-delay-ms 4000, :replay-node-offset 0}
2026-09-16 15:03:53,387{GMT}	INFO	[jepsen worker nemesis] jepsen.print: :nemesis	:info	:stop	nil
2026-09-16 15:03:53,429{GMT}	INFO	[jepsen node n3] jepsen.coord.db: Restarting coord on n3
2026-09-16 15:03:53,430{GMT}	INFO	[jepsen node n3] jepsen.control.util: Starting coord
2026-09-16 15:03:53,541{GMT}	INFO	[jepsen node n3] jepsen.coord.db: Waiting for coord on n3 to be ready
2026-09-16 15:03:53,619{GMT}	INFO	[jepsen node n3] jepsen.coord.db: coord n3 is ready
2026-09-16 15:03:53,619{GMT}	INFO	[jepsen worker nemesis] jepsen.print: :nemesis	:info	:stop	{"n3" [:restarted "n3"]}
2026-09-16 15:03:54,959{GMT}	INFO	[jepsen worker 1] jepsen.print: 1	:ok	:idem-delete	{:rid "idem-del-s42-114", :key "/jepsen/idem/del/s42/114", :val "114", :replays 3, :replay-delay-ms 4000, :replay-node-offset 0, :setup {:revision 328, :ok? true, :node "n3"}, :expected-version 0}
2026-09-16 15:03:54,960{GMT}	INFO	[jepsen worker 1] jepsen.print: 1	:invoke	:idem-range-delete	{:rid "idem-rdel-s42-116", :range-start "/jepsen/idem/rd/s42/116/a", :range-end "/jepsen/idem/rd/s42/116/z", :post-write-key "/jepsen/idem/rd/s42/116/m", :post-write-val 116}
2026-09-16 15:03:55,091{GMT}	INFO	[jepsen worker 1] jepsen.print: 1	:ok	:idem-range-delete	{:rid "idem-rdel-s42-116", :range-start "/jepsen/idem/rd/s42/116/a", :range-end "/jepsen/idem/rd/s42/116/z", :post-write-key "/jepsen/idem/rd/s42/116/m", :post-write-val 116}
2026-09-16 15:03:55,092{GMT}	INFO	[jepsen worker 1] jepsen.print: 1	:invoke	:idem-range-delete	{:rid "idem-rdel-s42-123", :range-start "/jepsen/idem/rd/s42/123/a", :range-end "/jepsen/idem/rd/s42/123/z", :post-write-key "/jepsen/idem/rd/s42/123/m", :post-write-val 123}
2026-09-16 15:03:55,223{GMT}	INFO	[jepsen worker 1] jepsen.print: 1	:ok	:idem-range-delete	{:rid "idem-rdel-s42-123", :range-start "/jepsen/idem/rd/s42/123/a", :range-end "/jepsen/idem/rd/s42/123/z", :post-write-key "/jepsen/idem/rd/s42/123/m", :post-write-val 123}
2026-09-16 15:03:55,223{GMT}	INFO	[jepsen worker 1] jepsen.print: 1	:invoke	:idem-range-delete	{:rid "idem-rdel-s42-124", :range-start "/jepsen/idem/rd/s42/124/a", :range-end "/jepsen/idem/rd/s42/124/z", :post-write-key "/jepsen/idem/rd/s42/124/m", :post-write-val 124}
2026-09-16 15:03:55,356{GMT}	INFO	[jepsen worker 1] jepsen.print: 1	:ok	:idem-range-delete	{:rid "idem-rdel-s42-124", :range-start "/jepsen/idem/rd/s42/124/a", :range-end "/jepsen/idem/rd/s42/124/z", :post-write-key "/jepsen/idem/rd/s42/124/m", :post-write-val 124}
2026-09-16 15:03:55,356{GMT}	INFO	[jepsen worker 1] jepsen.print: 1	:invoke	:idem-delete	{:rid "idem-del-s42-122", :key "/jepsen/idem/del/s42/122", :val "122", :replays 3, :replay-delay-ms 4000, :replay-node-offset 0}
2026-09-16 15:03:57,210{GMT}	INFO	[jepsen worker 4] jepsen.print: 9	:ok	:idem-delete	{:rid "idem-del-s42-119", :key "/jepsen/idem/del/s42/119", :val "119", :replays 2, :replay-delay-ms 4000, :replay-node-offset 0, :setup {:revision 344, :ok? true, :node "n2"}, :expected-version 0}
2026-09-16 15:03:57,210{GMT}	INFO	[jepsen worker 4] jepsen.print: 9	:invoke	:idem-range-delete	{:rid "idem-rdel-s42-125", :range-start "/jepsen/idem/rd/s42/125/a", :range-end "/jepsen/idem/rd/s42/125/z", :post-write-key "/jepsen/idem/rd/s42/125/m", :post-write-val 125}
2026-09-16 15:03:57,244{GMT}	INFO	[jepsen worker 2] jepsen.print: 2	:ok	:idem-delete	{:rid "idem-del-s42-118", :key "/jepsen/idem/del/s42/118", :val "118", :replays 3, :replay-delay-ms 4000, :replay-node-offset 0, :setup {:revision 336, :ok? true, :node "n2"}, :expected-version 0}
2026-09-16 15:03:57,267{GMT}	INFO	[jepsen worker 2] jepsen.print: 2	:invoke	:idem-delete	{:rid "idem-del-s42-126", :key "/jepsen/idem/del/s42/126", :val "126", :replays 3, :replay-delay-ms 4000, :replay-node-offset 0}
2026-09-16 15:03:57,376{GMT}	INFO	[jepsen worker 4] jepsen.print: 9	:ok	:idem-range-delete	{:rid "idem-rdel-s42-125", :range-start "/jepsen/idem/rd/s42/125/a", :range-end "/jepsen/idem/rd/s42/125/z", :post-write-key "/jepsen/idem/rd/s42/125/m", :post-write-val 125}
2026-09-16 15:03:57,506{GMT}	INFO	[jepsen worker nemesis] jepsen.print: :nemesis	:info	:start	nil
2026-09-16 15:03:57,520{GMT}	INFO	[jepsen worker nemesis] jepsen.print: :nemesis	:info	:start	{"n2" [:killed "n2"]}
2026-09-16 15:03:57,889{GMT}	INFO	[jepsen worker 4] jepsen.print: 9	:invoke	:idem-put	{:rid "idem-put-s42-121", :key "/jepsen/idem/put/s42/121", :val "121", :replays 2, :setup-val nil, :replay-delay-ms 4000, :replay-node-offset 0}
2026-09-16 15:03:58,291{GMT}	INFO	[jepsen worker 3] jepsen.print: 3	:ok	:idem-put	{:key "/jepsen/idem/put/s42/110", :expected-version 1, :replays 3, :replay-delay-ms 4000, :setup-val nil, :replay-node-offset 0, :val "110", :setup nil, :rid "idem-put-s42-110"}
2026-09-16 15:03:58,292{GMT}	INFO	[jepsen worker 3] jepsen.print: 3	:invoke	:idem-delete	{:rid "idem-del-s42-128", :key "/jepsen/idem/del/s42/128", :val "128", :replays 3, :replay-delay-ms 4000, :replay-node-offset 0}
2026-09-16 15:03:59,015{GMT}	INFO	[jepsen worker 0] jepsen.print: 0	:ok	:idem-put	{:key "/jepsen/idem/put/s42/120", :expected-version 2, :replays 3, :replay-delay-ms 4000, :setup-val "OLD-120", :replay-node-offset 0, :val "120", :setup {:revision 342, :ok? true, :node "n2"}, :rid "idem-put-s42-120"}
2026-09-16 15:03:59,056{GMT}	INFO	[jepsen worker 0] jepsen.print: 0	:invoke	:idem-range-delete	{:rid "idem-rdel-s42-127", :range-start "/jepsen/idem/rd/s42/127/a", :range-end "/jepsen/idem/rd/s42/127/z", :post-write-key "/jepsen/idem/rd/s42/127/m", :post-write-val 127}
2026-09-16 15:03:59,158{GMT}	INFO	[jepsen worker 0] jepsen.print: 0	:ok	:idem-range-delete	{:rid "idem-rdel-s42-127", :range-start "/jepsen/idem/rd/s42/127/a", :range-end "/jepsen/idem/rd/s42/127/z", :post-write-key "/jepsen/idem/rd/s42/127/m", :post-write-val 127}
2026-09-16 15:03:59,296{GMT}	INFO	[jepsen worker 0] jepsen.print: 0	:invoke	:idem-put	{:rid "idem-put-s42-129", :key "/jepsen/idem/put/s42/129", :val "129", :replays 2, :setup-val "OLD-129", :replay-delay-ms 4000, :replay-node-offset 0}
2026-09-16 15:04:01,911{GMT}	INFO	[jepsen worker 4] jepsen.print: 9	:info	:idem-put	{:key "/jepsen/idem/put/s42/121", :expected-version 1, :replays 2, :replay-delay-ms 4000, :setup-val nil, :replay-node-offset 0, :val "121", :setup nil, :rid "idem-put-s42-121"}
2026-09-16 15:04:01,911{GMT}	INFO	[jepsen worker 4] jepsen.print: 14	:invoke	:idem-delete	{:rid "idem-del-s42-130", :key "/jepsen/idem/del/s42/130", :val "130", :replays 3, :replay-delay-ms 4000, :replay-node-offset 0}
2026-09-16 15:04:01,912{GMT}	INFO	[jepsen worker 4] jepsen.coord.client: Opening coord client on n2
2026-09-16 15:04:03,339{GMT}	INFO	[jepsen worker 0] jepsen.print: 0	:ok	:idem-put	{:key "/jepsen/idem/put/s42/129", :expected-version 2, :replays 2, :replay-delay-ms 4000, :setup-val "OLD-129", :replay-node-offset 0, :val "129", :setup {:revision 380, :ok? true, :node "n1"}, :rid "idem-put-s42-129"}
2026-09-16 15:04:03,339{GMT}	INFO	[jepsen worker 0] jepsen.print: 0	:invoke	:idem-put	{:rid "idem-put-s42-132", :key "/jepsen/idem/put/s42/132", :val "132", :replays 3, :setup-val "OLD-132", :replay-delay-ms 4000, :replay-node-offset 0}
2026-09-16 15:04:03,425{GMT}	INFO	[jepsen worker 1] jepsen.print: 1	:ok	:idem-delete	{:rid "idem-del-s42-122", :key "/jepsen/idem/del/s42/122", :val "122", :replays 3, :replay-delay-ms 4000, :replay-node-offset 0, :setup {:revision 361, :ok? true, :node "n2"}, :expected-version 0}
2026-09-16 15:04:03,492{GMT}	INFO	[jepsen worker nemesis] jepsen.print: :nemesis	:info	:stop	nil
2026-09-16 15:04:03,528{GMT}	INFO	[jepsen node n2] jepsen.coord.db: Restarting coord on n2
2026-09-16 15:04:03,528{GMT}	INFO	[jepsen node n2] jepsen.control.util: Starting coord
2026-09-16 15:04:03,628{GMT}	INFO	[jepsen node n2] jepsen.coord.db: Waiting for coord on n2 to be ready
2026-09-16 15:04:03,712{GMT}	INFO	[jepsen node n2] jepsen.coord.db: coord n2 is ready
2026-09-16 15:04:03,712{GMT}	INFO	[jepsen worker nemesis] jepsen.print: :nemesis	:info	:stop	{"n2" [:restarted "n2"]}
2026-09-16 15:04:03,721{GMT}	INFO	[jepsen worker 1] jepsen.print: 1	:invoke	:idem-delete	{:rid "idem-del-s42-133", :key "/jepsen/idem/del/s42/133", :val "133", :replays 2, :replay-delay-ms 4000, :replay-node-offset 0}
2026-09-16 15:04:05,384{GMT}	INFO	[jepsen worker 2] jepsen.print: 2	:ok	:idem-delete	{:rid "idem-del-s42-126", :key "/jepsen/idem/del/s42/126", :val "126", :replays 3, :replay-delay-ms 4000, :replay-node-offset 0, :setup {:revision 366, :ok? true, :node "n2"}, :expected-version 0}
2026-09-16 15:04:05,384{GMT}	INFO	[jepsen worker 2] jepsen.print: 2	:invoke	:idem-put	{:rid "idem-put-s42-134", :key "/jepsen/idem/put/s42/134", :val "134", :replays 3, :setup-val nil, :replay-delay-ms 4000, :replay-node-offset 0}
2026-09-16 15:04:06,330{GMT}	INFO	[jepsen worker 3] jepsen.print: 3	:ok	:idem-delete	{:rid "idem-del-s42-128", :key "/jepsen/idem/del/s42/128", :val "128", :replays 3, :replay-delay-ms 4000, :replay-node-offset 0, :setup {:revision 372, :ok? true, :node "n1"}, :expected-version 0}
2026-09-16 15:04:06,330{GMT}	INFO	[jepsen worker 3] jepsen.print: 3	:invoke	:idem-delete	{:rid "idem-del-s42-135", :key "/jepsen/idem/del/s42/135", :val "135", :replays 2, :replay-delay-ms 4000, :replay-node-offset 0}
2026-09-16 15:04:07,761{GMT}	INFO	[jepsen worker nemesis] jepsen.print: :nemesis	:info	:start	nil
2026-09-16 15:04:07,778{GMT}	INFO	[jepsen worker nemesis] jepsen.print: :nemesis	:info	:start	{"n3" [:killed "n3"]}
2026-09-16 15:04:07,781{GMT}	INFO	[jepsen worker 1] jepsen.print: 1	:ok	:idem-delete	{:rid "idem-del-s42-133", :key "/jepsen/idem/del/s42/133", :val "133", :replays 2, :replay-delay-ms 4000, :replay-node-offset 0, :setup {:revision 391, :ok? true, :node "n1"}, :expected-version 0}
2026-09-16 15:04:07,781{GMT}	INFO	[jepsen worker 1] jepsen.print: 1	:invoke	:idem-delete	{:rid "idem-del-s42-137", :key "/jepsen/idem/del/s42/137", :val "137", :replays 2, :replay-delay-ms 4000, :replay-node-offset 0}
2026-09-16 15:04:10,038{GMT}	INFO	[jepsen worker 4] jepsen.print: 14	:ok	:idem-delete	{:rid "idem-del-s42-130", :key "/jepsen/idem/del/s42/130", :val "130", :replays 3, :replay-delay-ms 4000, :replay-node-offset 0, :setup {:revision 387, :ok? true, :node "n1"}, :expected-version 0}
2026-09-16 15:04:10,038{GMT}	INFO	[jepsen worker 4] jepsen.print: 14	:invoke	:idem-put	{:rid "idem-put-s42-136", :key "/jepsen/idem/put/s42/136", :val "136", :replays 3, :setup-val nil, :replay-delay-ms 4000, :replay-node-offset 0}
2026-09-16 15:04:10,391{GMT}	INFO	[jepsen worker 3] jepsen.print: 3	:ok	:idem-delete	{:rid "idem-del-s42-135", :key "/jepsen/idem/del/s42/135", :val "135", :replays 2, :replay-delay-ms 4000, :replay-node-offset 0, :setup {:revision 394, :ok? true, :node "n1"}, :expected-version 0}
2026-09-16 15:04:10,572{GMT}	INFO	[jepsen worker 3] jepsen.print: 3	:invoke	:idem-range-delete	{:rid "idem-rdel-s42-131", :range-start "/jepsen/idem/rd/s42/131/a", :range-end "/jepsen/idem/rd/s42/131/z", :post-write-key "/jepsen/idem/rd/s42/131/m", :post-write-val 131}
2026-09-16 15:04:10,713{GMT}	INFO	[jepsen worker 3] jepsen.print: 3	:ok	:idem-range-delete	{:rid "idem-rdel-s42-131", :range-start "/jepsen/idem/rd/s42/131/a", :range-end "/jepsen/idem/rd/s42/131/z", :post-write-key "/jepsen/idem/rd/s42/131/m", :post-write-val 131}
2026-09-16 15:04:11,381{GMT}	INFO	[jepsen worker 0] jepsen.print: 0	:ok	:idem-put	{:key "/jepsen/idem/put/s42/132", :expected-version 2, :replays 3, :replay-delay-ms 4000, :setup-val "OLD-132", :replay-node-offset 0, :val "132", :setup {:revision 389, :ok? true, :node "n1"}, :rid "idem-put-s42-132"}
2026-09-16 15:04:11,720{GMT}	INFO	[jepsen worker 3] jepsen.print: 3	:invoke	:idem-delete	{:rid "idem-del-s42-138", :key "/jepsen/idem/del/s42/138", :val "138", :replays 3, :replay-delay-ms 4000, :replay-node-offset 0}
2026-09-16 15:04:11,823{GMT}	INFO	[jepsen worker 1] jepsen.print: 1	:ok	:idem-delete	{:rid "idem-del-s42-137", :key "/jepsen/idem/del/s42/137", :val "137", :replays 2, :replay-delay-ms 4000, :replay-node-offset 0, :setup {:revision 396, :ok? true, :node "n1"}, :expected-version 0}
2026-09-16 15:04:12,330{GMT}	INFO	[jepsen worker 0] jepsen.print: 0	:invoke	:idem-put	{:rid "idem-put-s42-139", :key "/jepsen/idem/put/s42/139", :val "139", :replays 2, :setup-val nil, :replay-delay-ms 4000, :replay-node-offset 0}
2026-09-16 15:04:12,670{GMT}	INFO	[jepsen worker 1] jepsen.print: 1	:invoke	:idem-delete	{:rid "idem-del-s42-142", :key "/jepsen/idem/del/s42/142", :val "142", :replays 3, :replay-delay-ms 4000, :replay-node-offset 0}
2026-09-16 15:04:13,411{GMT}	INFO	[jepsen worker 2] jepsen.print: 2	:ok	:idem-put	{:key "/jepsen/idem/put/s42/134", :expected-version 1, :replays 3, :replay-delay-ms 4000, :setup-val nil, :replay-node-offset 0, :val "134", :setup nil, :rid "idem-put-s42-134"}
2026-09-16 15:04:13,411{GMT}	INFO	[jepsen worker 2] jepsen.print: 2	:invoke	:idem-put	{:rid "idem-put-s42-144", :key "/jepsen/idem/put/s42/144", :val "144", :replays 3, :setup-val "OLD-144", :replay-delay-ms 4000, :replay-node-offset 0}
2026-09-16 15:04:14,907{GMT}	INFO	[jepsen worker nemesis] jepsen.print: :nemesis	:info	:stop	nil
2026-09-16 15:04:14,928{GMT}	INFO	[jepsen node n3] jepsen.coord.db: Restarting coord on n3
2026-09-16 15:04:14,928{GMT}	INFO	[jepsen node n3] jepsen.control.util: Starting coord
2026-09-16 15:04:15,046{GMT}	INFO	[jepsen node n3] jepsen.coord.db: Waiting for coord on n3 to be ready
2026-09-16 15:04:15,114{GMT}	INFO	[jepsen node n3] jepsen.coord.db: coord n3 is ready
2026-09-16 15:04:15,114{GMT}	INFO	[jepsen worker nemesis] jepsen.print: :nemesis	:info	:stop	{"n3" [:restarted "n3"]}
2026-09-16 15:04:16,354{GMT}	INFO	[jepsen worker 0] jepsen.print: 0	:ok	:idem-put	{:key "/jepsen/idem/put/s42/139", :expected-version 1, :replays 2, :replay-delay-ms 4000, :setup-val nil, :replay-node-offset 0, :val "139", :setup nil, :rid "idem-put-s42-139"}
2026-09-16 15:04:16,354{GMT}	INFO	[jepsen worker 0] jepsen.print: 0	:invoke	:idem-range-delete	{:rid "idem-rdel-s42-140", :range-start "/jepsen/idem/rd/s42/140/a", :range-end "/jepsen/idem/rd/s42/140/z", :post-write-key "/jepsen/idem/rd/s42/140/m", :post-write-val 140}
2026-09-16 15:04:16,484{GMT}	INFO	[jepsen worker 0] jepsen.print: 0	:ok	:idem-range-delete	{:rid "idem-rdel-s42-140", :range-start "/jepsen/idem/rd/s42/140/a", :range-end "/jepsen/idem/rd/s42/140/z", :post-write-key "/jepsen/idem/rd/s42/140/m", :post-write-val 140}
2026-09-16 15:04:16,783{GMT}	INFO	[jepsen worker 0] jepsen.print: 0	:invoke	:idem-delete	{:rid "idem-del-s42-143", :key "/jepsen/idem/del/s42/143", :val "143", :replays 2, :replay-delay-ms 4000, :replay-node-offset 0}
2026-09-16 15:04:18,062{GMT}	INFO	[jepsen worker 4] jepsen.print: 14	:ok	:idem-put	{:key "/jepsen/idem/put/s42/136", :expected-version 1, :replays 3, :replay-delay-ms 4000, :setup-val nil, :replay-node-offset 0, :val "136", :setup nil, :rid "idem-put-s42-136"}
2026-09-16 15:04:18,062{GMT}	INFO	[jepsen worker 4] jepsen.print: 14	:invoke	:idem-put	{:rid "idem-put-s42-145", :key "/jepsen/idem/put/s42/145", :val "145", :replays 2, :setup-val nil, :replay-delay-ms 4000, :replay-node-offset 0}
2026-09-16 15:04:18,975{GMT}	INFO	[jepsen worker nemesis] jepsen.print: :nemesis	:info	:start	nil
2026-09-16 15:04:18,988{GMT}	INFO	[jepsen worker nemesis] jepsen.print: :nemesis	:info	:start	{"n3" [:killed "n3"]}
2026-09-16 15:04:19,766{GMT}	INFO	[jepsen worker 3] jepsen.print: 3	:ok	:idem-delete	{:rid "idem-del-s42-138", :key "/jepsen/idem/del/s42/138", :val "138", :replays 3, :replay-delay-ms 4000, :replay-node-offset 0, :setup {:revision 404, :ok? true, :node "n1"}, :expected-version 0}
2026-09-16 15:04:19,766{GMT}	INFO	[jepsen worker 3] jepsen.print: 3	:invoke	:idem-delete	{:rid "idem-del-s42-147", :key "/jepsen/idem/del/s42/147", :val "147", :replays 2, :replay-delay-ms 4000, :replay-node-offset 0}
2026-09-16 15:04:20,714{GMT}	INFO	[jepsen worker 1] jepsen.print: 1	:ok	:idem-delete	{:rid "idem-del-s42-142", :key "/jepsen/idem/del/s42/142", :val "142", :replays 3, :replay-delay-ms 4000, :replay-node-offset 0, :setup {:revision 407, :ok? true, :node "n1"}, :expected-version 0}
2026-09-16 15:04:20,714{GMT}	INFO	[jepsen worker 1] jepsen.print: 1	:invoke	:idem-range-delete	{:rid "idem-rdel-s42-146", :range-start "/jepsen/idem/rd/s42/146/a", :range-end "/jepsen/idem/rd/s42/146/z", :post-write-key "/jepsen/idem/rd/s42/146/m", :post-write-val 146}
2026-09-16 15:04:20,825{GMT}	INFO	[jepsen worker 1] jepsen.print: 1	:ok	:idem-range-delete	{:rid "idem-rdel-s42-146", :range-start "/jepsen/idem/rd/s42/146/a", :range-end "/jepsen/idem/rd/s42/146/z", :post-write-key "/jepsen/idem/rd/s42/146/m", :post-write-val 146}
2026-09-16 15:04:20,825{GMT}	INFO	[jepsen worker 1] jepsen.print: 1	:invoke	:idem-range-delete	{:rid "idem-rdel-s42-150", :range-start "/jepsen/idem/rd/s42/150/a", :range-end "/jepsen/idem/rd/s42/150/z", :post-write-key "/jepsen/idem/rd/s42/150/m", :post-write-val 150}
2026-09-16 15:04:20,834{GMT}	INFO	[jepsen worker 0] jepsen.print: 0	:ok	:idem-delete	{:rid "idem-del-s42-143", :key "/jepsen/idem/del/s42/143", :val "143", :replays 2, :replay-delay-ms 4000, :replay-node-offset 0, :setup {:revision 416, :ok? true, :node "n1"}, :expected-version 0}
2026-09-16 15:04:20,909{GMT}	INFO	[jepsen worker 0] jepsen.print: 0	:invoke	:idem-range-delete	{:rid "idem-rdel-s42-152", :range-start "/jepsen/idem/rd/s42/152/a", :range-end "/jepsen/idem/rd/s42/152/z", :post-write-key "/jepsen/idem/rd/s42/152/m", :post-write-val 152}
2026-09-16 15:04:20,975{GMT}	INFO	[jepsen worker 1] jepsen.print: 1	:ok	:idem-range-delete	{:rid "idem-rdel-s42-150", :range-start "/jepsen/idem/rd/s42/150/a", :range-end "/jepsen/idem/rd/s42/150/z", :post-write-key "/jepsen/idem/rd/s42/150/m", :post-write-val 150}
2026-09-16 15:04:20,975{GMT}	INFO	[jepsen worker 1] jepsen.print: 1	:invoke	:idem-put	{:rid "idem-put-s42-148", :key "/jepsen/idem/put/s42/148", :val "148", :replays 3, :setup-val nil, :replay-delay-ms 4000, :replay-node-offset 0}
2026-09-16 15:04:21,045{GMT}	INFO	[jepsen worker 0] jepsen.print: 0	:ok	:idem-range-delete	{:rid "idem-rdel-s42-152", :range-start "/jepsen/idem/rd/s42/152/a", :range-end "/jepsen/idem/rd/s42/152/z", :post-write-key "/jepsen/idem/rd/s42/152/m", :post-write-val 152}
2026-09-16 15:04:21,075{GMT}	INFO	[jepsen worker 0] jepsen.print: 0	:invoke	:idem-range-delete	{:rid "idem-rdel-s42-153", :range-start "/jepsen/idem/rd/s42/153/a", :range-end "/jepsen/idem/rd/s42/153/z", :post-write-key "/jepsen/idem/rd/s42/153/m", :post-write-val 153}
2026-09-16 15:04:21,179{GMT}	INFO	[jepsen worker 0] jepsen.print: 0	:ok	:idem-range-delete	{:rid "idem-rdel-s42-153", :range-start "/jepsen/idem/rd/s42/153/a", :range-end "/jepsen/idem/rd/s42/153/z", :post-write-key "/jepsen/idem/rd/s42/153/m", :post-write-val 153}
2026-09-16 15:04:21,269{GMT}	INFO	[jepsen worker 0] jepsen.print: 0	:invoke	:idem-delete	{:rid "idem-del-s42-149", :key "/jepsen/idem/del/s42/149", :val "149", :replays 2, :replay-delay-ms 4000, :replay-node-offset 0}
2026-09-16 15:04:21,456{GMT}	INFO	[jepsen worker 2] jepsen.print: 2	:ok	:idem-put	{:key "/jepsen/idem/put/s42/144", :expected-version 2, :replays 3, :replay-delay-ms 4000, :setup-val "OLD-144", :replay-node-offset 0, :val "144", :setup {:revision 409, :ok? true, :node "n1"}, :rid "idem-put-s42-144"}
2026-09-16 15:04:21,522{GMT}	INFO	[jepsen worker 2] jepsen.print: 2	:invoke	:idem-delete	{:rid "idem-del-s42-156", :key "/jepsen/idem/del/s42/156", :val "156", :replays 3, :replay-delay-ms 4000, :replay-node-offset 0}
2026-09-16 15:04:22,086{GMT}	INFO	[jepsen worker 4] jepsen.print: 14	:ok	:idem-put	{:key "/jepsen/idem/put/s42/145", :expected-version 1, :replays 2, :replay-delay-ms 4000, :setup-val nil, :replay-node-offset 0, :val "145", :setup nil, :rid "idem-put-s42-145"}
2026-09-16 15:04:22,086{GMT}	INFO	[jepsen worker 4] jepsen.print: 14	:invoke	:idem-put	{:rid "idem-put-s42-154", :key "/jepsen/idem/put/s42/154", :val "154", :replays 3, :setup-val nil, :replay-delay-ms 4000, :replay-node-offset 0}
2026-09-16 15:04:23,810{GMT}	INFO	[jepsen worker 3] jepsen.print: 3	:ok	:idem-delete	{:rid "idem-del-s42-147", :key "/jepsen/idem/del/s42/147", :val "147", :replays 2, :replay-delay-ms 4000, :replay-node-offset 0, :setup {:revision 419, :ok? true, :node "n1"}, :expected-version 0}
2026-09-16 15:04:23,811{GMT}	INFO	[jepsen worker 3] jepsen.print: 3	:invoke	:idem-range-delete	{:rid "idem-rdel-s42-155", :range-start "/jepsen/idem/rd/s42/155/a", :range-end "/jepsen/idem/rd/s42/155/z", :post-write-key "/jepsen/idem/rd/s42/155/m", :post-write-val 155}
2026-09-16 15:04:23,922{GMT}	INFO	[jepsen worker 3] jepsen.print: 3	:ok	:idem-range-delete	{:rid "idem-rdel-s42-155", :range-start "/jepsen/idem/rd/s42/155/a", :range-end "/jepsen/idem/rd/s42/155/z", :post-write-key "/jepsen/idem/rd/s42/155/m", :post-write-val 155}
2026-09-16 15:04:23,968{GMT}	INFO	[jepsen worker 3] jepsen.print: 3	:invoke	:idem-delete	{:rid "idem-del-s42-157", :key "/jepsen/idem/del/s42/157", :val "157", :replays 2, :replay-delay-ms 4000, :replay-node-offset 0}
2026-09-16 15:04:24,925{GMT}	INFO	[jepsen worker nemesis] jepsen.print: :nemesis	:info	:stop	nil
2026-09-16 15:04:24,957{GMT}	INFO	[jepsen node n3] jepsen.coord.db: Restarting coord on n3
2026-09-16 15:04:24,957{GMT}	INFO	[jepsen node n3] jepsen.control.util: Starting coord
2026-09-16 15:04:25,060{GMT}	INFO	[jepsen node n3] jepsen.coord.db: Waiting for coord on n3 to be ready
2026-09-16 15:04:25,127{GMT}	INFO	[jepsen node n3] jepsen.coord.db: coord n3 is ready
2026-09-16 15:04:25,127{GMT}	INFO	[jepsen worker nemesis] jepsen.print: :nemesis	:info	:stop	{"n3" [:restarted "n3"]}
2026-09-16 15:04:25,309{GMT}	INFO	[jepsen worker 0] jepsen.print: 0	:ok	:idem-delete	{:rid "idem-del-s42-149", :key "/jepsen/idem/del/s42/149", :val "149", :replays 2, :replay-delay-ms 4000, :replay-node-offset 0, :setup {:revision 442, :ok? true, :node "n1"}, :expected-version 0}
2026-09-16 15:04:25,310{GMT}	INFO	[jepsen worker 0] jepsen.print: 0	:invoke	:idem-put	{:rid "idem-put-s42-158", :key "/jepsen/idem/put/s42/158", :val "158", :replays 3, :setup-val nil, :replay-delay-ms 4000, :replay-node-offset 0}
2026-09-16 15:04:28,012{GMT}	INFO	[jepsen worker 3] jepsen.print: 3	:ok	:idem-delete	{:rid "idem-del-s42-157", :key "/jepsen/idem/del/s42/157", :val "157", :replays 2, :replay-delay-ms 4000, :replay-node-offset 0, :setup {:revision 452, :ok? true, :node "n1"}, :expected-version 0}
2026-09-16 15:04:28,012{GMT}	INFO	[jepsen worker 3] jepsen.print: 3	:invoke	:idem-put	{:rid "idem-put-s42-161", :key "/jepsen/idem/put/s42/161", :val "161", :replays 2, :setup-val nil, :replay-delay-ms 4000, :replay-node-offset 0}
2026-09-16 15:04:29,007{GMT}	INFO	[jepsen worker 1] jepsen.print: 1	:ok	:idem-put	{:key "/jepsen/idem/put/s42/148", :expected-version 1, :replays 3, :replay-delay-ms 4000, :setup-val nil, :replay-node-offset 0, :val "148", :setup nil, :rid "idem-put-s42-148"}
2026-09-16 15:04:29,008{GMT}	INFO	[jepsen worker 1] jepsen.print: 1	:invoke	:idem-range-delete	{:rid "idem-rdel-s42-159", :range-start "/jepsen/idem/rd/s42/159/a", :range-end "/jepsen/idem/rd/s42/159/z", :post-write-key "/jepsen/idem/rd/s42/159/m", :post-write-val 159}
2026-09-16 15:04:29,170{GMT}	INFO	[jepsen worker 1] jepsen.print: 1	:ok	:idem-range-delete	{:rid "idem-rdel-s42-159", :range-start "/jepsen/idem/rd/s42/159/a", :range-end "/jepsen/idem/rd/s42/159/z", :post-write-key "/jepsen/idem/rd/s42/159/m", :post-write-val 159}
2026-09-16 15:04:29,303{GMT}	INFO	[jepsen worker 1] jepsen.print: 1	:invoke	:idem-put	{:rid "idem-put-s42-162", :key "/jepsen/idem/put/s42/162", :val "162", :replays 3, :setup-val "OLD-162", :replay-delay-ms 4000, :replay-node-offset 0}
2026-09-16 15:04:29,569{GMT}	INFO	[jepsen worker 2] jepsen.print: 2	:ok	:idem-delete	{:rid "idem-del-s42-156", :key "/jepsen/idem/del/s42/156", :val "156", :replays 3, :replay-delay-ms 4000, :replay-node-offset 0, :setup {:revision 444, :ok? true, :node "n1"}, :expected-version 0}
2026-09-16 15:04:29,569{GMT}	INFO	[jepsen worker 2] jepsen.print: 2	:invoke	:idem-delete	{:rid "idem-del-s42-160", :key "/jepsen/idem/del/s42/160", :val "160", :replays 3, :replay-delay-ms 4000, :replay-node-offset 0}
2026-09-16 15:04:30,112{GMT}	INFO	[jepsen worker 4] jepsen.print: 14	:ok	:idem-put	{:key "/jepsen/idem/put/s42/154", :expected-version 1, :replays 3, :replay-delay-ms 4000, :setup-val nil, :replay-node-offset 0, :val "154", :setup nil, :rid "idem-put-s42-154"}
2026-09-16 15:04:30,112{GMT}	INFO	[jepsen worker 4] jepsen.print: 14	:invoke	:idem-put	{:rid "idem-put-s42-164", :key "/jepsen/idem/put/s42/164", :val "164", :replays 3, :setup-val nil, :replay-delay-ms 4000, :replay-node-offset 0}
2026-09-16 15:04:31,883{GMT}	INFO	[jepsen worker nemesis] jepsen.print: :nemesis	:info	:start	nil
2026-09-16 15:04:31,906{GMT}	INFO	[jepsen worker nemesis] jepsen.print: :nemesis	:info	:start	{"n1" [:killed "n1"]}
2026-09-16 15:04:32,045{GMT}	INFO	[jepsen worker 3] jepsen.print: 3	:info	:idem-put	{:key "/jepsen/idem/put/s42/161", :expected-version 1, :replays 2, :replay-delay-ms 4000, :setup-val nil, :replay-node-offset 0, :val "161", :setup nil, :rid "idem-put-s42-161"}
2026-09-16 15:04:32,045{GMT}	INFO	[jepsen worker 3] jepsen.print: 8	:invoke	:idem-delete	{:rid "idem-del-s42-165", :key "/jepsen/idem/del/s42/165", :val "165", :replays 2, :replay-delay-ms 4000, :replay-node-offset 0}
2026-09-16 15:04:32,045{GMT}	INFO	[jepsen worker 3] jepsen.coord.client: Opening coord client on n1
2026-09-16 15:04:33,376{GMT}	INFO	[jepsen worker 0] jepsen.print: 0	:ok	:idem-put	{:key "/jepsen/idem/put/s42/158", :expected-version 1, :replays 3, :replay-delay-ms 4000, :setup-val nil, :replay-node-offset 0, :val "158", :setup nil, :rid "idem-put-s42-158"}
2026-09-16 15:04:33,376{GMT}	INFO	[jepsen worker 0] jepsen.print: 0	:invoke	:idem-range-delete	{:rid "idem-rdel-s42-163", :range-start "/jepsen/idem/rd/s42/163/a", :range-end "/jepsen/idem/rd/s42/163/z", :post-write-key "/jepsen/idem/rd/s42/163/m", :post-write-val 163}
2026-09-16 15:04:33,533{GMT}	INFO	[jepsen worker 0] jepsen.print: 0	:ok	:idem-range-delete	{:rid "idem-rdel-s42-163", :range-start "/jepsen/idem/rd/s42/163/a", :range-end "/jepsen/idem/rd/s42/163/z", :post-write-key "/jepsen/idem/rd/s42/163/m", :post-write-val 163}
2026-09-16 15:04:33,719{GMT}	INFO	[jepsen worker 0] jepsen.print: 0	:invoke	:idem-range-delete	{:rid "idem-rdel-s42-168", :range-start "/jepsen/idem/rd/s42/168/a", :range-end "/jepsen/idem/rd/s42/168/z", :post-write-key "/jepsen/idem/rd/s42/168/m", :post-write-val 168}
2026-09-16 15:04:33,848{GMT}	INFO	[jepsen worker 0] jepsen.print: 0	:ok	:idem-range-delete	{:rid "idem-rdel-s42-168", :range-start "/jepsen/idem/rd/s42/168/a", :range-end "/jepsen/idem/rd/s42/168/z", :post-write-key "/jepsen/idem/rd/s42/168/m", :post-write-val 168}
2026-09-16 15:04:33,848{GMT}	INFO	[jepsen worker 0] jepsen.print: 0	:invoke	:idem-range-delete	{:rid "idem-rdel-s42-169", :range-start "/jepsen/idem/rd/s42/169/a", :range-end "/jepsen/idem/rd/s42/169/z", :post-write-key "/jepsen/idem/rd/s42/169/m", :post-write-val 169}
2026-09-16 15:04:33,980{GMT}	INFO	[jepsen worker 0] jepsen.print: 0	:ok	:idem-range-delete	{:rid "idem-rdel-s42-169", :range-start "/jepsen/idem/rd/s42/169/a", :range-end "/jepsen/idem/rd/s42/169/z", :post-write-key "/jepsen/idem/rd/s42/169/m", :post-write-val 169}
2026-09-16 15:04:34,413{GMT}	INFO	[jepsen worker 0] jepsen.print: 0	:invoke	:idem-put	{:rid "idem-put-s42-166", :key "/jepsen/idem/put/s42/166", :val "166", :replays 3, :setup-val nil, :replay-delay-ms 4000, :replay-node-offset 0}
2026-09-16 15:04:36,712{GMT}	INFO	[jepsen worker 3] jepsen.print: 8	:ok	:idem-delete	{:rid "idem-del-s42-165", :key "/jepsen/idem/del/s42/165", :val "165", :replays 2, :replay-delay-ms 4000, :replay-node-offset 0, :setup {:revision 469, :ok? true, :node "n3"}, :expected-version 0}
2026-09-16 15:04:36,713{GMT}	INFO	[jepsen worker 3] jepsen.print: 8	:invoke	:idem-range-delete	{:rid "idem-rdel-s42-170", :range-start "/jepsen/idem/rd/s42/170/a", :range-end "/jepsen/idem/rd/s42/170/z", :post-write-key "/jepsen/idem/rd/s42/170/m", :post-write-val 170}
2026-09-16 15:04:36,852{GMT}	INFO	[jepsen worker 3] jepsen.print: 8	:ok	:idem-range-delete	{:rid "idem-rdel-s42-170", :range-start "/jepsen/idem/rd/s42/170/a", :range-end "/jepsen/idem/rd/s42/170/z", :post-write-key "/jepsen/idem/rd/s42/170/m", :post-write-val 170}
2026-09-16 15:04:36,856{GMT}	INFO	[jepsen worker 3] jepsen.print: 8	:invoke	:idem-range-delete	{:rid "idem-rdel-s42-172", :range-start "/jepsen/idem/rd/s42/172/a", :range-end "/jepsen/idem/rd/s42/172/z", :post-write-key "/jepsen/idem/rd/s42/172/m", :post-write-val 172}
2026-09-16 15:04:36,988{GMT}	INFO	[jepsen worker 3] jepsen.print: 8	:ok	:idem-range-delete	{:rid "idem-rdel-s42-172", :range-start "/jepsen/idem/rd/s42/172/a", :range-end "/jepsen/idem/rd/s42/172/z", :post-write-key "/jepsen/idem/rd/s42/172/m", :post-write-val 172}
2026-09-16 15:04:37,423{GMT}	INFO	[jepsen worker 1] jepsen.print: 1	:ok	:idem-put	{:key "/jepsen/idem/put/s42/162", :expected-version 2, :replays 3, :replay-delay-ms 4000, :setup-val "OLD-162", :replay-node-offset 0, :val "162", :setup {:revision 461, :ok? true, :node "n1"}, :rid "idem-put-s42-162"}
2026-09-16 15:04:37,438{GMT}	INFO	[jepsen worker 1] jepsen.print: 1	:invoke	:idem-put	{:rid "idem-put-s42-171", :key "/jepsen/idem/put/s42/171", :val "171", :replays 2, :setup-val "OLD-171", :replay-delay-ms 4000, :replay-node-offset 0}
2026-09-16 15:04:37,551{GMT}	INFO	[jepsen worker 3] jepsen.print: 8	:invoke	:idem-range-delete	{:rid "idem-rdel-s42-173", :range-start "/jepsen/idem/rd/s42/173/a", :range-end "/jepsen/idem/rd/s42/173/z", :post-write-key "/jepsen/idem/rd/s42/173/m", :post-write-val 173}
2026-09-16 15:04:37,662{GMT}	INFO	[jepsen worker 2] jepsen.print: 2	:ok	:idem-delete	{:rid "idem-del-s42-160", :key "/jepsen/idem/del/s42/160", :val "160", :replays 3, :replay-delay-ms 4000, :replay-node-offset 0, :setup {:revision 463, :ok? true, :node "n1"}, :expected-version 0}
2026-09-16 15:04:37,662{GMT}	INFO	[jepsen worker 2] jepsen.print: 2	:invoke	:idem-put	{:rid "idem-put-s42-174", :key "/jepsen/idem/put/s42/174", :val "174", :replays 3, :setup-val "OLD-174", :replay-delay-ms 4000, :replay-node-offset 0}
2026-09-16 15:04:37,700{GMT}	INFO	[jepsen worker 3] jepsen.print: 8	:ok	:idem-range-delete	{:rid "idem-rdel-s42-173", :range-start "/jepsen/idem/rd/s42/173/a", :range-end "/jepsen/idem/rd/s42/173/z", :post-write-key "/jepsen/idem/rd/s42/173/m", :post-write-val 173}
2026-09-16 15:04:37,761{GMT}	INFO	[jepsen worker nemesis] jepsen.print: :nemesis	:info	:stop	nil
2026-09-16 15:04:37,814{GMT}	INFO	[jepsen node n1] jepsen.coord.db: Restarting coord on n1
2026-09-16 15:04:37,814{GMT}	INFO	[jepsen node n1] jepsen.control.util: Starting coord
2026-09-16 15:04:37,938{GMT}	INFO	[jepsen node n1] jepsen.coord.db: Waiting for coord on n1 to be ready
2026-09-16 15:04:38,097{GMT}	INFO	[jepsen worker 3] jepsen.print: 8	:invoke	:idem-delete	{:rid "idem-del-s42-167", :key "/jepsen/idem/del/s42/167", :val "167", :replays 2, :replay-delay-ms 4000, :replay-node-offset 0}
2026-09-16 15:04:38,177{GMT}	INFO	[jepsen worker 4] jepsen.print: 14	:ok	:idem-put	{:key "/jepsen/idem/put/s42/164", :expected-version 1, :replays 3, :replay-delay-ms 4000, :setup-val nil, :replay-node-offset 0, :val "164", :setup nil, :rid "idem-put-s42-164"}
2026-09-16 15:04:38,177{GMT}	INFO	[jepsen worker 4] jepsen.print: 14	:invoke	:idem-delete	{:rid "idem-del-s42-177", :key "/jepsen/idem/del/s42/177", :val "177", :replays 2, :replay-delay-ms 4000, :replay-node-offset 0}
2026-09-16 15:04:38,948{GMT}	INFO	[jepsen node n1] jepsen.coord.db: coord n1 is ready
2026-09-16 15:04:38,948{GMT}	INFO	[jepsen worker nemesis] jepsen.print: :nemesis	:info	:stop	{"n1" [:restarted "n1"]}
2026-09-16 15:04:41,490{GMT}	INFO	[jepsen worker 1] jepsen.print: 1	:ok	:idem-put	{:key "/jepsen/idem/put/s42/171", :expected-version 2, :replays 2, :replay-delay-ms 4000, :setup-val "OLD-171", :replay-node-offset 0, :val "171", :setup {:revision 501, :ok? true, :node "n3"}, :rid "idem-put-s42-171"}
2026-09-16 15:04:41,490{GMT}	INFO	[jepsen worker 1] jepsen.print: 1	:invoke	:idem-delete	{:rid "idem-del-s42-178", :key "/jepsen/idem/del/s42/178", :val "178", :replays 3, :replay-delay-ms 4000, :replay-node-offset 0}
2026-09-16 15:04:42,153{GMT}	INFO	[jepsen worker 3] jepsen.print: 8	:ok	:idem-delete	{:rid "idem-del-s42-167", :key "/jepsen/idem/del/s42/167", :val "167", :replays 2, :replay-delay-ms 4000, :replay-node-offset 0, :setup {:revision 510, :ok? true, :node "n3"}, :expected-version 0}
2026-09-16 15:04:42,153{GMT}	INFO	[jepsen worker 3] jepsen.print: 8	:invoke	:idem-range-delete	{:rid "idem-rdel-s42-175", :range-start "/jepsen/idem/rd/s42/175/a", :range-end "/jepsen/idem/rd/s42/175/z", :post-write-key "/jepsen/idem/rd/s42/175/m", :post-write-val 175}
2026-09-16 15:04:42,255{GMT}	INFO	[jepsen worker 4] jepsen.print: 14	:ok	:idem-delete	{:rid "idem-del-s42-177", :key "/jepsen/idem/del/s42/177", :val "177", :replays 2, :replay-delay-ms 4000, :replay-node-offset 0, :setup {:revision 512, :ok? true, :node "n3"}, :expected-version 0}
2026-09-16 15:04:42,281{GMT}	INFO	[jepsen worker 3] jepsen.print: 8	:ok	:idem-range-delete	{:rid "idem-rdel-s42-175", :range-start "/jepsen/idem/rd/s42/175/a", :range-end "/jepsen/idem/rd/s42/175/z", :post-write-key "/jepsen/idem/rd/s42/175/m", :post-write-val 175}
2026-09-16 15:04:42,305{GMT}	INFO	[jepsen worker 3] jepsen.print: 8	:invoke	:idem-delete	{:rid "idem-del-s42-179", :key "/jepsen/idem/del/s42/179", :val "179", :replays 2, :replay-delay-ms 4000, :replay-node-offset 0}
2026-09-16 15:04:42,335{GMT}	INFO	[jepsen worker 4] jepsen.print: 14	:invoke	:idem-delete	{:rid "idem-del-s42-182", :key "/jepsen/idem/del/s42/182", :val "182", :replays 3, :replay-delay-ms 4000, :replay-node-offset 0}
2026-09-16 15:04:42,454{GMT}	INFO	[jepsen worker 0] jepsen.print: 0	:ok	:idem-put	{:key "/jepsen/idem/put/s42/166", :expected-version 1, :replays 3, :replay-delay-ms 4000, :setup-val nil, :replay-node-offset 0, :val "166", :setup nil, :rid "idem-put-s42-166"}
2026-09-16 15:04:42,547{GMT}	INFO	[jepsen worker 0] jepsen.print: 0	:invoke	:idem-delete	{:rid "idem-del-s42-183", :key "/jepsen/idem/del/s42/183", :val "183", :replays 2, :replay-delay-ms 4000, :replay-node-offset 0}
2026-09-16 15:04:44,849{GMT}	INFO	[jepsen worker nemesis] jepsen.print: :nemesis	:info	:start	nil
2026-09-16 15:04:44,874{GMT}	INFO	[jepsen worker nemesis] jepsen.print: :nemesis	:info	:start	{"n3" [:killed "n3"]}
2026-09-16 15:04:45,755{GMT}	INFO	[jepsen worker 2] jepsen.print: 2	:ok	:idem-put	{:key "/jepsen/idem/put/s42/174", :expected-version 2, :replays 3, :replay-delay-ms 4000, :setup-val "OLD-174", :replay-node-offset 0, :val "174", :setup {:revision 508, :ok? true, :node "n3"}, :rid "idem-put-s42-174"}
2026-09-16 15:04:45,755{GMT}	INFO	[jepsen worker 2] jepsen.print: 2	:invoke	:idem-put	{:rid "idem-put-s42-176", :key "/jepsen/idem/put/s42/176", :val "176", :replays 3, :setup-val nil, :replay-delay-ms 4000, :replay-node-offset 0}
2026-09-16 15:04:46,390{GMT}	INFO	[jepsen worker 3] jepsen.print: 8	:ok	:idem-delete	{:rid "idem-del-s42-179", :key "/jepsen/idem/del/s42/179", :val "179", :replays 2, :replay-delay-ms 4000, :replay-node-offset 0, :setup {:revision 521, :ok? true, :node "n3"}, :expected-version 0}
2026-09-16 15:04:46,390{GMT}	INFO	[jepsen worker 3] jepsen.print: 8	:invoke	:idem-range-delete	{:rid "idem-rdel-s42-180", :range-start "/jepsen/idem/rd/s42/180/a", :range-end "/jepsen/idem/rd/s42/180/z", :post-write-key "/jepsen/idem/rd/s42/180/m", :post-write-val 180}
2026-09-16 15:04:46,506{GMT}	INFO	[jepsen worker 3] jepsen.print: 8	:ok	:idem-range-delete	{:rid "idem-rdel-s42-180", :range-start "/jepsen/idem/rd/s42/180/a", :range-end "/jepsen/idem/rd/s42/180/z", :post-write-key "/jepsen/idem/rd/s42/180/m", :post-write-val 180}
2026-09-16 15:04:46,617{GMT}	INFO	[jepsen worker 0] jepsen.print: 0	:ok	:idem-delete	{:rid "idem-del-s42-183", :key "/jepsen/idem/del/s42/183", :val "183", :replays 2, :replay-delay-ms 4000, :replay-node-offset 0, :setup {:revision 525, :ok? true, :node "n3"}, :expected-version 0}
2026-09-16 15:04:46,870{GMT}	INFO	[jepsen worker 0] jepsen.print: 0	:invoke	:idem-delete	{:rid "idem-del-s42-184", :key "/jepsen/idem/del/s42/184", :val "184", :replays 3, :replay-delay-ms 4000, :replay-node-offset 0}
2026-09-16 15:04:46,902{GMT}	INFO	[jepsen worker 3] jepsen.print: 8	:invoke	:idem-range-delete	{:rid "idem-rdel-s42-186", :range-start "/jepsen/idem/rd/s42/186/a", :range-end "/jepsen/idem/rd/s42/186/z", :post-write-key "/jepsen/idem/rd/s42/186/m", :post-write-val 186}
2026-09-16 15:04:47,018{GMT}	INFO	[jepsen worker 3] jepsen.print: 8	:ok	:idem-range-delete	{:rid "idem-rdel-s42-186", :range-start "/jepsen/idem/rd/s42/186/a", :range-end "/jepsen/idem/rd/s42/186/z", :post-write-key "/jepsen/idem/rd/s42/186/m", :post-write-val 186}
2026-09-16 15:04:47,018{GMT}	INFO	[jepsen worker 3] jepsen.print: 8	:invoke	:idem-put	{:rid "idem-put-s42-185", :key "/jepsen/idem/put/s42/185", :val "185", :replays 2, :setup-val nil, :replay-delay-ms 4000, :replay-node-offset 0}
2026-09-16 15:04:49,567{GMT}	INFO	[jepsen worker 1] jepsen.print: 1	:ok	:idem-delete	{:rid "idem-del-s42-178", :key "/jepsen/idem/del/s42/178", :val "178", :replays 3, :replay-delay-ms 4000, :replay-node-offset 0, :setup {:revision 514, :ok? true, :node "n3"}, :expected-version 0}
2026-09-16 15:04:49,567{GMT}	INFO	[jepsen worker 1] jepsen.print: 1	:invoke	:idem-put	{:rid "idem-put-s42-189", :key "/jepsen/idem/put/s42/189", :val "189", :replays 2, :setup-val "OLD-189", :replay-delay-ms 4000, :replay-node-offset 0}
2026-09-16 15:04:50,434{GMT}	INFO	[jepsen worker 4] jepsen.print: 14	:ok	:idem-delete	{:rid "idem-del-s42-182", :key "/jepsen/idem/del/s42/182", :val "182", :replays 3, :replay-delay-ms 4000, :replay-node-offset 0, :setup {:revision 523, :ok? true, :node "n3"}, :expected-version 0}
2026-09-16 15:04:50,435{GMT}	INFO	[jepsen worker 4] jepsen.print: 14	:invoke	:idem-range-delete	{:rid "idem-rdel-s42-187", :range-start "/jepsen/idem/rd/s42/187/a", :range-end "/jepsen/idem/rd/s42/187/z", :post-write-key "/jepsen/idem/rd/s42/187/m", :post-write-val 187}
2026-09-16 15:04:50,539{GMT}	INFO	[jepsen worker 4] jepsen.print: 14	:ok	:idem-range-delete	{:rid "idem-rdel-s42-187", :range-start "/jepsen/idem/rd/s42/187/a", :range-end "/jepsen/idem/rd/s42/187/z", :post-write-key "/jepsen/idem/rd/s42/187/m", :post-write-val 187}
2026-09-16 15:04:50,679{GMT}	INFO	[jepsen worker 4] jepsen.print: 14	:invoke	:idem-range-delete	{:rid "idem-rdel-s42-191", :range-start "/jepsen/idem/rd/s42/191/a", :range-end "/jepsen/idem/rd/s42/191/z", :post-write-key "/jepsen/idem/rd/s42/191/m", :post-write-val 191}
2026-09-16 15:04:50,783{GMT}	INFO	[jepsen worker 4] jepsen.print: 14	:ok	:idem-range-delete	{:rid "idem-rdel-s42-191", :range-start "/jepsen/idem/rd/s42/191/a", :range-end "/jepsen/idem/rd/s42/191/z", :post-write-key "/jepsen/idem/rd/s42/191/m", :post-write-val 191}
2026-09-16 15:04:50,944{GMT}	INFO	[jepsen worker 4] jepsen.print: 14	:invoke	:idem-range-delete	{:rid "idem-rdel-s42-192", :range-start "/jepsen/idem/rd/s42/192/a", :range-end "/jepsen/idem/rd/s42/192/z", :post-write-key "/jepsen/idem/rd/s42/192/m", :post-write-val 192}
2026-09-16 15:04:51,039{GMT}	INFO	[jepsen worker 3] jepsen.print: 8	:ok	:idem-put	{:key "/jepsen/idem/put/s42/185", :expected-version 1, :replays 2, :replay-delay-ms 4000, :setup-val nil, :replay-node-offset 0, :val "185", :setup nil, :rid "idem-put-s42-185"}
2026-09-16 15:04:51,040{GMT}	INFO	[jepsen worker 3] jepsen.print: 8	:invoke	:idem-put	{:rid "idem-put-s42-190", :key "/jepsen/idem/put/s42/190", :val "190", :replays 3, :setup-val nil, :replay-delay-ms 4000, :replay-node-offset 0}
2026-09-16 15:04:51,057{GMT}	INFO	[jepsen worker 4] jepsen.print: 14	:ok	:idem-range-delete	{:rid "idem-rdel-s42-192", :range-start "/jepsen/idem/rd/s42/192/a", :range-end "/jepsen/idem/rd/s42/192/z", :post-write-key "/jepsen/idem/rd/s42/192/m", :post-write-val 192}
2026-09-16 15:04:51,390{GMT}	INFO	[jepsen worker 4] jepsen.print: 14	:invoke	:idem-put	{:rid "idem-put-s42-194", :key "/jepsen/idem/put/s42/194", :val "194", :replays 3, :setup-val nil, :replay-delay-ms 4000, :replay-node-offset 0}
2026-09-16 15:04:51,636{GMT}	INFO	[jepsen worker nemesis] jepsen.print: :nemesis	:info	:stop	nil
2026-09-16 15:04:51,657{GMT}	INFO	[jepsen node n3] jepsen.coord.db: Restarting coord on n3
2026-09-16 15:04:51,657{GMT}	INFO	[jepsen node n3] jepsen.control.util: Starting coord
2026-09-16 15:04:51,771{GMT}	INFO	[jepsen node n3] jepsen.coord.db: Waiting for coord on n3 to be ready
2026-09-16 15:04:51,848{GMT}	INFO	[jepsen node n3] jepsen.coord.db: coord n3 is ready
2026-09-16 15:04:51,848{GMT}	INFO	[jepsen worker nemesis] jepsen.print: :nemesis	:info	:stop	{"n3" [:restarted "n3"]}
2026-09-16 15:04:53,610{GMT}	INFO	[jepsen worker 1] jepsen.print: 1	:ok	:idem-put	{:key "/jepsen/idem/put/s42/189", :expected-version 2, :replays 2, :replay-delay-ms 4000, :setup-val "OLD-189", :replay-node-offset 0, :val "189", :setup {:revision 547, :ok? true, :node "n1"}, :rid "idem-put-s42-189"}
2026-09-16 15:04:53,610{GMT}	INFO	[jepsen worker 1] jepsen.print: 1	:invoke	:idem-delete	{:rid "idem-del-s42-188", :key "/jepsen/idem/del/s42/188", :val "188", :replays 3, :replay-delay-ms 4000, :replay-node-offset 0}
2026-09-16 15:04:53,783{GMT}	INFO	[jepsen worker 2] jepsen.print: 2	:ok	:idem-put	{:key "/jepsen/idem/put/s42/176", :expected-version 1, :replays 3, :replay-delay-ms 4000, :setup-val nil, :replay-node-offset 0, :val "176", :setup nil, :rid "idem-put-s42-176"}
2026-09-16 15:04:53,783{GMT}	INFO	[jepsen worker 2] jepsen.print: 2	:invoke	:idem-range-delete	{:rid "idem-rdel-s42-193", :range-start "/jepsen/idem/rd/s42/193/a", :range-end "/jepsen/idem/rd/s42/193/z", :post-write-key "/jepsen/idem/rd/s42/193/m", :post-write-val 193}
2026-09-16 15:04:53,897{GMT}	INFO	[jepsen worker 2] jepsen.print: 2	:ok	:idem-range-delete	{:rid "idem-rdel-s42-193", :range-start "/jepsen/idem/rd/s42/193/a", :range-end "/jepsen/idem/rd/s42/193/z", :post-write-key "/jepsen/idem/rd/s42/193/m", :post-write-val 193}
2026-09-16 15:04:54,184{GMT}	INFO	[jepsen worker 2] jepsen.print: 2	:invoke	:idem-range-delete	{:rid "idem-rdel-s42-197", :range-start "/jepsen/idem/rd/s42/197/a", :range-end "/jepsen/idem/rd/s42/197/z", :post-write-key "/jepsen/idem/rd/s42/197/m", :post-write-val 197}
2026-09-16 15:04:54,305{GMT}	INFO	[jepsen worker 2] jepsen.print: 2	:ok	:idem-range-delete	{:rid "idem-rdel-s42-197", :range-start "/jepsen/idem/rd/s42/197/a", :range-end "/jepsen/idem/rd/s42/197/z", :post-write-key "/jepsen/idem/rd/s42/197/m", :post-write-val 197}
2026-09-16 15:04:54,823{GMT}	INFO	[jepsen worker 2] jepsen.print: 2	:invoke	:idem-put	{:rid "idem-put-s42-195", :key "/jepsen/idem/put/s42/195", :val "195", :replays 2, :setup-val "OLD-195", :replay-delay-ms 4000, :replay-node-offset 0}
2026-09-16 15:04:54,922{GMT}	INFO	[jepsen worker 0] jepsen.print: 0	:ok	:idem-delete	{:rid "idem-del-s42-184", :key "/jepsen/idem/del/s42/184", :val "184", :replays 3, :replay-delay-ms 4000, :replay-node-offset 0, :setup {:revision 539, :ok? true, :node "n1"}, :expected-version 0}
2026-09-16 15:04:55,006{GMT}	INFO	[jepsen worker nemesis] jepsen.print: :nemesis	:info	:start	nil
2026-09-16 15:04:55,031{GMT}	INFO	[jepsen worker nemesis] jepsen.print: :nemesis	:info	:start	{"n3" [:killed "n3"]}
2026-09-16 15:04:55,140{GMT}	INFO	[jepsen worker 0] jepsen.print: 0	:invoke	:idem-put	{:rid "idem-put-s42-199", :key "/jepsen/idem/put/s42/199", :val "199", :replays 2, :setup-val nil, :replay-delay-ms 4000, :replay-node-offset 0}
2026-09-16 15:04:58,869{GMT}	INFO	[jepsen worker 2] jepsen.print: 2	:ok	:idem-put	{:key "/jepsen/idem/put/s42/195", :expected-version 2, :replays 2, :replay-delay-ms 4000, :setup-val "OLD-195", :replay-node-offset 0, :val "195", :setup {:revision 578, :ok? true, :node "n1"}, :rid "idem-put-s42-195"}
2026-09-16 15:04:59,069{GMT}	INFO	[jepsen worker 3] jepsen.print: 8	:ok	:idem-put	{:key "/jepsen/idem/put/s42/190", :expected-version 1, :replays 3, :replay-delay-ms 4000, :setup-val nil, :replay-node-offset 0, :val "190", :setup nil, :rid "idem-put-s42-190"}
2026-09-16 15:04:59,158{GMT}	INFO	[jepsen worker 0] jepsen.print: 0	:ok	:idem-put	{:key "/jepsen/idem/put/s42/199", :expected-version 1, :replays 2, :replay-delay-ms 4000, :setup-val nil, :replay-node-offset 0, :val "199", :setup nil, :rid "idem-put-s42-199"}
2026-09-16 15:04:59,413{GMT}	INFO	[jepsen worker 4] jepsen.print: 14	:ok	:idem-put	{:key "/jepsen/idem/put/s42/194", :expected-version 1, :replays 3, :replay-delay-ms 4000, :setup-val nil, :replay-node-offset 0, :val "194", :setup nil, :rid "idem-put-s42-194"}
2026-09-16 15:05:01,656{GMT}	INFO	[jepsen worker 1] jepsen.print: 1	:ok	:idem-delete	{:rid "idem-del-s42-188", :key "/jepsen/idem/del/s42/188", :val "188", :replays 3, :replay-delay-ms 4000, :replay-node-offset 0, :setup {:revision 566, :ok? true, :node "n1"}, :expected-version 0}
2026-09-16 15:05:01,656{GMT}	INFO	[jepsen worker nemesis] jepsen.print: :nemesis	:info	:stop	nil
2026-09-16 15:05:01,676{GMT}	INFO	[jepsen node n3] jepsen.coord.db: Restarting coord on n3
2026-09-16 15:05:01,676{GMT}	INFO	[jepsen node n3] jepsen.control.util: Starting coord
2026-09-16 15:05:01,798{GMT}	INFO	[jepsen node n3] jepsen.coord.db: Waiting for coord on n3 to be ready
2026-09-16 15:05:02,807{GMT}	INFO	[jepsen node n3] jepsen.coord.db: coord n3 is ready
2026-09-16 15:05:02,807{GMT}	INFO	[jepsen worker nemesis] jepsen.print: :nemesis	:info	:stop	{"n3" [:restarted "n3"]}
2026-09-16 15:05:02,807{GMT}	INFO	[jepsen worker nemesis] jepsen.generator.interpreter: recovery: letting cluster converge
2026-09-16 15:05:32,832{GMT}	INFO	[jepsen node n1] jepsen.coord.client: Opening coord client on n1
2026-09-16 15:05:32,832{GMT}	INFO	[jepsen node n3] jepsen.coord.client: Opening coord client on n3
2026-09-16 15:05:32,832{GMT}	INFO	[jepsen node n2] jepsen.coord.client: Opening coord client on n2
2026-09-16 15:05:32,980{GMT}	INFO	[jepsen test runner] jepsen.core: Run complete, writing
2026-09-16 15:05:33,041{GMT}	INFO	[jepsen test runner] jepsen.core: Snarfing log files
2026-09-16 15:05:33,042{GMT}	INFO	[jepsen node n1] jepsen.coord.db: Killing coord on n1
2026-09-16 15:05:33,042{GMT}	INFO	[jepsen node n2] jepsen.coord.db: Killing coord on n2
2026-09-16 15:05:33,042{GMT}	INFO	[jepsen node n3] jepsen.coord.db: Killing coord on n3
2026-09-16 15:05:33,098{GMT}	INFO	[jepsen node n2] jepsen.core: downloading /var/log/coord.log to coord.log
2026-09-16 15:05:33,105{GMT}	INFO	[jepsen node n3] jepsen.core: downloading /var/log/coord.log to coord.log
2026-09-16 15:05:33,105{GMT}	INFO	[jepsen node n1] jepsen.core: downloading /var/log/coord.log to coord.log
2026-09-16 15:05:33,224{GMT}	INFO	[jepsen node n1] jepsen.coord.db: Tearing down coord on n1
2026-09-16 15:05:33,224{GMT}	INFO	[jepsen node n2] jepsen.coord.db: Tearing down coord on n2
2026-09-16 15:05:33,224{GMT}	INFO	[jepsen node n3] jepsen.coord.db: Tearing down coord on n3
2026-09-16 15:05:34,820{GMT}	INFO	[jepsen test runner] jepsen.core: Analyzing...
2026-09-16 15:05:34,828{GMT}	INFO	[clojure-agent-send-off-pool-3] jepsen.coord.idem: idem checker: {:min-replay-attempts 50, :judged-groups 178, :attempt-ok 422, :attempt-errors {:info 3}, :replay-attempts 425, :put-groups 52, :violations-by-class {:revision-advanced 13, :prev-kv-mismatch 13, :version-over-advance 13, :delete-count-mismatch 19, :delete-prev-kvs-mismatch 19}, :delete-groups 66, :groups 181, :failures ({:type :revision-advanced, :rid "idem-put-s42-6", :key "/jepsen/idem/put/s42/6", :revisions [24 51], :note "同一 request_id 的重放返回了不同 revision：请求被重复生效"} {:type :prev-kv-mismatch, :rid "idem-put-s42-6", :key "/jepsen/idem/put/s42/6", :prev-kvs [{:key "/jepsen/idem/put/s42/6", :value "OLD-6", :version 1, :create-revision 21, :mod-revision 21} {:key "/jepsen/idem/put/s42/6", :value "6", :version 2, :create-revision 21, :mod-revision 24}], :note "幂等命中必须返回首次执行的结果；prev_kv 不一致（含 F-02 的 nil 退化）"} {:type :version-over-advance, :rid "idem-put-s42-6", :key "/jepsen/idem/put/s42/6", :version 3, :expected-version 2, :replays 3, :note "重放后 version 超过本分组应有的写入次数：同一 request_id 生效了多次"} {:type :revision-advanced, :rid "idem-put-s42-12", :key "/jepsen/idem/put/s42/12", :revisions [45 52], :note "同一 request_id 的重放返回了不同 revision：请求被重复生效"} {:type :prev-kv-mismatch, :rid "idem-put-s42-12", :key "/jepsen/idem/put/s42/12", :prev-kvs [{:key "/jepsen/idem/put/s42/12", :value "OLD-12", :version 1, :create-revision 44, :mod-revision 44} {:key "/jepsen/idem/put/s42/12", :value "12", :version 2, :create-revision 44, :mod-revision 45}], :note "幂等命中必须返回首次执行的结果；prev_kv 不一致（含 F-02 的 nil 退化）"} {:type :version-over-advance, :rid "idem-put-s42-12", :key "/jepsen/idem/put/s42/12", :version 3, :expected-version 2, :replays 3, :note "重放后 version 超过本分组应有的写入次数：同一 request_id 生效了多次"} {:type :revision-advanced, :rid "idem-put-s42-30", :key "/jepsen/idem/put/s42/30", :revisions [75 127], :note "同一 request_id 的重放返回了不同 revision：请求被重复生效"} {:type :prev-kv-mismatch, :rid "idem-put-s42-30", :key "/jepsen/idem/put/s42/30", :prev-kvs [{:key "/jepsen/idem/put/s42/30", :value "OLD-30", :version 1, :create-revision 74, :mod-revision 74} {:key "/jepsen/idem/put/s42/30", :value "30", :version 2, :create-revision 74, :mod-revision 75}], :note "幂等命中必须返回首次执行的结果；prev_kv 不一致（含 F-02 的 nil 退化）"} {:type :version-over-advance, :rid "idem-put-s42-30", :key "/jepsen/idem/put/s42/30", :version 3, :expected-version 2, :replays 3, :note "重放后 version 超过本分组应有的写入次数：同一 request_id 生效了多次"} {:type :revision-advanced, :rid "idem-put-s42-92", :key "/jepsen/idem/put/s42/92", :revisions [273 288], :note "同一 request_id 的重放返回了不同 revision：请求被重复生效"}), :range-delete-groups 63, :completion-ops 181}
2026-09-16 15:05:34,953{GMT}	INFO	[jepsen test runner] jepsen.core: Analysis complete
2026-09-16 15:05:34,969{GMT}	INFO	[jepsen results] jepsen.store: Wrote /opt/coord/jepsen/store/coord/2026-09-16T15:02:19.302296161Z/results.edn
2026-09-16 15:05:35,006{GMT}	INFO	[jepsen test runner] jepsen.core: {:linear {:valid? false,
          :idem {:min-replay-attempts 50,
                 :judged-groups 178,
                 :attempt-ok 422,
                 :attempt-errors {:info 3},
                 :replay-attempts 425,
                 :put-groups 52,
                 :violations-by-class {:revision-advanced 13,
                                       :prev-kv-mismatch 13,
                                       :version-over-advance 13,
                                       :delete-count-mismatch 19,
                                       :delete-prev-kvs-mismatch 19},
                 :delete-groups 66,
                 :groups 181,
                 :range-delete-groups 63,
                 :completion-ops 181},
          :failures [{:type :idempotency-violations,
                      :count 77,
                      :sample [{:type :revision-advanced,
                                :rid "idem-put-s42-6",
                                :key "/jepsen/idem/put/s42/6",
                                :revisions [24 51],
                                :note "同一 request_id 的重放返回了不同 revision：请求被重复生效"}
                               {:type :prev-kv-mismatch,
                                :rid "idem-put-s42-6",
                                :key "/jepsen/idem/put/s42/6",
                                :prev-kvs [{:key "/jepsen/idem/put/s42/6",
                                            :value "OLD-6",
                                            :version 1,
                                            :create-revision 21,
                                            :mod-revision 21}
                                           {:key "/jepsen/idem/put/s42/6",
                                            :value "6",
                                            :version 2,
                                            :create-revision 21,
                                            :mod-revision 24}],
                                :note "幂等命中必须返回首次执行的结果；prev_kv 不一致（含 F-02 的 nil 退化）"}
                               {:type :version-over-advance,
                                :rid "idem-put-s42-6",
                                :key "/jepsen/idem/put/s42/6",
                                :version 3,
                                :expected-version 2,
                                :replays 3,
                                :note "重放后 version 超过本分组应有的写入次数：同一 request_id 生效了多次"}]}],
          :violations [{:type :revision-advanced,
                        :rid "idem-put-s42-6",
                        :key "/jepsen/idem/put/s42/6",
                        :revisions [24 51],
                        :note "同一 request_id 的重放返回了不同 revision：请求被重复生效"}
                       {:type :prev-kv-mismatch,
                        :rid "idem-put-s42-6",
                        :key "/jepsen/idem/put/s42/6",
                        :prev-kvs [{:key "/jepsen/idem/put/s42/6",
                                    :value "OLD-6",
                                    :version 1,
                                    :create-revision 21,
                                    :mod-revision 21}
                                   {:key "/jepsen/idem/put/s42/6",
                                    :value "6",
                                    :version 2,
                                    :create-revision 21,
                                    :mod-revision 24}],
                        :note "幂等命中必须返回首次执行的结果；prev_kv 不一致（含 F-02 的 nil 退化）"}
                       {:type :version-over-advance,
                        :rid "idem-put-s42-6",
                        :key "/jepsen/idem/put/s42/6",
                        :version 3,
                        :expected-version 2,
                        :replays 3,
                        :note "重放后 version 超过本分组应有的写入次数：同一 request_id 生效了多次"}
                       {:type :revision-advanced,
                        :rid "idem-put-s42-12",
                        :key "/jepsen/idem/put/s42/12",
                        :revisions [45 52],
                        :note "同一 request_id 的重放返回了不同 revision：请求被重复生效"}
                       {:type :prev-kv-mismatch,
                        :rid "idem-put-s42-12",
                        :key "/jepsen/idem/put/s42/12",
                        :prev-kvs [{:key "/jepsen/idem/put/s42/12",
                                    :value "OLD-12",
                                    :version 1,
                                    :create-revision 44,
                                    :mod-revision 44}
                                   {:key "/jepsen/idem/put/s42/12",
                                    :value "12",
                                    :version 2,
                                    :create-revision 44,
                                    :mod-revision 45}],
                        :note "幂等命中必须返回首次执行的结果；prev_kv 不一致（含 F-02 的 nil 退化）"}
                       {:type :version-over-advance,
                        :rid "idem-put-s42-12",
                        :key "/jepsen/idem/put/s42/12",
                        :version 3,
                        :expected-version 2,
                        :replays 3,
                        :note "重放后 version 超过本分组应有的写入次数：同一 request_id 生效了多次"}
                       {:type :revision-advanced,
                        :rid "idem-put-s42-30",
                        :key "/jepsen/idem/put/s42/30",
                        :revisions [75 127],
                        :note "同一 request_id 的重放返回了不同 revision：请求被重复生效"}
                       {:type :prev-kv-mismatch,
                        :rid "idem-put-s42-30",
                        :key "/jepsen/idem/put/s42/30",
                        :prev-kvs [{:key "/jepsen/idem/put/s42/30",
                                    :value "OLD-30",
                                    :version 1,
                                    :create-revision 74,
                                    :mod-revision 74}
                                   {:key "/jepsen/idem/put/s42/30",
                                    :value "30",
                                    :version 2,
                                    :create-revision 74,
                                    :mod-revision 75}],
                        :note "幂等命中必须返回首次执行的结果；prev_kv 不一致（含 F-02 的 nil 退化）"}
                       {:type :version-over-advance,
                        :rid "idem-put-s42-30",
                        :key "/jepsen/idem/put/s42/30",
                        :version 3,
                        :expected-version 2,
                        :replays 3,
                        :note "重放后 version 超过本分组应有的写入次数：同一 request_id 生效了多次"}
                       {:type :revision-advanced,
                        :rid "idem-put-s42-92",
                        :key "/jepsen/idem/put/s42/92",
                        :revisions [273 288],
                        :note "同一 request_id 的重放返回了不同 revision：请求被重复生效"}
                       {:type :prev-kv-mismatch,
                        :rid "idem-put-s42-92",
                        :key "/jepsen/idem/put/s42/92",
                        :prev-kvs [nil
                                   {:key "/jepsen/idem/put/s42/92",
                                    :value "92",
                                    :version 1,
                                    :create-revision 273,
                                    :mod-revision 273}],
                        :note "幂等命中必须返回首次执行的结果；prev_kv 不一致（含 F-02 的 nil 退化）"}
                       {:type :version-over-advance,
                        :rid "idem-put-s42-92",
                        :key "/jepsen/idem/put/s42/92",
                        :version 2,
                        :expected-version 1,
                        :replays 3,
                        :note "重放后 version 超过本分组应有的写入次数：同一 request_id 生效了多次"}
                       {:type :revision-advanced,
                        :rid "idem-put-s42-101",
                        :key "/jepsen/idem/put/s42/101",
                        :revisions [279 291],
                        :note "同一 request_id 的重放返回了不同 revision：请求被重复生效"}
                       {:type :prev-kv-mismatch,
                        :rid "idem-put-s42-101",
                        :key "/jepsen/idem/put/s42/101",
                        :prev-kvs [nil
                                   {:key "/jepsen/idem/put/s42/101",
                                    :value "101",
                                    :version 1,
                                    :create-revision 279,
                                    :mod-revision 279}],
                        :note "幂等命中必须返回首次执行的结果；prev_kv 不一致（含 F-02 的 nil 退化）"}
                       {:type :version-over-advance,
                        :rid "idem-put-s42-101",
                        :key "/jepsen/idem/put/s42/101",
                        :version 2,
                        :expected-version 1,
                        :replays 2,
                        :note "重放后 version 超过本分组应有的写入次数：同一 request_id 生效了多次"}
                       {:type :revision-advanced,
                        :rid "idem-put-s42-98",
                        :key "/jepsen/idem/put/s42/98",
                        :revisions [278 284],
                        :note "同一 request_id 的重放返回了不同 revision：请求被重复生效"}
                       {:type :prev-kv-mismatch,
                        :rid "idem-put-s42-98",
                        :key "/jepsen/idem/put/s42/98",
                        :prev-kvs [nil
                                   {:key "/jepsen/idem/put/s42/98",
                                    :value "98",
                                    :version 1,
                                    :create-revision 278,
                                    :mod-revision 278}],
                        :note "幂等命中必须返回首次执行的结果；prev_kv 不一致（含 F-02 的 nil 退化）"}
                       {:type :version-over-advance,
                        :rid "idem-put-s42-98",
                        :key "/jepsen/idem/put/s42/98",
                        :version 2,
                        :expected-version 1,
                        :replays 3,
                        :note "重放后 version 超过本分组应有的写入次数：同一 request_id 生效了多次"}
                       {:type :revision-advanced,
                        :rid "idem-put-s42-104",
                        :key "/jepsen/idem/put/s42/104",
                        :revisions [303 340],
                        :note "同一 request_id 的重放返回了不同 revision：请求被重复生效"}
                       {:type :prev-kv-mismatch,
                        :rid "idem-put-s42-104",
                        :key "/jepsen/idem/put/s42/104",
                        :prev-kvs [nil
                                   {:key "/jepsen/idem/put/s42/104",
                                    :value "104",
                                    :version 1,
                                    :create-revision 303,
                                    :mod-revision 303}],
                        :note "幂等命中必须返回首次执行的结果；prev_kv 不一致（含 F-02 的 nil 退化）"}]},
 :gates {:valid? true,
         :gates {:premise {:valid? true, :disabled? true},
                 :availability {:min-ratio 0.95,
                                :min-sample 100,
                                :windows 13,
                                :judged 0,
                                :skipped-small-sample 13,
                                :worst-window nil,
                                :violations []},
                 :rto {:budget-seconds 120,
                       :n 0,
                       :p95 nil,
                       :max nil,
                       :samples [],
                       :unrecovered 0,
                       :not-measured 13,
                       :details [{:disruption {:start 7005317901,
                                               :end 13424926784},
                                  :measurable? false,
                                  :first-ok-after nil,
                                  :seconds nil}
                                 {:disruption {:start 19156005981,
                                               :end 23541423838},
                                  :measurable? false,
                                  :first-ok-after nil,
                                  :seconds nil}
                                 {:disruption {:start 30122493668,
                                               :end 37639210936},
                                  :measurable? false,
                                  :first-ok-after nil,
                                  :seconds nil}
                                 {:disruption {:start 42748572539,
                                               :end 47127026029},
                                  :measurable? false,
                                  :first-ok-after nil,
                                  :seconds nil}
                                 {:disruption {:start 53652356844,
                                               :end 60566779142},
                                  :measurable? false,
                                  :first-ok-after nil,
                                  :seconds nil}
                                 {:disruption {:start 69316556830,
                                               :end 74498943935},
                                  :measurable? false,
                                  :first-ok-after nil,
                                  :seconds nil}
                                 {:disruption {:start 82397128595,
                                               :end 87329501123},
                                  :measurable? false,
                                  :first-ok-after nil,
                                  :seconds nil}
                                 {:disruption {:start 91463046564,
                                               :end 97434596338},
                                  :measurable? false,
                                  :first-ok-after nil,
                                  :seconds nil}
                                 {:disruption {:start 101720538405,
                                               :end 108849870583},
                                  :measurable? false,
                                  :first-ok-after nil,
                                  :seconds nil}
                                 {:disruption {:start 112930502765,
                                               :end 118867873847},
                                  :measurable? false,
                                  :first-ok-after nil,
                                  :seconds nil}
                                 {:disruption {:start 125848139502,
                                               :end 131703697666},
                                  :measurable? false,
                                  :first-ok-after nil,
                                  :seconds nil}
                                 {:disruption {:start 138816410504,
                                               :end 145578937788},
                                  :measurable? false,
                                  :first-ok-after nil,
                                  :seconds nil}
                                 {:disruption {:start 148973535602,
                                               :end 155598665771},
                                  :measurable? false,
                                  :first-ok-after nil,
                                  :seconds nil}]},
                 :liveness {:min-ok-ratio 0.1,
                            :min-sample 10,
                            :ops 3,
                            :judged 3,
                            :skipped-small-sample 0,
                            :ok-ratio 0.9834254143646409,
                            :by-op {:idem-range-delete {:total 63,
                                                        :ok 63,
                                                        :info 0,
                                                        :fail 0,
                                                        :legit-fail 0,
                                                        :judged 63,
                                                        :errors {}},
                                    :idem-delete {:total 66,
                                                  :ok 65,
                                                  :info 1,
                                                  :fail 0,
                                                  :legit-fail 0,
                                                  :judged 66,
                                                  :errors {}},
                                    :idem-put {:total 52,
                                               :ok 50,
                                               :info 2,
                                               :fail 0,
                                               :legit-fail 0,
                                               :judged 52,
                                               :errors {}}},
                            :violations []}},
         :failures []},
 :perf {:latency-graph {:valid? true},
        :rate-graph {:valid? true},
        :valid? true},
 :valid? false}


Analysis invalid! (ﾉಥ益ಥ）ﾉ ┻━┻
