2026-09-17 11:25:37,593{GMT}	INFO	[jepsen test runner] jepsen.core: Test version ad22337b09f7aae407b39e9d639de867e52bccc7 (plus uncommitted changes)
2026-09-17 11:25:37,594{GMT}	INFO	[jepsen test runner] jepsen.core: Command line:
lein run test --nodes-file /root/nodes --username root --ssh-private-key /root/.ssh/id_ed25519 --workload watch --nemesis kill --time-limit 120 --concurrency 1n --rate 5
2026-09-17 11:25:37,640{GMT}	INFO	[jepsen test runner] jepsen.core: Running test:
{:remote
 #jepsen.control.retry.Remote{:remote #jepsen.control.scp.Remote{:cmd-remote #jepsen.control.sshj.SSHJRemote{:concurrency-limit 6,
                                                                                                             :conn-spec nil,
                                                                                                             :client nil,
                                                                                                             :semaphore nil},
                                                                 :conn-spec nil},
                              :conn nil}
 :idem-replay-delay-ms 0
 :ssh-private-key "/root/.ssh/id_ed25519"
 :idem-min-replay-attempts nil
 :watch-min-events nil
 :concurrency 5
 :soak-disrupt 600
 :db
 #jepsen.coord.db.CoordDB{:cluster-name "jepsen-coord",
                          :pidfile-prefix "/var/run/coord-",
                          :root-password "66c57bb56bce306f484344e4a8650836",
                          :coord-dir "/opt/coord",
                          :config-dir "/etc/coord",
                          :logfile "/var/log/coord.log",
                          :regions nil,
                          :data-dir "/var/lib/coord",
                          :nodes ("n1" "n2" "n3"),
                          :auth-root-key "820662a9f85924333d6d466714bc51734b251e73b827a394e1978e36d2429bfc",
                          :raft-secret "93edf94d2860fec54bc59278a804cb1bbd2d0a7243e4f39d667d66966d9844d1",
                          :coord-bin "/root/coord-test/coord"}
 :leave-db-running? false
 :name "coord"
 :logging-json? false
 :mixture-ratio nil
 :start-time
 #object[java.time.OffsetDateTime "0x4eb43d2f" "2026-09-17T11:25:37.569047407Z"]
 :regions nil
 :map-keys nil
 :net
 #object[jepsen.net$iptables_with_dev$reify__15623
         "0x453961d7"
         "jepsen.net$iptables_with_dev$reify__15623@453961d7"]
 :client
 #jepsen.coord.client.CoordClient{:root-password "66c57bb56bce306f484344e4a8650836",
                                  :channels nil,
                                  :cct nil,
                                  :raw-channels nil,
                                  :parse-values? false,
                                  :nodes ["n1" "n2" "n3"],
                                  :leader-idx #object[clojure.lang.Atom
                                                      "0x5c70eda4"
                                                      {:status :ready, :val {}}],
                                  :last-rev #object[clojure.lang.Atom
                                                    "0x77ac7cd6"
                                                    {:status :ready, :val {}}],
                                  :last-watch-rev #object[clojure.lang.Atom
                                                          "0x12830e23"
                                                          {:status :ready,
                                                           :val {}}]}
 :barrier
 #object[java.util.concurrent.CyclicBarrier
         "0x81f9b01"
         "java.util.concurrent.CyclicBarrier@81f9b01"]
 :ssh
 {:dummy? false,
  :username "root",
  :password "root",
  :strict-host-key-checking false,
  :private-key-path "/root/.ssh/id_ed25519"}
 :rate 5.0
 :map-min-deletes nil
 :seed 1783726406
 :checker
 #jepsen.checker.Compose{:checkers {:linear #object[jepsen.coord.watchck$checker$reify__2277
                                                    "0x53d94a6b"
                                                    "jepsen.coord.watchck$checker$reify__2277@53d94a6b"],
                                    :gates #object[jepsen.coord.gates$checker$reify__955
                                                   "0x4707d60a"
                                                   "jepsen.coord.gates$checker$reify__955@4707d60a"],
                                    :perf #jepsen.checker.Compose{:checkers {:latency-graph #jepsen.checker.LatencyGraph{:opts {}},
                                                                             :rate-graph #jepsen.checker.RateGraph{:opts {}}}}}}
 :argv
 ("test"
  "--nodes-file"
  "/root/nodes"
  "--username"
  "root"
  "--ssh-private-key"
  "/root/.ssh/id_ed25519"
  "--workload"
  "watch"
  "--nemesis"
  "kill"
  "--time-limit"
  "120"
  "--concurrency"
  "1n"
  "--rate"
  "5")
 :nemesis #unprintable "jepsen.nemesis$node_start_stopper$reify__15946@4d7f3adf"
 :watch-resumes nil
 :nodes ("n1" "n2" "n3")
 :test-count 1
 :no-jitter false
 :generator
 #object[jepsen.util.Forgettable
         "0x3f4fd0dc"
         ((jepsen.generator.Synchronize
           {:gen (jepsen.generator.TimeLimit
                  {:limit 120000000000,
                   :cutoff nil,
                   :gen (jepsen.generator.Any
                         {:gens [(jepsen.generator.OnThreads
                                  {:f #{:nemesis},
                                   :context-filter #object[jepsen.generator.context$make_thread_filter$lazy_filter__5865
                                                           "0x34fde3a3"
                                                           "jepsen.generator.context$make_thread_filter$lazy_filter__5865@34fde3a3"],
                                   :gen ({:type :sleep,
                                          :value 3.0922789790184098}
                                         {:type :info, :f :start}
                                         {:type :sleep,
                                          :value 3.921242200319581}
                                         {:type :info, :f :stop}
                                         {:type :sleep,
                                          :value 4.836575888191252}
                                         {:type :info, :f :start}
                                         {:type :sleep,
                                          :value 7.475005675999252}
                                         {:type :info, :f :stop}
                                         ...)})
                                 (jepsen.generator.OnThreads
                                  {:f #jepsen.generator.context.AllBut{:element :nemesis},
                                   :context-filter #object[jepsen.generator.context$make_thread_filter$lazy_filter__5865
                                                           "0x5d9639bb"
                                                           "jepsen.generator.context$make_thread_filter$lazy_filter__5865@5d9639bb"],
                                   :gen (jepsen.generator.Delay
                                         {:dt 200000000,
                                          :next-time nil,
                                          :gen (jepsen.generator.OnThreads
                                                {:f #jepsen.generator.context.AllBut{:element :nemesis},
                                                 :context-filter #object[jepsen.generator.context$make_thread_filter$lazy_filter__5865
                                                                         "0x796687de"
                                                                         "jepsen.generator.context$make_thread_filter$lazy_filter__5865@796687de"],
                                                 :gen (jepsen.generator.Mix
                                                       {:i 0,
                                                        :gens [(jepsen.generator.Mix
                                                                {:i 0,
                                                                 :gens [#object[jepsen.coord$watch_gen$w__2400
                                                                                "0x225d93aa"
                                                                                "jepsen.coord$watch_gen$w__2400@225d93aa"]
                                                                        #object[jepsen.coord$watch_gen$w__2400
                                                                                "0x225d93aa"
                                                                                "jepsen.coord$watch_gen$w__2400@225d93aa"]
                                                                        #object[jepsen.coord$watch_gen$sess__2402$fn__2403
                                                                                "0x35ef158f"
                                                                                "jepsen.coord$watch_gen$sess__2402$fn__2403@35ef158f"]
                                                                        #object[jepsen.coord$watch_gen$sess__2402$fn__2403
                                                                                "0x59d8a968"
                                                                                "jepsen.coord$watch_gen$sess__2402$fn__2403@59d8a968"]]})]})})})})]})})})
          (jepsen.generator.Synchronize
           {:gen (jepsen.generator.OnThreads
                  {:f #{:nemesis},
                   :context-filter #object[jepsen.generator.context$make_thread_filter$lazy_filter__5865
                                           "0x14cd8dfa"
                                           "jepsen.generator.context$make_thread_filter$lazy_filter__5865@14cd8dfa"],
                   :gen {:type :info, :f :stop}})})
          (jepsen.generator.Synchronize
           {:gen {:type :log, :value "recovery: letting cluster converge"}})
          (jepsen.generator.Synchronize {:gen {:type :sleep, :value 30}}))]
 :min-op-ok-ratio nil
 :soak-max-rto-seconds nil
 :idem-replay-node-offset 0
 :min-op-sample nil
 :os
 #object[jepsen.os$reify__16045 "0x5a438c0a" "jepsen.os$reify__16045@5a438c0a"]
 :time-limit 120
 :quiet-availability-min nil
 :soak-quiet 1800
 :value-size nil
 :quiet-min-sample nil
 :watch-window-ms nil
 :workload :watch
 :watch-max-events nil
 :watch-semantics nil}

2026-09-17 11:25:39,012{GMT}	INFO	[jepsen test runner] jepsen.db: Tearing down DB
2026-09-17 11:25:39,012{GMT}	INFO	[jepsen node n1] jepsen.coord.db: Tearing down coord on n1
2026-09-17 11:25:39,013{GMT}	INFO	[jepsen node n2] jepsen.coord.db: Tearing down coord on n2
2026-09-17 11:25:39,013{GMT}	INFO	[jepsen node n3] jepsen.coord.db: Tearing down coord on n3
2026-09-17 11:25:40,738{GMT}	INFO	[jepsen test runner] jepsen.db: Setting up DB
2026-09-17 11:25:40,739{GMT}	INFO	[jepsen node n1] jepsen.coord.db: Setting up coord on n1
2026-09-17 11:25:40,739{GMT}	INFO	[jepsen node n3] jepsen.coord.db: Setting up coord on n3
2026-09-17 11:25:40,739{GMT}	INFO	[jepsen node n2] jepsen.coord.db: Setting up coord on n2
2026-09-17 11:25:43,367{GMT}	INFO	[jepsen node n3] jepsen.control.util: Starting coord
2026-09-17 11:25:43,400{GMT}	INFO	[jepsen node n1] jepsen.control.util: Starting coord
2026-09-17 11:25:43,420{GMT}	INFO	[jepsen node n2] jepsen.control.util: Starting coord
2026-09-17 11:25:43,477{GMT}	INFO	[jepsen node n3] jepsen.coord.db: Waiting for coord on n3 to be ready
2026-09-17 11:25:43,520{GMT}	INFO	[jepsen node n1] jepsen.coord.db: Waiting for coord on n1 to be ready
2026-09-17 11:25:43,532{GMT}	INFO	[jepsen node n2] jepsen.coord.db: Waiting for coord on n2 to be ready
2026-09-17 11:25:43,772{GMT}	INFO	[jepsen node n2] jepsen.coord.db: coord n2 is ready
2026-09-17 11:25:43,772{GMT}	INFO	[jepsen node n3] jepsen.coord.db: coord n3 is ready
2026-09-17 11:25:44,331{GMT}	INFO	[jepsen node n1] jepsen.coord.db: coord n1 is ready
2026-09-17 11:25:44,333{GMT}	INFO	[jepsen test runner] jepsen.core: Relative time begins now
2026-09-17 11:25:44,335{GMT}	INFO	[jepsen node n1] jepsen.coord.client: Opening coord client on n1
2026-09-17 11:25:44,335{GMT}	INFO	[jepsen node n2] jepsen.coord.client: Opening coord client on n2
2026-09-17 11:25:44,335{GMT}	INFO	[jepsen node n3] jepsen.coord.client: Opening coord client on n3
2026-09-17 11:25:44,581{GMT}	INFO	[jepsen node n3] jepsen.coord.client: coord client setup: waiting for a successful read (quorum + auth)
2026-09-17 11:25:44,581{GMT}	INFO	[jepsen node n2] jepsen.coord.client: coord client setup: waiting for a successful read (quorum + auth)
2026-09-17 11:25:44,581{GMT}	INFO	[jepsen node n1] jepsen.coord.client: coord client setup: waiting for a successful read (quorum + auth)
2026-09-17 11:25:44,627{GMT}	INFO	[jepsen node n2] jepsen.coord.client: coord cluster is ready
2026-09-17 11:25:44,627{GMT}	INFO	[jepsen node n1] jepsen.coord.client: coord cluster is ready
2026-09-17 11:25:44,627{GMT}	INFO	[jepsen node n3] jepsen.coord.client: coord cluster is ready
2026-09-17 11:25:44,643{GMT}	INFO	[jepsen worker 0] jepsen.print: 0	:invoke	:write	"vs1783726406-1-x"
2026-09-17 11:25:44,643{GMT}	INFO	[jepsen worker 0] jepsen.coord.client: Opening coord client on n1
2026-09-17 11:25:44,784{GMT}	INFO	[jepsen worker 0] jepsen.print: 0	:ok	:write	"vs1783726406-1-x"
2026-09-17 11:25:44,842{GMT}	INFO	[jepsen worker 2] jepsen.print: 2	:invoke	:watch-session	{:key "/jepsen/watch/s1783726406", :start-revision :last, :prev-kv? false, :window-ms 2000, :max-events 10000, :resumes 2}
2026-09-17 11:25:44,843{GMT}	INFO	[jepsen worker 2] jepsen.coord.client: Opening coord client on n3
2026-09-17 11:25:45,040{GMT}	INFO	[jepsen worker 3] jepsen.print: 3	:invoke	:write	"vs1783726406-3-x"
2026-09-17 11:25:45,041{GMT}	INFO	[jepsen worker 3] jepsen.coord.client: Opening coord client on n1
2026-09-17 11:25:45,192{GMT}	INFO	[jepsen worker 3] jepsen.print: 3	:ok	:write	"vs1783726406-3-x"
2026-09-17 11:25:45,240{GMT}	INFO	[jepsen worker 4] jepsen.print: 4	:invoke	:watch-session	{:key "/jepsen/watch/s1783726406", :start-revision 0, :prev-kv? false, :window-ms 2000, :max-events 10000, :resumes 2}
2026-09-17 11:25:45,240{GMT}	INFO	[jepsen worker 4] jepsen.coord.client: Opening coord client on n2
2026-09-17 11:25:45,441{GMT}	INFO	[jepsen worker 0] jepsen.print: 0	:invoke	:watch-session	{:key "/jepsen/watch/s1783726406", :start-revision :last, :prev-kv? false, :window-ms 2000, :max-events 10000, :resumes 2}
2026-09-17 11:25:45,641{GMT}	INFO	[jepsen worker 1] jepsen.print: 1	:invoke	:watch-session	{:key "/jepsen/watch/s1783726406", :start-revision 0, :prev-kv? true, :window-ms 2000, :max-events 10000, :resumes 2}
2026-09-17 11:25:45,641{GMT}	INFO	[jepsen worker 1] jepsen.coord.client: Opening coord client on n2
2026-09-17 11:25:45,841{GMT}	INFO	[jepsen worker 3] jepsen.print: 3	:invoke	:watch-session	{:key "/jepsen/watch/s1783726406", :start-revision 0, :prev-kv? true, :window-ms 2000, :max-events 10000, :resumes 2}
2026-09-17 11:25:46,954{GMT}	INFO	[jepsen worker 2] jepsen.print: 2	:ok	:watch-session	{:key "/jepsen/watch/s1783726406", :start-revision :last, :prev-kv? false, :window-ms 2000, :max-events 10000, :resumes 2}
2026-09-17 11:25:46,954{GMT}	INFO	[jepsen worker 2] jepsen.print: 2	:invoke	:write	"vs1783726406-4-x"
2026-09-17 11:25:46,983{GMT}	INFO	[jepsen worker 2] jepsen.print: 2	:ok	:write	"vs1783726406-4-x"
2026-09-17 11:25:47,155{GMT}	INFO	[jepsen worker 2] jepsen.print: 2	:invoke	:watch-session	{:key "/jepsen/watch/s1783726406", :start-revision 0, :prev-kv? false, :window-ms 2000, :max-events 10000, :resumes 2}
2026-09-17 11:25:47,339{GMT}	INFO	[jepsen worker 4] jepsen.print: 4	:ok	:watch-session	{:key "/jepsen/watch/s1783726406", :start-revision 0, :prev-kv? false, :window-ms 2000, :max-events 10000, :resumes 2}
2026-09-17 11:25:47,355{GMT}	INFO	[jepsen worker 4] jepsen.print: 4	:invoke	:watch-session	{:key "/jepsen/watch/s1783726406", :start-revision :last, :prev-kv? false, :window-ms 2000, :max-events 10000, :resumes 2}
2026-09-17 11:25:47,443{GMT}	INFO	[jepsen worker 0] jepsen.print: 0	:ok	:watch-session	{:key "/jepsen/watch/s1783726406", :start-revision :last, :prev-kv? false, :window-ms 2000, :max-events 10000, :resumes 2}
2026-09-17 11:25:47,555{GMT}	INFO	[jepsen worker 0] jepsen.print: 0	:invoke	:write	"vs1783726406-5-x"
2026-09-17 11:25:47,589{GMT}	INFO	[jepsen worker 0] jepsen.print: 0	:ok	:write	"vs1783726406-5-x"
2026-09-17 11:25:47,735{GMT}	INFO	[jepsen worker nemesis] jepsen.print: :nemesis	:info	:start	nil
2026-09-17 11:25:47,739{GMT}	INFO	[jepsen worker 1] jepsen.print: 1	:ok	:watch-session	{:key "/jepsen/watch/s1783726406", :start-revision 0, :prev-kv? true, :window-ms 2000, :max-events 10000, :resumes 2}
2026-09-17 11:25:47,751{GMT}	INFO	[jepsen worker nemesis] jepsen.print: :nemesis	:info	:start	{"n2" [:killed "n2"]}
2026-09-17 11:25:47,755{GMT}	INFO	[jepsen worker 0] jepsen.print: 0	:invoke	:write	"vs1783726406-6-x"
2026-09-17 11:25:47,789{GMT}	INFO	[jepsen worker 0] jepsen.print: 0	:ok	:write	"vs1783726406-6-x"
2026-09-17 11:25:47,842{GMT}	INFO	[jepsen worker 3] jepsen.print: 3	:ok	:watch-session	{:key "/jepsen/watch/s1783726406", :start-revision 0, :prev-kv? true, :window-ms 2000, :max-events 10000, :resumes 2}
2026-09-17 11:25:47,955{GMT}	INFO	[jepsen worker 3] jepsen.print: 3	:invoke	:watch-session	{:key "/jepsen/watch/s1783726406", :start-revision :last, :prev-kv? true, :window-ms 2000, :max-events 10000, :resumes 2}
2026-09-17 11:25:48,156{GMT}	INFO	[jepsen worker 0] jepsen.print: 0	:invoke	:write	"vs1783726406-7-x"
2026-09-17 11:25:48,183{GMT}	INFO	[jepsen worker 0] jepsen.print: 0	:ok	:write	"vs1783726406-7-x"
2026-09-17 11:25:48,356{GMT}	INFO	[jepsen worker 0] jepsen.print: 0	:invoke	:watch-session	{:key "/jepsen/watch/s1783726406", :start-revision :last, :prev-kv? false, :window-ms 2000, :max-events 10000, :resumes 2}
2026-09-17 11:25:48,556{GMT}	INFO	[jepsen worker 1] jepsen.print: 1	:invoke	:watch-session	{:key "/jepsen/watch/s1783726406", :start-revision :last, :prev-kv? true, :window-ms 2000, :max-events 10000, :resumes 2}
2026-09-17 11:25:49,156{GMT}	INFO	[jepsen worker 2] jepsen.print: 2	:ok	:watch-session	{:key "/jepsen/watch/s1783726406", :start-revision 0, :prev-kv? false, :window-ms 2000, :max-events 10000, :resumes 2}
2026-09-17 11:25:49,156{GMT}	INFO	[jepsen worker 2] jepsen.print: 2	:invoke	:write	"vs1783726406-9-x"
2026-09-17 11:25:49,182{GMT}	INFO	[jepsen worker 2] jepsen.print: 2	:ok	:write	"vs1783726406-9-x"
2026-09-17 11:25:49,355{GMT}	INFO	[jepsen worker 4] jepsen.print: 4	:ok	:watch-session	{:key "/jepsen/watch/s1783726406", :start-revision :last, :prev-kv? false, :window-ms 2000, :max-events 10000, :resumes 2}
2026-09-17 11:25:49,356{GMT}	INFO	[jepsen worker 2] jepsen.print: 2	:invoke	:write	"vs1783726406-10-"
2026-09-17 11:25:49,381{GMT}	INFO	[jepsen worker 2] jepsen.print: 2	:ok	:write	"vs1783726406-10-"
2026-09-17 11:25:49,557{GMT}	INFO	[jepsen worker 4] jepsen.print: 4	:invoke	:write	"vs1783726406-13-"
2026-09-17 11:25:49,584{GMT}	INFO	[jepsen worker 4] jepsen.print: 4	:ok	:write	"vs1783726406-13-"
2026-09-17 11:25:49,757{GMT}	INFO	[jepsen worker 4] jepsen.print: 4	:invoke	:write	"vs1783726406-8-x"
2026-09-17 11:25:49,784{GMT}	INFO	[jepsen worker 4] jepsen.print: 4	:ok	:write	"vs1783726406-8-x"
2026-09-17 11:25:49,957{GMT}	INFO	[jepsen worker 3] jepsen.print: 3	:ok	:watch-session	{:key "/jepsen/watch/s1783726406", :start-revision :last, :prev-kv? true, :window-ms 2000, :max-events 10000, :resumes 2}
2026-09-17 11:25:49,957{GMT}	INFO	[jepsen worker 2] jepsen.print: 2	:invoke	:watch-session	{:key "/jepsen/watch/s1783726406", :start-revision 0, :prev-kv? false, :window-ms 2000, :max-events 10000, :resumes 2}
2026-09-17 11:25:50,158{GMT}	INFO	[jepsen worker 3] jepsen.print: 3	:invoke	:write	"vs1783726406-15-"
2026-09-17 11:25:50,186{GMT}	INFO	[jepsen worker 3] jepsen.print: 3	:ok	:write	"vs1783726406-15-"
2026-09-17 11:25:50,357{GMT}	INFO	[jepsen worker 0] jepsen.print: 0	:ok	:watch-session	{:key "/jepsen/watch/s1783726406", :start-revision :last, :prev-kv? false, :window-ms 2000, :max-events 10000, :resumes 2}
2026-09-17 11:25:50,358{GMT}	INFO	[jepsen worker 3] jepsen.print: 3	:invoke	:write	"vs1783726406-18-"
2026-09-17 11:25:50,385{GMT}	INFO	[jepsen worker 3] jepsen.print: 3	:ok	:write	"vs1783726406-18-"
2026-09-17 11:25:50,557{GMT}	INFO	[jepsen worker 1] jepsen.print: 1	:ok	:watch-session	{:key "/jepsen/watch/s1783726406", :start-revision :last, :prev-kv? true, :window-ms 2000, :max-events 10000, :resumes 2}
2026-09-17 11:25:50,558{GMT}	INFO	[jepsen worker 3] jepsen.print: 3	:invoke	:watch-session	{:key "/jepsen/watch/s1783726406", :start-revision :last, :prev-kv? false, :window-ms 2000, :max-events 10000, :resumes 2}
2026-09-17 11:25:50,758{GMT}	INFO	[jepsen worker 4] jepsen.print: 4	:invoke	:watch-session	{:key "/jepsen/watch/s1783726406", :start-revision :last, :prev-kv? true, :window-ms 2000, :max-events 10000, :resumes 2}
2026-09-17 11:25:50,959{GMT}	INFO	[jepsen worker 0] jepsen.print: 0	:invoke	:watch-session	{:key "/jepsen/watch/s1783726406", :start-revision 0, :prev-kv? true, :window-ms 2000, :max-events 10000, :resumes 2}
2026-09-17 11:25:51,159{GMT}	INFO	[jepsen worker 1] jepsen.print: 1	:invoke	:write	"vs1783726406-20-"
2026-09-17 11:25:51,187{GMT}	INFO	[jepsen worker 1] jepsen.print: 1	:ok	:write	"vs1783726406-20-"
2026-09-17 11:25:51,359{GMT}	INFO	[jepsen worker 1] jepsen.print: 1	:invoke	:watch-session	{:key "/jepsen/watch/s1783726406", :start-revision 0, :prev-kv? true, :window-ms 2000, :max-events 10000, :resumes 2}
2026-09-17 11:25:51,672{GMT}	INFO	[jepsen worker nemesis] jepsen.print: :nemesis	:info	:stop	nil
2026-09-17 11:25:51,706{GMT}	INFO	[jepsen node n2] jepsen.coord.db: Restarting coord on n2
2026-09-17 11:25:51,707{GMT}	INFO	[jepsen node n2] jepsen.control.util: Starting coord
2026-09-17 11:25:51,817{GMT}	INFO	[jepsen node n2] jepsen.coord.db: Waiting for coord on n2 to be ready
2026-09-17 11:25:51,947{GMT}	INFO	[jepsen node n2] jepsen.coord.db: coord n2 is ready
2026-09-17 11:25:51,947{GMT}	INFO	[jepsen worker nemesis] jepsen.print: :nemesis	:info	:stop	{"n2" [:restarted "n2"]}
2026-09-17 11:25:51,958{GMT}	INFO	[jepsen worker 2] jepsen.print: 2	:ok	:watch-session	{:key "/jepsen/watch/s1783726406", :start-revision 0, :prev-kv? false, :window-ms 2000, :max-events 10000, :resumes 2}
2026-09-17 11:25:51,959{GMT}	INFO	[jepsen worker 2] jepsen.print: 2	:invoke	:write	"vs1783726406-22-"
2026-09-17 11:25:52,015{GMT}	INFO	[jepsen worker 2] jepsen.print: 2	:ok	:write	"vs1783726406-22-"
2026-09-17 11:25:52,159{GMT}	INFO	[jepsen worker 2] jepsen.print: 2	:invoke	:watch-session	{:key "/jepsen/watch/s1783726406", :start-revision 0, :prev-kv? true, :window-ms 2000, :max-events 10000, :resumes 2}
2026-09-17 11:25:52,559{GMT}	INFO	[jepsen worker 3] jepsen.print: 3	:ok	:watch-session	{:key "/jepsen/watch/s1783726406", :start-revision :last, :prev-kv? false, :window-ms 2000, :max-events 10000, :resumes 2}
2026-09-17 11:25:52,560{GMT}	INFO	[jepsen worker 3] jepsen.print: 3	:invoke	:watch-session	{:key "/jepsen/watch/s1783726406", :start-revision 0, :prev-kv? false, :window-ms 2000, :max-events 10000, :resumes 2}
2026-09-17 11:25:52,759{GMT}	INFO	[jepsen worker 4] jepsen.print: 4	:ok	:watch-session	{:key "/jepsen/watch/s1783726406", :start-revision :last, :prev-kv? true, :window-ms 2000, :max-events 10000, :resumes 2}
2026-09-17 11:25:52,760{GMT}	INFO	[jepsen worker 4] jepsen.print: 4	:invoke	:write	"vs1783726406-21-"
2026-09-17 11:25:52,792{GMT}	INFO	[jepsen worker 4] jepsen.print: 4	:ok	:write	"vs1783726406-21-"
2026-09-17 11:25:52,960{GMT}	INFO	[jepsen worker 4] jepsen.print: 4	:invoke	:watch-session	{:key "/jepsen/watch/s1783726406", :start-revision :last, :prev-kv? false, :window-ms 2000, :max-events 10000, :resumes 2}
2026-09-17 11:25:52,960{GMT}	INFO	[jepsen worker 0] jepsen.print: 0	:ok	:watch-session	{:key "/jepsen/watch/s1783726406", :start-revision 0, :prev-kv? true, :window-ms 2000, :max-events 10000, :resumes 2}
2026-09-17 11:25:53,160{GMT}	INFO	[jepsen worker 0] jepsen.print: 0	:invoke	:watch-session	{:key "/jepsen/watch/s1783726406", :start-revision :last, :prev-kv? false, :window-ms 2000, :max-events 10000, :resumes 2}
2026-09-17 11:25:53,361{GMT}	INFO	[jepsen worker 1] jepsen.print: 1	:ok	:watch-session	{:key "/jepsen/watch/s1783726406", :start-revision 0, :prev-kv? true, :window-ms 2000, :max-events 10000, :resumes 2}
2026-09-17 11:25:53,361{GMT}	INFO	[jepsen worker 1] jepsen.print: 1	:invoke	:write	"vs1783726406-23-"
2026-09-17 11:25:53,401{GMT}	INFO	[jepsen worker 1] jepsen.print: 1	:ok	:write	"vs1783726406-23-"
2026-09-17 11:25:53,561{GMT}	INFO	[jepsen worker 1] jepsen.print: 1	:invoke	:watch-session	{:key "/jepsen/watch/s1783726406", :start-revision :last, :prev-kv? true, :window-ms 2000, :max-events 10000, :resumes 2}
2026-09-17 11:25:54,161{GMT}	INFO	[jepsen worker 2] jepsen.print: 2	:ok	:watch-session	{:key "/jepsen/watch/s1783726406", :start-revision 0, :prev-kv? true, :window-ms 2000, :max-events 10000, :resumes 2}
2026-09-17 11:25:54,161{GMT}	INFO	[jepsen worker 2] jepsen.print: 2	:invoke	:watch-session	{:key "/jepsen/watch/s1783726406", :start-revision :last, :prev-kv? false, :window-ms 2000, :max-events 10000, :resumes 2}
2026-09-17 11:25:54,561{GMT}	INFO	[jepsen worker 3] jepsen.print: 3	:ok	:watch-session	{:key "/jepsen/watch/s1783726406", :start-revision 0, :prev-kv? false, :window-ms 2000, :max-events 10000, :resumes 2}
2026-09-17 11:25:54,561{GMT}	INFO	[jepsen worker 3] jepsen.print: 3	:invoke	:write	"vs1783726406-24-"
2026-09-17 11:25:54,594{GMT}	INFO	[jepsen worker 3] jepsen.print: 3	:ok	:write	"vs1783726406-24-"
2026-09-17 11:25:54,762{GMT}	INFO	[jepsen worker 3] jepsen.print: 3	:invoke	:watch-session	{:key "/jepsen/watch/s1783726406", :start-revision 0, :prev-kv? false, :window-ms 2000, :max-events 10000, :resumes 2}
2026-09-17 11:25:54,961{GMT}	INFO	[jepsen worker 4] jepsen.print: 4	:ok	:watch-session	{:key "/jepsen/watch/s1783726406", :start-revision :last, :prev-kv? false, :window-ms 2000, :max-events 10000, :resumes 2}
2026-09-17 11:25:54,962{GMT}	INFO	[jepsen worker 4] jepsen.print: 4	:invoke	:write	"vs1783726406-26-"
2026-09-17 11:25:54,988{GMT}	INFO	[jepsen worker 4] jepsen.print: 4	:ok	:write	"vs1783726406-26-"
2026-09-17 11:25:55,162{GMT}	INFO	[jepsen worker 0] jepsen.print: 0	:ok	:watch-session	{:key "/jepsen/watch/s1783726406", :start-revision :last, :prev-kv? false, :window-ms 2000, :max-events 10000, :resumes 2}
2026-09-17 11:25:55,162{GMT}	INFO	[jepsen worker 4] jepsen.print: 4	:invoke	:watch-session	{:key "/jepsen/watch/s1783726406", :start-revision :last, :prev-kv? false, :window-ms 2000, :max-events 10000, :resumes 2}
2026-09-17 11:25:55,363{GMT}	INFO	[jepsen worker 0] jepsen.print: 0	:invoke	:watch-session	{:key "/jepsen/watch/s1783726406", :start-revision :last, :prev-kv? false, :window-ms 2000, :max-events 10000, :resumes 2}
2026-09-17 11:25:55,563{GMT}	INFO	[jepsen worker 1] jepsen.print: 1	:ok	:watch-session	{:key "/jepsen/watch/s1783726406", :start-revision :last, :prev-kv? true, :window-ms 2000, :max-events 10000, :resumes 2}
2026-09-17 11:25:55,563{GMT}	INFO	[jepsen worker 1] jepsen.print: 1	:invoke	:write	"vs1783726406-27-"
2026-09-17 11:25:55,604{GMT}	INFO	[jepsen worker 1] jepsen.print: 1	:ok	:write	"vs1783726406-27-"
2026-09-17 11:25:55,764{GMT}	INFO	[jepsen worker 1] jepsen.print: 1	:invoke	:watch-session	{:key "/jepsen/watch/s1783726406", :start-revision 0, :prev-kv? false, :window-ms 2000, :max-events 10000, :resumes 2}
2026-09-17 11:25:56,162{GMT}	INFO	[jepsen worker 2] jepsen.print: 2	:ok	:watch-session	{:key "/jepsen/watch/s1783726406", :start-revision :last, :prev-kv? false, :window-ms 2000, :max-events 10000, :resumes 2}
2026-09-17 11:25:56,162{GMT}	INFO	[jepsen worker 2] jepsen.print: 2	:invoke	:write	"vs1783726406-25-"
2026-09-17 11:25:56,207{GMT}	INFO	[jepsen worker 2] jepsen.print: 2	:ok	:write	"vs1783726406-25-"
2026-09-17 11:25:56,363{GMT}	INFO	[jepsen worker 2] jepsen.print: 2	:invoke	:watch-session	{:key "/jepsen/watch/s1783726406", :start-revision :last, :prev-kv? false, :window-ms 2000, :max-events 10000, :resumes 2}
2026-09-17 11:25:56,763{GMT}	INFO	[jepsen worker 3] jepsen.print: 3	:ok	:watch-session	{:key "/jepsen/watch/s1783726406", :start-revision 0, :prev-kv? false, :window-ms 2000, :max-events 10000, :resumes 2}
2026-09-17 11:25:56,763{GMT}	INFO	[jepsen worker 3] jepsen.print: 3	:invoke	:write	"vs1783726406-28-"
2026-09-17 11:25:56,784{GMT}	INFO	[jepsen worker nemesis] jepsen.print: :nemesis	:info	:start	nil
2026-09-17 11:25:56,793{GMT}	INFO	[jepsen worker 3] jepsen.print: 3	:ok	:write	"vs1783726406-28-"
2026-09-17 11:25:56,796{GMT}	INFO	[jepsen worker nemesis] jepsen.print: :nemesis	:info	:start	{"n3" [:killed "n3"]}
2026-09-17 11:25:56,965{GMT}	INFO	[jepsen worker 3] jepsen.print: 3	:invoke	:watch-session	{:key "/jepsen/watch/s1783726406", :start-revision :last, :prev-kv? false, :window-ms 2000, :max-events 10000, :resumes 2}
2026-09-17 11:25:57,163{GMT}	INFO	[jepsen worker 4] jepsen.print: 4	:ok	:watch-session	{:key "/jepsen/watch/s1783726406", :start-revision :last, :prev-kv? false, :window-ms 2000, :max-events 10000, :resumes 2}
2026-09-17 11:25:57,163{GMT}	INFO	[jepsen worker 4] jepsen.print: 4	:invoke	:write	"vs1783726406-29-"
2026-09-17 11:25:57,188{GMT}	INFO	[jepsen worker 4] jepsen.print: 4	:ok	:write	"vs1783726406-29-"
2026-09-17 11:25:57,364{GMT}	INFO	[jepsen worker 4] jepsen.print: 4	:invoke	:watch-session	{:key "/jepsen/watch/s1783726406", :start-revision :last, :prev-kv? false, :window-ms 2000, :max-events 10000, :resumes 2}
2026-09-17 11:25:57,364{GMT}	INFO	[jepsen worker 0] jepsen.print: 0	:ok	:watch-session	{:key "/jepsen/watch/s1783726406", :start-revision :last, :prev-kv? false, :window-ms 2000, :max-events 10000, :resumes 2}
2026-09-17 11:25:57,564{GMT}	INFO	[jepsen worker 0] jepsen.print: 0	:invoke	:write	"vs1783726406-30-"
2026-09-17 11:25:57,593{GMT}	INFO	[jepsen worker 0] jepsen.print: 0	:ok	:write	"vs1783726406-30-"
2026-09-17 11:25:57,764{GMT}	INFO	[jepsen worker 0] jepsen.print: 0	:invoke	:watch-session	{:key "/jepsen/watch/s1783726406", :start-revision :last, :prev-kv? true, :window-ms 2000, :max-events 10000, :resumes 2}
2026-09-17 11:25:57,766{GMT}	INFO	[jepsen worker 1] jepsen.print: 1	:ok	:watch-session	{:key "/jepsen/watch/s1783726406", :start-revision 0, :prev-kv? false, :window-ms 2000, :max-events 10000, :resumes 2}
2026-09-17 11:25:57,964{GMT}	INFO	[jepsen worker 1] jepsen.print: 1	:invoke	:watch-session	{:key "/jepsen/watch/s1783726406", :start-revision :last, :prev-kv? false, :window-ms 2000, :max-events 10000, :resumes 2}
2026-09-17 11:25:58,364{GMT}	INFO	[jepsen worker 2] jepsen.print: 2	:ok	:watch-session	{:key "/jepsen/watch/s1783726406", :start-revision :last, :prev-kv? false, :window-ms 2000, :max-events 10000, :resumes 2}
2026-09-17 11:25:58,364{GMT}	INFO	[jepsen worker 2] jepsen.print: 2	:invoke	:watch-session	{:key "/jepsen/watch/s1783726406", :start-revision 0, :prev-kv? true, :window-ms 2000, :max-events 10000, :resumes 2}
2026-09-17 11:25:58,966{GMT}	INFO	[jepsen worker 3] jepsen.print: 3	:ok	:watch-session	{:key "/jepsen/watch/s1783726406", :start-revision :last, :prev-kv? false, :window-ms 2000, :max-events 10000, :resumes 2}
2026-09-17 11:25:58,966{GMT}	INFO	[jepsen worker 3] jepsen.print: 3	:invoke	:write	"vs1783726406-31-"
2026-09-17 11:25:58,993{GMT}	INFO	[jepsen worker 3] jepsen.print: 3	:ok	:write	"vs1783726406-31-"
2026-09-17 11:25:59,167{GMT}	INFO	[jepsen worker 3] jepsen.print: 3	:invoke	:watch-session	{:key "/jepsen/watch/s1783726406", :start-revision 0, :prev-kv? true, :window-ms 2000, :max-events 10000, :resumes 2}
2026-09-17 11:25:59,365{GMT}	INFO	[jepsen worker 4] jepsen.print: 4	:ok	:watch-session	{:key "/jepsen/watch/s1783726406", :start-revision :last, :prev-kv? false, :window-ms 2000, :max-events 10000, :resumes 2}
2026-09-17 11:25:59,367{GMT}	INFO	[jepsen worker 4] jepsen.print: 4	:invoke	:watch-session	{:key "/jepsen/watch/s1783726406", :start-revision 0, :prev-kv? true, :window-ms 2000, :max-events 10000, :resumes 2}
2026-09-17 11:25:59,765{GMT}	INFO	[jepsen worker 0] jepsen.print: 0	:ok	:watch-session	{:key "/jepsen/watch/s1783726406", :start-revision :last, :prev-kv? true, :window-ms 2000, :max-events 10000, :resumes 2}
2026-09-17 11:25:59,765{GMT}	INFO	[jepsen worker 0] jepsen.print: 0	:invoke	:write	"vs1783726406-33-"
2026-09-17 11:25:59,792{GMT}	INFO	[jepsen worker 0] jepsen.print: 0	:ok	:write	"vs1783726406-33-"
2026-09-17 11:25:59,966{GMT}	INFO	[jepsen worker 0] jepsen.print: 0	:invoke	:write	"vs1783726406-34-"
2026-09-17 11:25:59,966{GMT}	INFO	[jepsen worker 1] jepsen.print: 1	:ok	:watch-session	{:key "/jepsen/watch/s1783726406", :start-revision :last, :prev-kv? false, :window-ms 2000, :max-events 10000, :resumes 2}
2026-09-17 11:25:59,995{GMT}	INFO	[jepsen worker 0] jepsen.print: 0	:ok	:write	"vs1783726406-34-"
2026-09-17 11:26:00,166{GMT}	INFO	[jepsen worker 0] jepsen.print: 0	:invoke	:write	"vs1783726406-32-"
2026-09-17 11:26:00,193{GMT}	INFO	[jepsen worker 0] jepsen.print: 0	:ok	:write	"vs1783726406-32-"
2026-09-17 11:26:00,365{GMT}	INFO	[jepsen worker 2] jepsen.print: 2	:ok	:watch-session	{:key "/jepsen/watch/s1783726406", :start-revision 0, :prev-kv? true, :window-ms 2000, :max-events 10000, :resumes 2}
2026-09-17 11:26:00,366{GMT}	INFO	[jepsen worker 1] jepsen.print: 1	:invoke	:write	"vs1783726406-38-"
2026-09-17 11:26:00,392{GMT}	INFO	[jepsen worker 1] jepsen.print: 1	:ok	:write	"vs1783726406-38-"
2026-09-17 11:26:00,567{GMT}	INFO	[jepsen worker 2] jepsen.print: 2	:invoke	:write	"vs1783726406-41-"
2026-09-17 11:26:00,592{GMT}	INFO	[jepsen worker 2] jepsen.print: 2	:ok	:write	"vs1783726406-41-"
2026-09-17 11:26:00,767{GMT}	INFO	[jepsen worker 0] jepsen.print: 0	:invoke	:watch-session	{:key "/jepsen/watch/s1783726406", :start-revision 0, :prev-kv? true, :window-ms 2000, :max-events 10000, :resumes 2}
2026-09-17 11:26:00,967{GMT}	INFO	[jepsen worker 1] jepsen.print: 1	:invoke	:write	"vs1783726406-43-"
2026-09-17 11:26:00,992{GMT}	INFO	[jepsen worker 1] jepsen.print: 1	:ok	:write	"vs1783726406-43-"
2026-09-17 11:26:01,167{GMT}	INFO	[jepsen worker 1] jepsen.print: 1	:invoke	:write	"vs1783726406-46-"
2026-09-17 11:26:01,168{GMT}	INFO	[jepsen worker 3] jepsen.print: 3	:ok	:watch-session	{:key "/jepsen/watch/s1783726406", :start-revision 0, :prev-kv? true, :window-ms 2000, :max-events 10000, :resumes 2}
2026-09-17 11:26:01,195{GMT}	INFO	[jepsen worker 1] jepsen.print: 1	:ok	:write	"vs1783726406-46-"
2026-09-17 11:26:01,368{GMT}	INFO	[jepsen worker 1] jepsen.print: 1	:invoke	:watch-session	{:key "/jepsen/watch/s1783726406", :start-revision :last, :prev-kv? true, :window-ms 2000, :max-events 10000, :resumes 2}
2026-09-17 11:26:01,368{GMT}	INFO	[jepsen worker 4] jepsen.print: 4	:ok	:watch-session	{:key "/jepsen/watch/s1783726406", :start-revision 0, :prev-kv? true, :window-ms 2000, :max-events 10000, :resumes 2}
2026-09-17 11:26:01,568{GMT}	INFO	[jepsen worker 2] jepsen.print: 2	:invoke	:write	"vs1783726406-49-"
2026-09-17 11:26:01,594{GMT}	INFO	[jepsen worker 2] jepsen.print: 2	:ok	:write	"vs1783726406-49-"
2026-09-17 11:26:01,768{GMT}	INFO	[jepsen worker 2] jepsen.print: 2	:invoke	:write	"vs1783726406-52-"
2026-09-17 11:26:01,792{GMT}	INFO	[jepsen worker 2] jepsen.print: 2	:ok	:write	"vs1783726406-52-"
2026-09-17 11:26:01,968{GMT}	INFO	[jepsen worker 3] jepsen.print: 3	:invoke	:watch-session	{:key "/jepsen/watch/s1783726406", :start-revision 0, :prev-kv? true, :window-ms 2000, :max-events 10000, :resumes 2}
2026-09-17 11:26:02,168{GMT}	INFO	[jepsen worker 4] jepsen.print: 4	:invoke	:write	"vs1783726406-54-"
2026-09-17 11:26:02,194{GMT}	INFO	[jepsen worker 4] jepsen.print: 4	:ok	:write	"vs1783726406-54-"
2026-09-17 11:26:02,369{GMT}	INFO	[jepsen worker 2] jepsen.print: 2	:invoke	:write	"vs1783726406-57-"
2026-09-17 11:26:02,399{GMT}	INFO	[jepsen worker 2] jepsen.print: 2	:ok	:write	"vs1783726406-57-"
2026-09-17 11:26:02,569{GMT}	INFO	[jepsen worker 2] jepsen.print: 2	:invoke	:watch-session	{:key "/jepsen/watch/s1783726406", :start-revision :last, :prev-kv? false, :window-ms 2000, :max-events 10000, :resumes 2}
2026-09-17 11:26:02,768{GMT}	INFO	[jepsen worker 0] jepsen.print: 0	:ok	:watch-session	{:key "/jepsen/watch/s1783726406", :start-revision 0, :prev-kv? true, :window-ms 2000, :max-events 10000, :resumes 2}
2026-09-17 11:26:02,769{GMT}	INFO	[jepsen worker 4] jepsen.print: 4	:invoke	:write	"vs1783726406-59-"
2026-09-17 11:26:02,798{GMT}	INFO	[jepsen worker 4] jepsen.print: 4	:ok	:write	"vs1783726406-59-"
2026-09-17 11:26:02,969{GMT}	INFO	[jepsen worker 4] jepsen.print: 4	:invoke	:watch-session	{:key "/jepsen/watch/s1783726406", :start-revision :last, :prev-kv? false, :window-ms 2000, :max-events 10000, :resumes 2}
2026-09-17 11:26:03,170{GMT}	INFO	[jepsen worker 0] jepsen.print: 0	:invoke	:write	"vs1783726406-61-"
2026-09-17 11:26:03,200{GMT}	INFO	[jepsen worker 0] jepsen.print: 0	:ok	:write	"vs1783726406-61-"
2026-09-17 11:26:03,369{GMT}	INFO	[jepsen worker 1] jepsen.print: 1	:ok	:watch-session	{:key "/jepsen/watch/s1783726406", :start-revision :last, :prev-kv? true, :window-ms 2000, :max-events 10000, :resumes 2}
2026-09-17 11:26:03,369{GMT}	INFO	[jepsen worker 0] jepsen.print: 0	:invoke	:write	"vs1783726406-62-"
2026-09-17 11:26:03,398{GMT}	INFO	[jepsen worker 0] jepsen.print: 0	:ok	:write	"vs1783726406-62-"
2026-09-17 11:26:03,570{GMT}	INFO	[jepsen worker 0] jepsen.print: 0	:invoke	:watch-session	{:key "/jepsen/watch/s1783726406", :start-revision :last, :prev-kv? true, :window-ms 2000, :max-events 10000, :resumes 2}
2026-09-17 11:26:03,770{GMT}	INFO	[jepsen worker 1] jepsen.print: 1	:invoke	:watch-session	{:key "/jepsen/watch/s1783726406", :start-revision :last, :prev-kv? false, :window-ms 2000, :max-events 10000, :resumes 2}
2026-09-17 11:26:03,969{GMT}	INFO	[jepsen worker 3] jepsen.print: 3	:ok	:watch-session	{:key "/jepsen/watch/s1783726406", :start-revision 0, :prev-kv? true, :window-ms 2000, :max-events 10000, :resumes 2}
2026-09-17 11:26:03,970{GMT}	INFO	[jepsen worker 3] jepsen.print: 3	:invoke	:watch-session	{:key "/jepsen/watch/s1783726406", :start-revision 0, :prev-kv? false, :window-ms 2000, :max-events 10000, :resumes 2}
2026-09-17 11:26:04,271{GMT}	INFO	[jepsen worker nemesis] jepsen.print: :nemesis	:info	:stop	nil
2026-09-17 11:26:04,314{GMT}	INFO	[jepsen node n3] jepsen.coord.db: Restarting coord on n3
2026-09-17 11:26:04,315{GMT}	INFO	[jepsen node n3] jepsen.control.util: Starting coord
2026-09-17 11:26:04,432{GMT}	INFO	[jepsen node n3] jepsen.coord.db: Waiting for coord on n3 to be ready
2026-09-17 11:26:04,523{GMT}	INFO	[jepsen node n3] jepsen.coord.db: coord n3 is ready
2026-09-17 11:26:04,523{GMT}	INFO	[jepsen worker nemesis] jepsen.print: :nemesis	:info	:stop	{"n3" [:restarted "n3"]}
2026-09-17 11:26:04,570{GMT}	INFO	[jepsen worker 2] jepsen.print: 2	:ok	:watch-session	{:key "/jepsen/watch/s1783726406", :start-revision :last, :prev-kv? false, :window-ms 2000, :max-events 10000, :resumes 2}
2026-09-17 11:26:04,571{GMT}	INFO	[jepsen worker 2] jepsen.print: 2	:invoke	:write	"vs1783726406-64-"
2026-09-17 11:26:04,616{GMT}	INFO	[jepsen worker 2] jepsen.print: 2	:ok	:write	"vs1783726406-64-"
2026-09-17 11:26:04,771{GMT}	INFO	[jepsen worker 2] jepsen.print: 2	:invoke	:write	"vs1783726406-65-"
2026-09-17 11:26:04,804{GMT}	INFO	[jepsen worker 2] jepsen.print: 2	:ok	:write	"vs1783726406-65-"
2026-09-17 11:26:04,970{GMT}	INFO	[jepsen worker 4] jepsen.print: 4	:ok	:watch-session	{:key "/jepsen/watch/s1783726406", :start-revision :last, :prev-kv? false, :window-ms 2000, :max-events 10000, :resumes 2}
2026-09-17 11:26:04,971{GMT}	INFO	[jepsen worker 2] jepsen.print: 2	:invoke	:watch-session	{:key "/jepsen/watch/s1783726406", :start-revision :last, :prev-kv? true, :window-ms 2000, :max-events 10000, :resumes 2}
2026-09-17 11:26:05,171{GMT}	INFO	[jepsen worker 4] jepsen.print: 4	:invoke	:write	"vs1783726406-63-"
2026-09-17 11:26:05,201{GMT}	INFO	[jepsen worker 4] jepsen.print: 4	:ok	:write	"vs1783726406-63-"
2026-09-17 11:26:05,371{GMT}	INFO	[jepsen worker 4] jepsen.print: 4	:invoke	:write	"vs1783726406-66-"
2026-09-17 11:26:05,402{GMT}	INFO	[jepsen worker 4] jepsen.print: 4	:ok	:write	"vs1783726406-66-"
2026-09-17 11:26:05,571{GMT}	INFO	[jepsen worker 0] jepsen.print: 0	:ok	:watch-session	{:key "/jepsen/watch/s1783726406", :start-revision :last, :prev-kv? true, :window-ms 2000, :max-events 10000, :resumes 2}
2026-09-17 11:26:05,572{GMT}	INFO	[jepsen worker 4] jepsen.print: 4	:invoke	:write	"vs1783726406-67-"
2026-09-17 11:26:05,608{GMT}	INFO	[jepsen worker 4] jepsen.print: 4	:ok	:write	"vs1783726406-67-"
2026-09-17 11:26:05,772{GMT}	INFO	[jepsen worker 1] jepsen.print: 1	:ok	:watch-session	{:key "/jepsen/watch/s1783726406", :start-revision :last, :prev-kv? false, :window-ms 2000, :max-events 10000, :resumes 2}
2026-09-17 11:26:05,772{GMT}	INFO	[jepsen worker 4] jepsen.print: 4	:invoke	:watch-session	{:key "/jepsen/watch/s1783726406", :start-revision 0, :prev-kv? true, :window-ms 2000, :max-events 10000, :resumes 2}
2026-09-17 11:26:05,971{GMT}	INFO	[jepsen worker 3] jepsen.print: 3	:ok	:watch-session	{:key "/jepsen/watch/s1783726406", :start-revision 0, :prev-kv? false, :window-ms 2000, :max-events 10000, :resumes 2}
2026-09-17 11:26:05,972{GMT}	INFO	[jepsen worker 0] jepsen.print: 0	:invoke	:watch-session	{:key "/jepsen/watch/s1783726406", :start-revision :last, :prev-kv? true, :window-ms 2000, :max-events 10000, :resumes 2}
2026-09-17 11:26:06,172{GMT}	INFO	[jepsen worker 1] jepsen.print: 1	:invoke	:watch-session	{:key "/jepsen/watch/s1783726406", :start-revision :last, :prev-kv? false, :window-ms 2000, :max-events 10000, :resumes 2}
2026-09-17 11:26:06,372{GMT}	INFO	[jepsen worker 3] jepsen.print: 3	:invoke	:write	"vs1783726406-70-"
2026-09-17 11:26:06,408{GMT}	INFO	[jepsen worker 3] jepsen.print: 3	:ok	:write	"vs1783726406-70-"
2026-09-17 11:26:06,573{GMT}	INFO	[jepsen worker 3] jepsen.print: 3	:invoke	:watch-session	{:key "/jepsen/watch/s1783726406", :start-revision :last, :prev-kv? false, :window-ms 2000, :max-events 10000, :resumes 2}
2026-09-17 11:26:06,972{GMT}	INFO	[jepsen worker 2] jepsen.print: 2	:ok	:watch-session	{:key "/jepsen/watch/s1783726406", :start-revision :last, :prev-kv? true, :window-ms 2000, :max-events 10000, :resumes 2}
2026-09-17 11:26:06,972{GMT}	INFO	[jepsen worker 2] jepsen.print: 2	:invoke	:write	"vs1783726406-68-"
2026-09-17 11:26:07,001{GMT}	INFO	[jepsen worker 2] jepsen.print: 2	:ok	:write	"vs1783726406-68-"
2026-09-17 11:26:07,172{GMT}	INFO	[jepsen worker 2] jepsen.print: 2	:invoke	:watch-session	{:key "/jepsen/watch/s1783726406", :start-revision :last, :prev-kv? false, :window-ms 2000, :max-events 10000, :resumes 2}
2026-09-17 11:26:07,773{GMT}	INFO	[jepsen worker 4] jepsen.print: 4	:ok	:watch-session	{:key "/jepsen/watch/s1783726406", :start-revision 0, :prev-kv? true, :window-ms 2000, :max-events 10000, :resumes 2}
2026-09-17 11:26:07,773{GMT}	INFO	[jepsen worker 4] jepsen.print: 4	:invoke	:write	"vs1783726406-71-"
2026-09-17 11:26:07,807{GMT}	INFO	[jepsen worker 4] jepsen.print: 4	:ok	:write	"vs1783726406-71-"
2026-09-17 11:26:07,974{GMT}	INFO	[jepsen worker 0] jepsen.print: 0	:ok	:watch-session	{:key "/jepsen/watch/s1783726406", :start-revision :last, :prev-kv? true, :window-ms 2000, :max-events 10000, :resumes 2}
2026-09-17 11:26:07,974{GMT}	INFO	[jepsen worker 0] jepsen.print: 0	:invoke	:watch-session	{:key "/jepsen/watch/s1783726406", :start-revision 0, :prev-kv? true, :window-ms 2000, :max-events 10000, :resumes 2}
2026-09-17 11:26:08,173{GMT}	INFO	[jepsen worker 1] jepsen.print: 1	:ok	:watch-session	{:key "/jepsen/watch/s1783726406", :start-revision :last, :prev-kv? false, :window-ms 2000, :max-events 10000, :resumes 2}
2026-09-17 11:26:08,174{GMT}	INFO	[jepsen worker 1] jepsen.print: 1	:invoke	:write	"vs1783726406-72-"
2026-09-17 11:26:08,205{GMT}	INFO	[jepsen worker 1] jepsen.print: 1	:ok	:write	"vs1783726406-72-"
2026-09-17 11:26:08,374{GMT}	INFO	[jepsen worker 4] jepsen.print: 4	:invoke	:write	"vs1783726406-76-"
2026-09-17 11:26:08,406{GMT}	INFO	[jepsen worker 4] jepsen.print: 4	:ok	:write	"vs1783726406-76-"
2026-09-17 11:26:08,574{GMT}	INFO	[jepsen worker 3] jepsen.print: 3	:ok	:watch-session	{:key "/jepsen/watch/s1783726406", :start-revision :last, :prev-kv? false, :window-ms 2000, :max-events 10000, :resumes 2}
2026-09-17 11:26:08,574{GMT}	INFO	[jepsen worker 4] jepsen.print: 4	:invoke	:watch-session	{:key "/jepsen/watch/s1783726406", :start-revision :last, :prev-kv? true, :window-ms 2000, :max-events 10000, :resumes 2}
2026-09-17 11:26:08,774{GMT}	INFO	[jepsen worker 1] jepsen.print: 1	:invoke	:write	"vs1783726406-73-"
2026-09-17 11:26:08,805{GMT}	INFO	[jepsen worker 1] jepsen.print: 1	:ok	:write	"vs1783726406-73-"
2026-09-17 11:26:08,975{GMT}	INFO	[jepsen worker 1] jepsen.print: 1	:invoke	:write	"vs1783726406-79-"
2026-09-17 11:26:09,009{GMT}	INFO	[jepsen worker 1] jepsen.print: 1	:ok	:write	"vs1783726406-79-"
2026-09-17 11:26:09,173{GMT}	INFO	[jepsen worker 2] jepsen.print: 2	:ok	:watch-session	{:key "/jepsen/watch/s1783726406", :start-revision :last, :prev-kv? false, :window-ms 2000, :max-events 10000, :resumes 2}
2026-09-17 11:26:09,175{GMT}	INFO	[jepsen worker 1] jepsen.print: 1	:invoke	:watch-session	{:key "/jepsen/watch/s1783726406", :start-revision 0, :prev-kv? true, :window-ms 2000, :max-events 10000, :resumes 2}
2026-09-17 11:26:09,375{GMT}	INFO	[jepsen worker 2] jepsen.print: 2	:invoke	:write	"vs1783726406-81-"
2026-09-17 11:26:09,405{GMT}	INFO	[jepsen worker 2] jepsen.print: 2	:ok	:write	"vs1783726406-81-"
2026-09-17 11:26:09,575{GMT}	INFO	[jepsen worker 2] jepsen.print: 2	:invoke	:watch-session	{:key "/jepsen/watch/s1783726406", :start-revision 0, :prev-kv? true, :window-ms 2000, :max-events 10000, :resumes 2}
2026-09-17 11:26:09,775{GMT}	INFO	[jepsen worker 3] jepsen.print: 3	:invoke	:write	"vs1783726406-83-"
2026-09-17 11:26:09,810{GMT}	INFO	[jepsen worker 3] jepsen.print: 3	:ok	:write	"vs1783726406-83-"
2026-09-17 11:26:09,975{GMT}	INFO	[jepsen worker 3] jepsen.print: 3	:invoke	:write	"vs1783726406-85-"
2026-09-17 11:26:09,975{GMT}	INFO	[jepsen worker 0] jepsen.print: 0	:ok	:watch-session	{:key "/jepsen/watch/s1783726406", :start-revision 0, :prev-kv? true, :window-ms 2000, :max-events 10000, :resumes 2}
2026-09-17 11:26:10,001{GMT}	INFO	[jepsen worker 3] jepsen.print: 3	:ok	:write	"vs1783726406-85-"
2026-09-17 11:26:10,176{GMT}	INFO	[jepsen worker 0] jepsen.print: 0	:invoke	:watch-session	{:key "/jepsen/watch/s1783726406", :start-revision 0, :prev-kv? true, :window-ms 2000, :max-events 10000, :resumes 2}
2026-09-17 11:26:10,376{GMT}	INFO	[jepsen worker 3] jepsen.print: 3	:invoke	:write	"vs1783726406-84-"
2026-09-17 11:26:10,408{GMT}	INFO	[jepsen worker 3] jepsen.print: 3	:ok	:write	"vs1783726406-84-"
2026-09-17 11:26:10,575{GMT}	INFO	[jepsen worker 4] jepsen.print: 4	:ok	:watch-session	{:key "/jepsen/watch/s1783726406", :start-revision :last, :prev-kv? true, :window-ms 2000, :max-events 10000, :resumes 2}
2026-09-17 11:26:10,576{GMT}	INFO	[jepsen worker 3] jepsen.print: 3	:invoke	:watch-session	{:key "/jepsen/watch/s1783726406", :start-revision :last, :prev-kv? false, :window-ms 2000, :max-events 10000, :resumes 2}
2026-09-17 11:26:10,776{GMT}	INFO	[jepsen worker 4] jepsen.print: 4	:invoke	:write	"vs1783726406-86-"
2026-09-17 11:26:10,805{GMT}	INFO	[jepsen worker 4] jepsen.print: 4	:ok	:write	"vs1783726406-86-"
2026-09-17 11:26:10,976{GMT}	INFO	[jepsen worker 4] jepsen.print: 4	:invoke	:watch-session	{:key "/jepsen/watch/s1783726406", :start-revision :last, :prev-kv? true, :window-ms 2000, :max-events 10000, :resumes 2}
2026-09-17 11:26:11,176{GMT}	INFO	[jepsen worker 1] jepsen.print: 1	:ok	:watch-session	{:key "/jepsen/watch/s1783726406", :start-revision 0, :prev-kv? true, :window-ms 2000, :max-events 10000, :resumes 2}
2026-09-17 11:26:11,176{GMT}	INFO	[jepsen worker 1] jepsen.print: 1	:invoke	:watch-session	{:key "/jepsen/watch/s1783726406", :start-revision :last, :prev-kv? true, :window-ms 2000, :max-events 10000, :resumes 2}
2026-09-17 11:26:11,577{GMT}	INFO	[jepsen worker 2] jepsen.print: 2	:ok	:watch-session	{:key "/jepsen/watch/s1783726406", :start-revision 0, :prev-kv? true, :window-ms 2000, :max-events 10000, :resumes 2}
2026-09-17 11:26:11,577{GMT}	INFO	[jepsen worker 2] jepsen.print: 2	:invoke	:watch-session	{:key "/jepsen/watch/s1783726406", :start-revision 0, :prev-kv? true, :window-ms 2000, :max-events 10000, :resumes 2}
2026-09-17 11:26:12,177{GMT}	INFO	[jepsen worker 0] jepsen.print: 0	:ok	:watch-session	{:key "/jepsen/watch/s1783726406", :start-revision 0, :prev-kv? true, :window-ms 2000, :max-events 10000, :resumes 2}
2026-09-17 11:26:12,178{GMT}	INFO	[jepsen worker 0] jepsen.print: 0	:invoke	:watch-session	{:key "/jepsen/watch/s1783726406", :start-revision :last, :prev-kv? true, :window-ms 2000, :max-events 10000, :resumes 2}
2026-09-17 11:26:12,480{GMT}	INFO	[jepsen worker nemesis] jepsen.print: :nemesis	:info	:start	nil
2026-09-17 11:26:12,494{GMT}	INFO	[jepsen worker nemesis] jepsen.print: :nemesis	:info	:start	{"n3" [:killed "n3"]}
2026-09-17 11:26:12,576{GMT}	INFO	[jepsen worker 3] jepsen.print: 3	:ok	:watch-session	{:key "/jepsen/watch/s1783726406", :start-revision :last, :prev-kv? false, :window-ms 2000, :max-events 10000, :resumes 2}
2026-09-17 11:26:12,577{GMT}	INFO	[jepsen worker 3] jepsen.print: 3	:invoke	:watch-session	{:key "/jepsen/watch/s1783726406", :start-revision 0, :prev-kv? false, :window-ms 2000, :max-events 10000, :resumes 2}
2026-09-17 11:26:12,978{GMT}	INFO	[jepsen worker 4] jepsen.print: 4	:ok	:watch-session	{:key "/jepsen/watch/s1783726406", :start-revision :last, :prev-kv? true, :window-ms 2000, :max-events 10000, :resumes 2}
2026-09-17 11:26:12,978{GMT}	INFO	[jepsen worker 4] jepsen.print: 4	:invoke	:watch-session	{:key "/jepsen/watch/s1783726406", :start-revision :last, :prev-kv? false, :window-ms 2000, :max-events 10000, :resumes 2}
2026-09-17 11:26:13,178{GMT}	INFO	[jepsen worker 1] jepsen.print: 1	:ok	:watch-session	{:key "/jepsen/watch/s1783726406", :start-revision :last, :prev-kv? true, :window-ms 2000, :max-events 10000, :resumes 2}
2026-09-17 11:26:13,178{GMT}	INFO	[jepsen worker 1] jepsen.print: 1	:invoke	:watch-session	{:key "/jepsen/watch/s1783726406", :start-revision 0, :prev-kv? false, :window-ms 2000, :max-events 10000, :resumes 2}
2026-09-17 11:26:13,578{GMT}	INFO	[jepsen worker 2] jepsen.print: 2	:ok	:watch-session	{:key "/jepsen/watch/s1783726406", :start-revision 0, :prev-kv? true, :window-ms 2000, :max-events 10000, :resumes 2}
2026-09-17 11:26:13,578{GMT}	INFO	[jepsen worker 2] jepsen.print: 2	:invoke	:write	"vs1783726406-88-"
2026-09-17 11:26:13,604{GMT}	INFO	[jepsen worker 2] jepsen.print: 2	:ok	:write	"vs1783726406-88-"
2026-09-17 11:26:13,779{GMT}	INFO	[jepsen worker 2] jepsen.print: 2	:invoke	:watch-session	{:key "/jepsen/watch/s1783726406", :start-revision 0, :prev-kv? true, :window-ms 2000, :max-events 10000, :resumes 2}
2026-09-17 11:26:14,178{GMT}	INFO	[jepsen worker 0] jepsen.print: 0	:ok	:watch-session	{:key "/jepsen/watch/s1783726406", :start-revision :last, :prev-kv? true, :window-ms 2000, :max-events 10000, :resumes 2}
2026-09-17 11:26:14,179{GMT}	INFO	[jepsen worker 0] jepsen.print: 0	:invoke	:watch-session	{:key "/jepsen/watch/s1783726406", :start-revision :last, :prev-kv? false, :window-ms 2000, :max-events 10000, :resumes 2}
2026-09-17 11:26:14,578{GMT}	INFO	[jepsen worker 3] jepsen.print: 3	:ok	:watch-session	{:key "/jepsen/watch/s1783726406", :start-revision 0, :prev-kv? false, :window-ms 2000, :max-events 10000, :resumes 2}
2026-09-17 11:26:14,578{GMT}	INFO	[jepsen worker 3] jepsen.print: 3	:invoke	:watch-session	{:key "/jepsen/watch/s1783726406", :start-revision 0, :prev-kv? true, :window-ms 2000, :max-events 10000, :resumes 2}
2026-09-17 11:26:14,979{GMT}	INFO	[jepsen worker 4] jepsen.print: 4	:ok	:watch-session	{:key "/jepsen/watch/s1783726406", :start-revision :last, :prev-kv? false, :window-ms 2000, :max-events 10000, :resumes 2}
2026-09-17 11:26:14,979{GMT}	INFO	[jepsen worker 4] jepsen.print: 4	:invoke	:watch-session	{:key "/jepsen/watch/s1783726406", :start-revision 0, :prev-kv? true, :window-ms 2000, :max-events 10000, :resumes 2}
2026-09-17 11:26:15,179{GMT}	INFO	[jepsen worker 1] jepsen.print: 1	:ok	:watch-session	{:key "/jepsen/watch/s1783726406", :start-revision 0, :prev-kv? false, :window-ms 2000, :max-events 10000, :resumes 2}
2026-09-17 11:26:15,179{GMT}	INFO	[jepsen worker 1] jepsen.print: 1	:invoke	:watch-session	{:key "/jepsen/watch/s1783726406", :start-revision 0, :prev-kv? false, :window-ms 2000, :max-events 10000, :resumes 2}
2026-09-17 11:26:15,780{GMT}	INFO	[jepsen worker 2] jepsen.print: 2	:ok	:watch-session	{:key "/jepsen/watch/s1783726406", :start-revision 0, :prev-kv? true, :window-ms 2000, :max-events 10000, :resumes 2}
2026-09-17 11:26:15,780{GMT}	INFO	[jepsen worker 2] jepsen.print: 2	:invoke	:watch-session	{:key "/jepsen/watch/s1783726406", :start-revision 0, :prev-kv? true, :window-ms 2000, :max-events 10000, :resumes 2}
2026-09-17 11:26:16,180{GMT}	INFO	[jepsen worker 0] jepsen.print: 0	:ok	:watch-session	{:key "/jepsen/watch/s1783726406", :start-revision :last, :prev-kv? false, :window-ms 2000, :max-events 10000, :resumes 2}
2026-09-17 11:26:16,180{GMT}	INFO	[jepsen worker 0] jepsen.print: 0	:invoke	:write	"vs1783726406-87-"
2026-09-17 11:26:16,208{GMT}	INFO	[jepsen worker 0] jepsen.print: 0	:ok	:write	"vs1783726406-87-"
2026-09-17 11:26:16,357{GMT}	INFO	[jepsen worker nemesis] jepsen.print: :nemesis	:info	:stop	nil
2026-09-17 11:26:16,380{GMT}	INFO	[jepsen worker 0] jepsen.print: 0	:invoke	:write	"vs1783726406-90-"
2026-09-17 11:26:16,388{GMT}	INFO	[jepsen node n3] jepsen.coord.db: Restarting coord on n3
2026-09-17 11:26:16,388{GMT}	INFO	[jepsen node n3] jepsen.control.util: Starting coord
2026-09-17 11:26:16,404{GMT}	INFO	[jepsen worker 0] jepsen.print: 0	:ok	:write	"vs1783726406-90-"
2026-09-17 11:26:16,502{GMT}	INFO	[jepsen node n3] jepsen.coord.db: Waiting for coord on n3 to be ready
2026-09-17 11:26:16,579{GMT}	INFO	[jepsen worker 3] jepsen.print: 3	:ok	:watch-session	{:key "/jepsen/watch/s1783726406", :start-revision 0, :prev-kv? true, :window-ms 2000, :max-events 10000, :resumes 2}
2026-09-17 11:26:16,581{GMT}	INFO	[jepsen worker 0] jepsen.print: 0	:invoke	:watch-session	{:key "/jepsen/watch/s1783726406", :start-revision :last, :prev-kv? false, :window-ms 2000, :max-events 10000, :resumes 2}
2026-09-17 11:26:16,610{GMT}	INFO	[jepsen node n3] jepsen.coord.db: coord n3 is ready
2026-09-17 11:26:16,610{GMT}	INFO	[jepsen worker nemesis] jepsen.print: :nemesis	:info	:stop	{"n3" [:restarted "n3"]}
2026-09-17 11:26:16,781{GMT}	INFO	[jepsen worker 3] jepsen.print: 3	:invoke	:watch-session	{:key "/jepsen/watch/s1783726406", :start-revision :last, :prev-kv? true, :window-ms 2000, :max-events 10000, :resumes 2}
2026-09-17 11:26:16,980{GMT}	INFO	[jepsen worker 4] jepsen.print: 4	:ok	:watch-session	{:key "/jepsen/watch/s1783726406", :start-revision 0, :prev-kv? true, :window-ms 2000, :max-events 10000, :resumes 2}
2026-09-17 11:26:16,981{GMT}	INFO	[jepsen worker 4] jepsen.print: 4	:invoke	:write	"vs1783726406-91-"
2026-09-17 11:26:17,011{GMT}	INFO	[jepsen worker 4] jepsen.print: 4	:ok	:write	"vs1783726406-91-"
2026-09-17 11:26:17,181{GMT}	INFO	[jepsen worker 1] jepsen.print: 1	:ok	:watch-session	{:key "/jepsen/watch/s1783726406", :start-revision 0, :prev-kv? false, :window-ms 2000, :max-events 10000, :resumes 2}
2026-09-17 11:26:17,181{GMT}	INFO	[jepsen worker 4] jepsen.print: 4	:invoke	:watch-session	{:key "/jepsen/watch/s1783726406", :start-revision :last, :prev-kv? false, :window-ms 2000, :max-events 10000, :resumes 2}
2026-09-17 11:26:17,381{GMT}	INFO	[jepsen worker 1] jepsen.print: 1	:invoke	:write	"vs1783726406-89-"
2026-09-17 11:26:17,415{GMT}	INFO	[jepsen worker 1] jepsen.print: 1	:ok	:write	"vs1783726406-89-"
2026-09-17 11:26:17,582{GMT}	INFO	[jepsen worker 1] jepsen.print: 1	:invoke	:watch-session	{:key "/jepsen/watch/s1783726406", :start-revision 0, :prev-kv? false, :window-ms 2000, :max-events 10000, :resumes 2}
2026-09-17 11:26:17,781{GMT}	INFO	[jepsen worker 2] jepsen.print: 2	:ok	:watch-session	{:key "/jepsen/watch/s1783726406", :start-revision 0, :prev-kv? true, :window-ms 2000, :max-events 10000, :resumes 2}
2026-09-17 11:26:17,782{GMT}	INFO	[jepsen worker 2] jepsen.print: 2	:invoke	:watch-session	{:key "/jepsen/watch/s1783726406", :start-revision 0, :prev-kv? true, :window-ms 2000, :max-events 10000, :resumes 2}
2026-09-17 11:26:18,582{GMT}	INFO	[jepsen worker 0] jepsen.print: 0	:ok	:watch-session	{:key "/jepsen/watch/s1783726406", :start-revision :last, :prev-kv? false, :window-ms 2000, :max-events 10000, :resumes 2}
2026-09-17 11:26:18,582{GMT}	INFO	[jepsen worker 0] jepsen.print: 0	:invoke	:watch-session	{:key "/jepsen/watch/s1783726406", :start-revision 0, :prev-kv? true, :window-ms 2000, :max-events 10000, :resumes 2}
2026-09-17 11:26:18,782{GMT}	INFO	[jepsen worker 3] jepsen.print: 3	:ok	:watch-session	{:key "/jepsen/watch/s1783726406", :start-revision :last, :prev-kv? true, :window-ms 2000, :max-events 10000, :resumes 2}
2026-09-17 11:26:18,782{GMT}	INFO	[jepsen worker 3] jepsen.print: 3	:invoke	:write	"vs1783726406-93-"
2026-09-17 11:26:18,818{GMT}	INFO	[jepsen worker 3] jepsen.print: 3	:ok	:write	"vs1783726406-93-"
2026-09-17 11:26:18,982{GMT}	INFO	[jepsen worker 3] jepsen.print: 3	:invoke	:write	"vs1783726406-94-"
2026-09-17 11:26:19,012{GMT}	INFO	[jepsen worker 3] jepsen.print: 3	:ok	:write	"vs1783726406-94-"
2026-09-17 11:26:19,182{GMT}	INFO	[jepsen worker 3] jepsen.print: 3	:invoke	:write	"vs1783726406-92-"
2026-09-17 11:26:19,182{GMT}	INFO	[jepsen worker 4] jepsen.print: 4	:ok	:watch-session	{:key "/jepsen/watch/s1783726406", :start-revision :last, :prev-kv? false, :window-ms 2000, :max-events 10000, :resumes 2}
2026-09-17 11:26:19,217{GMT}	INFO	[jepsen worker 3] jepsen.print: 3	:ok	:write	"vs1783726406-92-"
2026-09-17 11:26:19,382{GMT}	INFO	[jepsen worker 4] jepsen.print: 4	:invoke	:write	"vs1783726406-98-"
2026-09-17 11:26:19,412{GMT}	INFO	[jepsen worker 4] jepsen.print: 4	:ok	:write	"vs1783726406-98-"
2026-09-17 11:26:19,583{GMT}	INFO	[jepsen worker 1] jepsen.print: 1	:ok	:watch-session	{:key "/jepsen/watch/s1783726406", :start-revision 0, :prev-kv? false, :window-ms 2000, :max-events 10000, :resumes 2}
2026-09-17 11:26:19,583{GMT}	INFO	[jepsen worker 1] jepsen.print: 1	:invoke	:watch-session	{:key "/jepsen/watch/s1783726406", :start-revision :last, :prev-kv? false, :window-ms 2000, :max-events 10000, :resumes 2}
2026-09-17 11:26:19,783{GMT}	INFO	[jepsen worker 2] jepsen.print: 2	:ok	:watch-session	{:key "/jepsen/watch/s1783726406", :start-revision 0, :prev-kv? true, :window-ms 2000, :max-events 10000, :resumes 2}
2026-09-17 11:26:19,783{GMT}	INFO	[jepsen worker 2] jepsen.print: 2	:invoke	:watch-session	{:key "/jepsen/watch/s1783726406", :start-revision :last, :prev-kv? false, :window-ms 2000, :max-events 10000, :resumes 2}
2026-09-17 11:26:19,983{GMT}	INFO	[jepsen worker 3] jepsen.print: 3	:invoke	:write	"vs1783726406-95-"
2026-09-17 11:26:20,013{GMT}	INFO	[jepsen worker 3] jepsen.print: 3	:ok	:write	"vs1783726406-95-"
2026-09-17 11:26:20,184{GMT}	INFO	[jepsen worker 3] jepsen.print: 3	:invoke	:watch-session	{:key "/jepsen/watch/s1783726406", :start-revision 0, :prev-kv? false, :window-ms 2000, :max-events 10000, :resumes 2}
2026-09-17 11:26:20,384{GMT}	INFO	[jepsen worker 4] jepsen.print: 4	:invoke	:write	"vs1783726406-100-"
2026-09-17 11:26:20,417{GMT}	INFO	[jepsen worker 4] jepsen.print: 4	:ok	:write	"vs1783726406-100-"
2026-09-17 11:26:20,583{GMT}	INFO	[jepsen worker 0] jepsen.print: 0	:ok	:watch-session	{:key "/jepsen/watch/s1783726406", :start-revision 0, :prev-kv? true, :window-ms 2000, :max-events 10000, :resumes 2}
2026-09-17 11:26:20,584{GMT}	INFO	[jepsen worker 4] jepsen.print: 4	:invoke	:watch-session	{:key "/jepsen/watch/s1783726406", :start-revision 0, :prev-kv? false, :window-ms 2000, :max-events 10000, :resumes 2}
2026-09-17 11:26:20,784{GMT}	INFO	[jepsen worker 0] jepsen.print: 0	:invoke	:watch-session	{:key "/jepsen/watch/s1783726406", :start-revision 0, :prev-kv? true, :window-ms 2000, :max-events 10000, :resumes 2}
2026-09-17 11:26:21,078{GMT}	INFO	[jepsen worker nemesis] jepsen.print: :nemesis	:info	:start	nil
2026-09-17 11:26:21,092{GMT}	INFO	[jepsen worker nemesis] jepsen.print: :nemesis	:info	:start	{"n2" [:killed "n2"]}
2026-09-17 11:26:21,583{GMT}	INFO	[jepsen worker 1] jepsen.print: 1	:ok	:watch-session	{:key "/jepsen/watch/s1783726406", :start-revision :last, :prev-kv? false, :window-ms 2000, :max-events 10000, :resumes 2}
2026-09-17 11:26:21,584{GMT}	INFO	[jepsen worker 1] jepsen.print: 1	:invoke	:watch-session	{:key "/jepsen/watch/s1783726406", :start-revision :last, :prev-kv? false, :window-ms 2000, :max-events 10000, :resumes 2}
2026-09-17 11:26:21,784{GMT}	INFO	[jepsen worker 2] jepsen.print: 2	:ok	:watch-session	{:key "/jepsen/watch/s1783726406", :start-revision :last, :prev-kv? false, :window-ms 2000, :max-events 10000, :resumes 2}
2026-09-17 11:26:21,785{GMT}	INFO	[jepsen worker 2] jepsen.print: 2	:invoke	:write	"vs1783726406-101-"
2026-09-17 11:26:21,809{GMT}	INFO	[jepsen worker 2] jepsen.print: 2	:ok	:write	"vs1783726406-101-"
2026-09-17 11:26:21,985{GMT}	INFO	[jepsen worker 2] jepsen.print: 2	:invoke	:write	"vs1783726406-103-"
2026-09-17 11:26:22,012{GMT}	INFO	[jepsen worker 2] jepsen.print: 2	:ok	:write	"vs1783726406-103-"
2026-09-17 11:26:22,184{GMT}	INFO	[jepsen worker 3] jepsen.print: 3	:ok	:watch-session	{:key "/jepsen/watch/s1783726406", :start-revision 0, :prev-kv? false, :window-ms 2000, :max-events 10000, :resumes 2}
2026-09-17 11:26:22,185{GMT}	INFO	[jepsen worker 2] jepsen.print: 2	:invoke	:write	"vs1783726406-102-"
2026-09-17 11:26:22,210{GMT}	INFO	[jepsen worker 2] jepsen.print: 2	:ok	:write	"vs1783726406-102-"
2026-09-17 11:26:22,385{GMT}	INFO	[jepsen worker 2] jepsen.print: 2	:invoke	:write	"vs1783726406-107-"
2026-09-17 11:26:22,412{GMT}	INFO	[jepsen worker 2] jepsen.print: 2	:ok	:write	"vs1783726406-107-"
2026-09-17 11:26:22,585{GMT}	INFO	[jepsen worker 4] jepsen.print: 4	:ok	:watch-session	{:key "/jepsen/watch/s1783726406", :start-revision 0, :prev-kv? false, :window-ms 2000, :max-events 10000, :resumes 2}
2026-09-17 11:26:22,585{GMT}	INFO	[jepsen worker 2] jepsen.print: 2	:invoke	:write	"vs1783726406-104-"
2026-09-17 11:26:22,609{GMT}	INFO	[jepsen worker 2] jepsen.print: 2	:ok	:write	"vs1783726406-104-"
2026-09-17 11:26:22,785{GMT}	INFO	[jepsen worker 0] jepsen.print: 0	:ok	:watch-session	{:key "/jepsen/watch/s1783726406", :start-revision 0, :prev-kv? true, :window-ms 2000, :max-events 10000, :resumes 2}
2026-09-17 11:26:22,786{GMT}	INFO	[jepsen worker 2] jepsen.print: 2	:invoke	:watch-session	{:key "/jepsen/watch/s1783726406", :start-revision 0, :prev-kv? true, :window-ms 2000, :max-events 10000, :resumes 2}
2026-09-17 11:26:22,986{GMT}	INFO	[jepsen worker 3] jepsen.print: 3	:invoke	:watch-session	{:key "/jepsen/watch/s1783726406", :start-revision :last, :prev-kv? true, :window-ms 2000, :max-events 10000, :resumes 2}
2026-09-17 11:26:23,186{GMT}	INFO	[jepsen worker 4] jepsen.print: 4	:invoke	:write	"vs1783726406-109-"
2026-09-17 11:26:23,210{GMT}	INFO	[jepsen worker 4] jepsen.print: 4	:ok	:write	"vs1783726406-109-"
2026-09-17 11:26:23,386{GMT}	INFO	[jepsen worker 0] jepsen.print: 0	:invoke	:write	"vs1783726406-112-"
2026-09-17 11:26:23,411{GMT}	INFO	[jepsen worker 0] jepsen.print: 0	:ok	:write	"vs1783726406-112-"
2026-09-17 11:26:23,584{GMT}	INFO	[jepsen worker 1] jepsen.print: 1	:ok	:watch-session	{:key "/jepsen/watch/s1783726406", :start-revision :last, :prev-kv? false, :window-ms 2000, :max-events 10000, :resumes 2}
2026-09-17 11:26:23,587{GMT}	INFO	[jepsen worker 0] jepsen.print: 0	:invoke	:watch-session	{:key "/jepsen/watch/s1783726406", :start-revision 0, :prev-kv? true, :window-ms 2000, :max-events 10000, :resumes 2}
2026-09-17 11:26:23,787{GMT}	INFO	[jepsen worker 1] jepsen.print: 1	:invoke	:watch-session	{:key "/jepsen/watch/s1783726406", :start-revision :last, :prev-kv? true, :window-ms 2000, :max-events 10000, :resumes 2}
2026-09-17 11:26:23,987{GMT}	INFO	[jepsen worker 4] jepsen.print: 4	:invoke	:watch-session	{:key "/jepsen/watch/s1783726406", :start-revision 0, :prev-kv? true, :window-ms 2000, :max-events 10000, :resumes 2}
2026-09-17 11:26:24,786{GMT}	INFO	[jepsen worker 2] jepsen.print: 2	:ok	:watch-session	{:key "/jepsen/watch/s1783726406", :start-revision 0, :prev-kv? true, :window-ms 2000, :max-events 10000, :resumes 2}
2026-09-17 11:26:24,786{GMT}	INFO	[jepsen worker 2] jepsen.print: 2	:invoke	:write	"vs1783726406-114-"
2026-09-17 11:26:24,809{GMT}	INFO	[jepsen worker 2] jepsen.print: 2	:ok	:write	"vs1783726406-114-"
2026-09-17 11:26:24,987{GMT}	INFO	[jepsen worker 2] jepsen.print: 2	:invoke	:watch-session	{:key "/jepsen/watch/s1783726406", :start-revision :last, :prev-kv? true, :window-ms 2000, :max-events 10000, :resumes 2}
2026-09-17 11:26:24,987{GMT}	INFO	[jepsen worker 3] jepsen.print: 3	:ok	:watch-session	{:key "/jepsen/watch/s1783726406", :start-revision :last, :prev-kv? true, :window-ms 2000, :max-events 10000, :resumes 2}
2026-09-17 11:26:25,187{GMT}	INFO	[jepsen worker 3] jepsen.print: 3	:invoke	:write	"vs1783726406-115-"
2026-09-17 11:26:25,209{GMT}	INFO	[jepsen worker 3] jepsen.print: 3	:ok	:write	"vs1783726406-115-"
2026-09-17 11:26:25,387{GMT}	INFO	[jepsen worker 3] jepsen.print: 3	:invoke	:write	"vs1783726406-116-"
2026-09-17 11:26:25,411{GMT}	INFO	[jepsen worker 3] jepsen.print: 3	:ok	:write	"vs1783726406-116-"
2026-09-17 11:26:25,587{GMT}	INFO	[jepsen worker 3] jepsen.print: 3	:invoke	:watch-session	{:key "/jepsen/watch/s1783726406", :start-revision :last, :prev-kv? true, :window-ms 2000, :max-events 10000, :resumes 2}
2026-09-17 11:26:25,588{GMT}	INFO	[jepsen worker 0] jepsen.print: 0	:ok	:watch-session	{:key "/jepsen/watch/s1783726406", :start-revision 0, :prev-kv? true, :window-ms 2000, :max-events 10000, :resumes 2}
2026-09-17 11:26:25,787{GMT}	INFO	[jepsen worker 0] jepsen.print: 0	:invoke	:write	"vs1783726406-117-"
2026-09-17 11:26:25,788{GMT}	INFO	[jepsen worker 1] jepsen.print: 1	:ok	:watch-session	{:key "/jepsen/watch/s1783726406", :start-revision :last, :prev-kv? true, :window-ms 2000, :max-events 10000, :resumes 2}
2026-09-17 11:26:25,811{GMT}	INFO	[jepsen worker 0] jepsen.print: 0	:ok	:write	"vs1783726406-117-"
2026-09-17 11:26:25,988{GMT}	INFO	[jepsen worker 0] jepsen.print: 0	:invoke	:watch-session	{:key "/jepsen/watch/s1783726406", :start-revision :last, :prev-kv? true, :window-ms 2000, :max-events 10000, :resumes 2}
2026-09-17 11:26:25,988{GMT}	INFO	[jepsen worker 4] jepsen.print: 4	:ok	:watch-session	{:key "/jepsen/watch/s1783726406", :start-revision 0, :prev-kv? true, :window-ms 2000, :max-events 10000, :resumes 2}
2026-09-17 11:26:26,188{GMT}	INFO	[jepsen worker 4] jepsen.print: 4	:invoke	:write	"vs1783726406-113-"
2026-09-17 11:26:26,215{GMT}	INFO	[jepsen worker 4] jepsen.print: 4	:ok	:write	"vs1783726406-113-"
2026-09-17 11:26:26,388{GMT}	INFO	[jepsen worker 1] jepsen.print: 1	:invoke	:write	"vs1783726406-121-"
2026-09-17 11:26:26,398{GMT}	INFO	[jepsen worker nemesis] jepsen.print: :nemesis	:info	:stop	nil
2026-09-17 11:26:26,415{GMT}	INFO	[jepsen worker 1] jepsen.print: 1	:ok	:write	"vs1783726406-121-"
2026-09-17 11:26:26,453{GMT}	INFO	[jepsen node n2] jepsen.coord.db: Restarting coord on n2
2026-09-17 11:26:26,453{GMT}	INFO	[jepsen node n2] jepsen.control.util: Starting coord
2026-09-17 11:26:26,577{GMT}	INFO	[jepsen node n2] jepsen.coord.db: Waiting for coord on n2 to be ready
2026-09-17 11:26:26,588{GMT}	INFO	[jepsen worker 1] jepsen.print: 1	:invoke	:watch-session	{:key "/jepsen/watch/s1783726406", :start-revision :last, :prev-kv? false, :window-ms 2000, :max-events 10000, :resumes 2}
2026-09-17 11:26:26,788{GMT}	INFO	[jepsen worker 4] jepsen.print: 4	:invoke	:write	"vs1783726406-118-"
2026-09-17 11:26:26,814{GMT}	INFO	[jepsen worker 4] jepsen.print: 4	:ok	:write	"vs1783726406-118-"
2026-09-17 11:26:26,987{GMT}	INFO	[jepsen worker 2] jepsen.print: 2	:ok	:watch-session	{:key "/jepsen/watch/s1783726406", :start-revision :last, :prev-kv? true, :window-ms 2000, :max-events 10000, :resumes 2}
2026-09-17 11:26:26,988{GMT}	INFO	[jepsen worker 4] jepsen.print: 4	:invoke	:watch-session	{:key "/jepsen/watch/s1783726406", :start-revision :last, :prev-kv? true, :window-ms 2000, :max-events 10000, :resumes 2}
2026-09-17 11:26:27,189{GMT}	INFO	[jepsen worker 2] jepsen.print: 2	:invoke	:watch-session	{:key "/jepsen/watch/s1783726406", :start-revision :last, :prev-kv? true, :window-ms 2000, :max-events 10000, :resumes 2}
2026-09-17 11:26:27,588{GMT}	INFO	[jepsen worker 3] jepsen.print: 3	:ok	:watch-session	{:key "/jepsen/watch/s1783726406", :start-revision :last, :prev-kv? true, :window-ms 2000, :max-events 10000, :resumes 2}
2026-09-17 11:26:27,588{GMT}	INFO	[jepsen worker 3] jepsen.print: 3	:invoke	:write	"vs1783726406-123-"
2026-09-17 11:26:27,591{GMT}	INFO	[jepsen node n2] jepsen.coord.db: coord n2 is ready
2026-09-17 11:26:27,591{GMT}	INFO	[jepsen worker nemesis] jepsen.print: :nemesis	:info	:stop	{"n2" [:restarted "n2"]}
2026-09-17 11:26:27,619{GMT}	INFO	[jepsen worker 3] jepsen.print: 3	:ok	:write	"vs1783726406-123-"
2026-09-17 11:26:27,788{GMT}	INFO	[jepsen worker 3] jepsen.print: 3	:invoke	:watch-session	{:key "/jepsen/watch/s1783726406", :start-revision 0, :prev-kv? false, :window-ms 2000, :max-events 10000, :resumes 2}
2026-09-17 11:26:27,990{GMT}	INFO	[jepsen worker 0] jepsen.print: 0	:ok	:watch-session	{:key "/jepsen/watch/s1783726406", :start-revision :last, :prev-kv? true, :window-ms 2000, :max-events 10000, :resumes 2}
2026-09-17 11:26:27,991{GMT}	INFO	[jepsen worker 0] jepsen.print: 0	:invoke	:watch-session	{:key "/jepsen/watch/s1783726406", :start-revision :last, :prev-kv? false, :window-ms 2000, :max-events 10000, :resumes 2}
2026-09-17 11:26:28,589{GMT}	INFO	[jepsen worker 1] jepsen.print: 1	:ok	:watch-session	{:key "/jepsen/watch/s1783726406", :start-revision :last, :prev-kv? false, :window-ms 2000, :max-events 10000, :resumes 2}
2026-09-17 11:26:28,589{GMT}	INFO	[jepsen worker 1] jepsen.print: 1	:invoke	:write	"vs1783726406-124-"
2026-09-17 11:26:28,618{GMT}	INFO	[jepsen worker 1] jepsen.print: 1	:ok	:write	"vs1783726406-124-"
2026-09-17 11:26:28,790{GMT}	INFO	[jepsen worker 1] jepsen.print: 1	:invoke	:write	"vs1783726406-125-"
2026-09-17 11:26:28,817{GMT}	INFO	[jepsen worker 1] jepsen.print: 1	:ok	:write	"vs1783726406-125-"
2026-09-17 11:26:28,990{GMT}	INFO	[jepsen worker 4] jepsen.print: 4	:ok	:watch-session	{:key "/jepsen/watch/s1783726406", :start-revision :last, :prev-kv? true, :window-ms 2000, :max-events 10000, :resumes 2}
2026-09-17 11:26:28,990{GMT}	INFO	[jepsen worker 1] jepsen.print: 1	:invoke	:write	"vs1783726406-126-"
2026-09-17 11:26:29,020{GMT}	INFO	[jepsen worker 1] jepsen.print: 1	:ok	:write	"vs1783726406-126-"
2026-09-17 11:26:29,190{GMT}	INFO	[jepsen worker 2] jepsen.print: 2	:ok	:watch-session	{:key "/jepsen/watch/s1783726406", :start-revision :last, :prev-kv? true, :window-ms 2000, :max-events 10000, :resumes 2}
2026-09-17 11:26:29,190{GMT}	INFO	[jepsen worker 1] jepsen.print: 1	:invoke	:watch-session	{:key "/jepsen/watch/s1783726406", :start-revision 0, :prev-kv? true, :window-ms 2000, :max-events 10000, :resumes 2}
2026-09-17 11:26:29,390{GMT}	INFO	[jepsen worker 2] jepsen.print: 2	:invoke	:write	"vs1783726406-129-"
2026-09-17 11:26:29,414{GMT}	INFO	[jepsen worker 2] jepsen.print: 2	:ok	:write	"vs1783726406-129-"
2026-09-17 11:26:29,590{GMT}	INFO	[jepsen worker 2] jepsen.print: 2	:invoke	:watch-session	{:key "/jepsen/watch/s1783726406", :start-revision 0, :prev-kv? false, :window-ms 2000, :max-events 10000, :resumes 2}
2026-09-17 11:26:29,789{GMT}	INFO	[jepsen worker 3] jepsen.print: 3	:ok	:watch-session	{:key "/jepsen/watch/s1783726406", :start-revision 0, :prev-kv? false, :window-ms 2000, :max-events 10000, :resumes 2}
2026-09-17 11:26:29,790{GMT}	INFO	[jepsen worker 3] jepsen.print: 3	:invoke	:watch-session	{:key "/jepsen/watch/s1783726406", :start-revision 0, :prev-kv? false, :window-ms 2000, :max-events 10000, :resumes 2}
2026-09-17 11:26:29,991{GMT}	INFO	[jepsen worker 4] jepsen.print: 4	:invoke	:watch-session	{:key "/jepsen/watch/s1783726406", :start-revision 0, :prev-kv? true, :window-ms 2000, :max-events 10000, :resumes 2}
2026-09-17 11:26:29,991{GMT}	INFO	[jepsen worker 0] jepsen.print: 0	:ok	:watch-session	{:key "/jepsen/watch/s1783726406", :start-revision :last, :prev-kv? false, :window-ms 2000, :max-events 10000, :resumes 2}
2026-09-17 11:26:30,191{GMT}	INFO	[jepsen worker 0] jepsen.print: 0	:invoke	:write	"vs1783726406-131-"
2026-09-17 11:26:30,215{GMT}	INFO	[jepsen worker 0] jepsen.print: 0	:ok	:write	"vs1783726406-131-"
2026-09-17 11:26:30,391{GMT}	INFO	[jepsen worker 0] jepsen.print: 0	:invoke	:watch-session	{:key "/jepsen/watch/s1783726406", :start-revision 0, :prev-kv? true, :window-ms 2000, :max-events 10000, :resumes 2}
2026-09-17 11:26:31,191{GMT}	INFO	[jepsen worker 1] jepsen.print: 1	:ok	:watch-session	{:key "/jepsen/watch/s1783726406", :start-revision 0, :prev-kv? true, :window-ms 2000, :max-events 10000, :resumes 2}
2026-09-17 11:26:31,191{GMT}	INFO	[jepsen worker 1] jepsen.print: 1	:invoke	:write	"vs1783726406-122-"
2026-09-17 11:26:31,214{GMT}	INFO	[jepsen worker 1] jepsen.print: 1	:ok	:write	"vs1783726406-122-"
2026-09-17 11:26:31,392{GMT}	INFO	[jepsen worker 1] jepsen.print: 1	:invoke	:watch-session	{:key "/jepsen/watch/s1783726406", :start-revision 0, :prev-kv? true, :window-ms 2000, :max-events 10000, :resumes 2}
2026-09-17 11:26:31,592{GMT}	INFO	[jepsen worker 2] jepsen.print: 2	:ok	:watch-session	{:key "/jepsen/watch/s1783726406", :start-revision 0, :prev-kv? false, :window-ms 2000, :max-events 10000, :resumes 2}
2026-09-17 11:26:31,592{GMT}	INFO	[jepsen worker 2] jepsen.print: 2	:invoke	:write	"vs1783726406-132-"
2026-09-17 11:26:31,668{GMT}	INFO	[jepsen worker 2] jepsen.print: 2	:ok	:write	"vs1783726406-132-"
2026-09-17 11:26:31,791{GMT}	INFO	[jepsen worker 3] jepsen.print: 3	:ok	:watch-session	{:key "/jepsen/watch/s1783726406", :start-revision 0, :prev-kv? false, :window-ms 2000, :max-events 10000, :resumes 2}
2026-09-17 11:26:31,792{GMT}	INFO	[jepsen worker 2] jepsen.print: 2	:invoke	:write	"vs1783726406-133-"
2026-09-17 11:26:31,815{GMT}	INFO	[jepsen worker 2] jepsen.print: 2	:ok	:write	"vs1783726406-133-"
2026-09-17 11:26:31,991{GMT}	INFO	[jepsen worker 4] jepsen.print: 4	:ok	:watch-session	{:key "/jepsen/watch/s1783726406", :start-revision 0, :prev-kv? true, :window-ms 2000, :max-events 10000, :resumes 2}
2026-09-17 11:26:31,992{GMT}	INFO	[jepsen worker 2] jepsen.print: 2	:invoke	:watch-session	{:key "/jepsen/watch/s1783726406", :start-revision :last, :prev-kv? true, :window-ms 2000, :max-events 10000, :resumes 2}
2026-09-17 11:26:32,193{GMT}	INFO	[jepsen worker 3] jepsen.print: 3	:invoke	:write	"vs1783726406-136-"
2026-09-17 11:26:32,215{GMT}	INFO	[jepsen worker 3] jepsen.print: 3	:ok	:write	"vs1783726406-136-"
2026-09-17 11:26:32,392{GMT}	INFO	[jepsen worker 0] jepsen.print: 0	:ok	:watch-session	{:key "/jepsen/watch/s1783726406", :start-revision 0, :prev-kv? true, :window-ms 2000, :max-events 10000, :resumes 2}
2026-09-17 11:26:32,392{GMT}	INFO	[jepsen worker 3] jepsen.print: 3	:invoke	:write	"vs1783726406-134-"
2026-09-17 11:26:32,416{GMT}	INFO	[jepsen worker 3] jepsen.print: 3	:ok	:write	"vs1783726406-134-"
2026-09-17 11:26:32,593{GMT}	INFO	[jepsen worker 3] jepsen.print: 3	:invoke	:watch-session	{:key "/jepsen/watch/s1783726406", :start-revision :last, :prev-kv? true, :window-ms 2000, :max-events 10000, :resumes 2}
2026-09-17 11:26:32,793{GMT}	INFO	[jepsen worker 4] jepsen.print: 4	:invoke	:watch-session	{:key "/jepsen/watch/s1783726406", :start-revision 0, :prev-kv? false, :window-ms 2000, :max-events 10000, :resumes 2}
2026-09-17 11:26:32,993{GMT}	INFO	[jepsen worker 0] jepsen.print: 0	:invoke	:write	"vs1783726406-138-"
2026-09-17 11:26:33,021{GMT}	INFO	[jepsen worker 0] jepsen.print: 0	:ok	:write	"vs1783726406-138-"
2026-09-17 11:26:33,055{GMT}	INFO	[jepsen worker nemesis] jepsen.print: :nemesis	:info	:start	nil
2026-09-17 11:26:33,073{GMT}	INFO	[jepsen worker nemesis] jepsen.print: :nemesis	:info	:start	{"n1" [:killed "n1"]}
2026-09-17 11:26:33,082{GMT}	INFO	[jepsen worker 3] jepsen.print: 3	:ok	:watch-session	{:key "/jepsen/watch/s1783726406", :start-revision :last, :prev-kv? true, :window-ms 2000, :max-events 10000, :resumes 2}
2026-09-17 11:26:33,082{GMT}	INFO	[jepsen worker 1] jepsen.print: 1	:ok	:watch-session	{:key "/jepsen/watch/s1783726406", :start-revision 0, :prev-kv? true, :window-ms 2000, :max-events 10000, :resumes 2}
2026-09-17 11:26:33,082{GMT}	INFO	[jepsen worker 4] jepsen.print: 4	:ok	:watch-session	{:key "/jepsen/watch/s1783726406", :start-revision 0, :prev-kv? false, :window-ms 2000, :max-events 10000, :resumes 2}
2026-09-17 11:26:33,082{GMT}	INFO	[jepsen worker 2] jepsen.print: 2	:ok	:watch-session	{:key "/jepsen/watch/s1783726406", :start-revision :last, :prev-kv? true, :window-ms 2000, :max-events 10000, :resumes 2}
2026-09-17 11:26:33,193{GMT}	INFO	[jepsen worker 1] jepsen.print: 1	:invoke	:write	"vs1783726406-140-"
2026-09-17 11:26:33,200{GMT}	INFO	[jepsen worker 1] jepsen.print: 1	:info	:write	"vs1783726406-140-"	:unavailable-maybe-applied
2026-09-17 11:26:33,393{GMT}	INFO	[jepsen worker 2] jepsen.print: 2	:invoke	:watch-session	{:key "/jepsen/watch/s1783726406", :start-revision 0, :prev-kv? false, :window-ms 2000, :max-events 10000, :resumes 2}
2026-09-17 11:26:33,394{GMT}	INFO	[jepsen worker 2] jepsen.print: 2	:ok	:watch-session	{:key "/jepsen/watch/s1783726406", :start-revision 0, :prev-kv? false, :window-ms 2000, :max-events 10000, :resumes 2}
2026-09-17 11:26:33,594{GMT}	INFO	[jepsen worker 3] jepsen.print: 3	:invoke	:watch-session	{:key "/jepsen/watch/s1783726406", :start-revision 0, :prev-kv? true, :window-ms 2000, :max-events 10000, :resumes 2}
2026-09-17 11:26:33,596{GMT}	INFO	[jepsen worker 3] jepsen.print: 3	:ok	:watch-session	{:key "/jepsen/watch/s1783726406", :start-revision 0, :prev-kv? true, :window-ms 2000, :max-events 10000, :resumes 2}
2026-09-17 11:26:33,794{GMT}	INFO	[jepsen worker 4] jepsen.print: 4	:invoke	:write	"vs1783726406-143-"
2026-09-17 11:26:33,872{GMT}	INFO	[jepsen worker 4] jepsen.print: 4	:ok	:write	"vs1783726406-143-"
2026-09-17 11:26:33,994{GMT}	INFO	[jepsen worker 0] jepsen.print: 0	:invoke	:watch-session	{:key "/jepsen/watch/s1783726406", :start-revision :last, :prev-kv? false, :window-ms 2000, :max-events 10000, :resumes 2}
2026-09-17 11:26:33,998{GMT}	INFO	[jepsen worker 0] jepsen.print: 0	:ok	:watch-session	{:key "/jepsen/watch/s1783726406", :start-revision :last, :prev-kv? false, :window-ms 2000, :max-events 10000, :resumes 2}
2026-09-17 11:26:34,195{GMT}	INFO	[jepsen worker 0] jepsen.print: 0	:invoke	:watch-session	{:key "/jepsen/watch/s1783726406", :start-revision :last, :prev-kv? true, :window-ms 2000, :max-events 10000, :resumes 2}
2026-09-17 11:26:34,196{GMT}	INFO	[jepsen worker 0] jepsen.print: 0	:ok	:watch-session	{:key "/jepsen/watch/s1783726406", :start-revision :last, :prev-kv? true, :window-ms 2000, :max-events 10000, :resumes 2}
2026-09-17 11:26:34,395{GMT}	INFO	[jepsen worker 1] jepsen.print: 6	:invoke	:watch-session	{:key "/jepsen/watch/s1783726406", :start-revision 0, :prev-kv? true, :window-ms 2000, :max-events 10000, :resumes 2}
2026-09-17 11:26:34,396{GMT}	INFO	[jepsen worker 1] jepsen.coord.client: Opening coord client on n2
2026-09-17 11:26:34,504{GMT}	INFO	[jepsen worker 1] jepsen.print: 6	:ok	:watch-session	{:key "/jepsen/watch/s1783726406", :start-revision 0, :prev-kv? true, :window-ms 2000, :max-events 10000, :resumes 2}
2026-09-17 11:26:34,595{GMT}	INFO	[jepsen worker 2] jepsen.print: 2	:invoke	:watch-session	{:key "/jepsen/watch/s1783726406", :start-revision 0, :prev-kv? true, :window-ms 2000, :max-events 10000, :resumes 2}
2026-09-17 11:26:34,597{GMT}	INFO	[jepsen worker 2] jepsen.print: 2	:ok	:watch-session	{:key "/jepsen/watch/s1783726406", :start-revision 0, :prev-kv? true, :window-ms 2000, :max-events 10000, :resumes 2}
2026-09-17 11:26:34,795{GMT}	INFO	[jepsen worker 3] jepsen.print: 3	:invoke	:watch-session	{:key "/jepsen/watch/s1783726406", :start-revision 0, :prev-kv? true, :window-ms 2000, :max-events 10000, :resumes 2}
2026-09-17 11:26:34,798{GMT}	INFO	[jepsen worker 3] jepsen.print: 3	:ok	:watch-session	{:key "/jepsen/watch/s1783726406", :start-revision 0, :prev-kv? true, :window-ms 2000, :max-events 10000, :resumes 2}
2026-09-17 11:26:34,995{GMT}	INFO	[jepsen worker 4] jepsen.print: 4	:invoke	:write	"vs1783726406-146-"
2026-09-17 11:26:35,016{GMT}	INFO	[jepsen worker 4] jepsen.print: 4	:ok	:write	"vs1783726406-146-"
2026-09-17 11:26:35,195{GMT}	INFO	[jepsen worker 0] jepsen.print: 0	:invoke	:write	"vs1783726406-139-"
2026-09-17 11:26:35,217{GMT}	INFO	[jepsen worker 0] jepsen.print: 0	:ok	:write	"vs1783726406-139-"
2026-09-17 11:26:35,396{GMT}	INFO	[jepsen worker 0] jepsen.print: 0	:invoke	:write	"vs1783726406-149-"
2026-09-17 11:26:35,418{GMT}	INFO	[jepsen worker 0] jepsen.print: 0	:ok	:write	"vs1783726406-149-"
2026-09-17 11:26:35,596{GMT}	INFO	[jepsen worker 1] jepsen.print: 6	:invoke	:write	"vs1783726406-152-"
2026-09-17 11:26:35,618{GMT}	INFO	[jepsen worker 1] jepsen.print: 6	:ok	:write	"vs1783726406-152-"
2026-09-17 11:26:35,796{GMT}	INFO	[jepsen worker 2] jepsen.print: 2	:invoke	:watch-session	{:key "/jepsen/watch/s1783726406", :start-revision :last, :prev-kv? false, :window-ms 2000, :max-events 10000, :resumes 2}
2026-09-17 11:26:35,798{GMT}	INFO	[jepsen worker 2] jepsen.print: 2	:ok	:watch-session	{:key "/jepsen/watch/s1783726406", :start-revision :last, :prev-kv? false, :window-ms 2000, :max-events 10000, :resumes 2}
2026-09-17 11:26:35,997{GMT}	INFO	[jepsen worker 3] jepsen.print: 3	:invoke	:write	"vs1783726406-155-"
2026-09-17 11:26:36,070{GMT}	INFO	[jepsen worker 3] jepsen.print: 3	:ok	:write	"vs1783726406-155-"
2026-09-17 11:26:36,197{GMT}	INFO	[jepsen worker 4] jepsen.print: 4	:invoke	:watch-session	{:key "/jepsen/watch/s1783726406", :start-revision 0, :prev-kv? true, :window-ms 2000, :max-events 10000, :resumes 2}
2026-09-17 11:26:36,397{GMT}	INFO	[jepsen worker 0] jepsen.print: 0	:invoke	:watch-session	{:key "/jepsen/watch/s1783726406", :start-revision 0, :prev-kv? false, :window-ms 2000, :max-events 10000, :resumes 2}
2026-09-17 11:26:36,597{GMT}	INFO	[jepsen worker 1] jepsen.print: 6	:invoke	:write	"vs1783726406-157-"
2026-09-17 11:26:36,619{GMT}	INFO	[jepsen worker 1] jepsen.print: 6	:ok	:write	"vs1783726406-157-"
2026-09-17 11:26:36,797{GMT}	INFO	[jepsen worker 1] jepsen.print: 6	:invoke	:watch-session	{:key "/jepsen/watch/s1783726406", :start-revision 0, :prev-kv? false, :window-ms 2000, :max-events 10000, :resumes 2}
2026-09-17 11:26:36,998{GMT}	INFO	[jepsen worker 2] jepsen.print: 2	:invoke	:write	"vs1783726406-159-"
2026-09-17 11:26:37,025{GMT}	INFO	[jepsen worker 2] jepsen.print: 2	:ok	:write	"vs1783726406-159-"
2026-09-17 11:26:37,198{GMT}	INFO	[jepsen worker 3] jepsen.print: 3	:invoke	:write	"vs1783726406-162-"
2026-09-17 11:26:37,224{GMT}	INFO	[jepsen worker 3] jepsen.print: 3	:ok	:write	"vs1783726406-162-"
2026-09-17 11:26:37,398{GMT}	INFO	[jepsen worker 2] jepsen.print: 2	:invoke	:write	"vs1783726406-165-"
2026-09-17 11:26:37,474{GMT}	INFO	[jepsen worker 2] jepsen.print: 2	:ok	:write	"vs1783726406-165-"
2026-09-17 11:26:37,598{GMT}	INFO	[jepsen worker 2] jepsen.print: 2	:invoke	:watch-session	{:key "/jepsen/watch/s1783726406", :start-revision :last, :prev-kv? false, :window-ms 2000, :max-events 10000, :resumes 2}
2026-09-17 11:26:37,798{GMT}	INFO	[jepsen worker 3] jepsen.print: 3	:invoke	:write	"vs1783726406-167-"
2026-09-17 11:26:37,824{GMT}	INFO	[jepsen worker 3] jepsen.print: 3	:ok	:write	"vs1783726406-167-"
2026-09-17 11:26:37,999{GMT}	INFO	[jepsen worker 3] jepsen.print: 3	:invoke	:watch-session	{:key "/jepsen/watch/s1783726406", :start-revision 0, :prev-kv? true, :window-ms 2000, :max-events 10000, :resumes 2}
2026-09-17 11:26:38,197{GMT}	INFO	[jepsen worker 4] jepsen.print: 4	:ok	:watch-session	{:key "/jepsen/watch/s1783726406", :start-revision 0, :prev-kv? true, :window-ms 2000, :max-events 10000, :resumes 2}
2026-09-17 11:26:38,199{GMT}	INFO	[jepsen worker 4] jepsen.print: 4	:invoke	:write	"vs1783726406-169-"
2026-09-17 11:26:38,223{GMT}	INFO	[jepsen worker 4] jepsen.print: 4	:ok	:write	"vs1783726406-169-"
2026-09-17 11:26:38,397{GMT}	INFO	[jepsen worker 0] jepsen.print: 0	:ok	:watch-session	{:key "/jepsen/watch/s1783726406", :start-revision 0, :prev-kv? false, :window-ms 2000, :max-events 10000, :resumes 2}
2026-09-17 11:26:38,401{GMT}	INFO	[jepsen worker 4] jepsen.print: 4	:invoke	:write	"vs1783726406-170-"
2026-09-17 11:26:38,426{GMT}	INFO	[jepsen worker 4] jepsen.print: 4	:ok	:write	"vs1783726406-170-"
2026-09-17 11:26:38,599{GMT}	INFO	[jepsen worker 4] jepsen.print: 4	:invoke	:write	"vs1783726406-168-"
2026-09-17 11:26:38,624{GMT}	INFO	[jepsen worker 4] jepsen.print: 4	:ok	:write	"vs1783726406-168-"
2026-09-17 11:26:38,799{GMT}	INFO	[jepsen worker 1] jepsen.print: 6	:ok	:watch-session	{:key "/jepsen/watch/s1783726406", :start-revision 0, :prev-kv? false, :window-ms 2000, :max-events 10000, :resumes 2}
2026-09-17 11:26:38,799{GMT}	INFO	[jepsen worker 0] jepsen.print: 0	:invoke	:write	"vs1783726406-174-"
2026-09-17 11:26:38,823{GMT}	INFO	[jepsen worker 0] jepsen.print: 0	:ok	:write	"vs1783726406-174-"
2026-09-17 11:26:39,000{GMT}	INFO	[jepsen worker 0] jepsen.print: 0	:invoke	:write	"vs1783726406-177-"
2026-09-17 11:26:39,024{GMT}	INFO	[jepsen worker 0] jepsen.print: 0	:ok	:write	"vs1783726406-177-"
2026-09-17 11:26:39,200{GMT}	INFO	[jepsen worker 1] jepsen.print: 6	:invoke	:watch-session	{:key "/jepsen/watch/s1783726406", :start-revision 0, :prev-kv? false, :window-ms 2000, :max-events 10000, :resumes 2}
2026-09-17 11:26:39,400{GMT}	INFO	[jepsen worker 4] jepsen.print: 4	:invoke	:write	"vs1783726406-179-"
2026-09-17 11:26:39,428{GMT}	INFO	[jepsen worker 4] jepsen.print: 4	:ok	:write	"vs1783726406-179-"
2026-09-17 11:26:39,600{GMT}	INFO	[jepsen worker 2] jepsen.print: 2	:ok	:watch-session	{:key "/jepsen/watch/s1783726406", :start-revision :last, :prev-kv? false, :window-ms 2000, :max-events 10000, :resumes 2}
2026-09-17 11:26:39,600{GMT}	INFO	[jepsen worker 4] jepsen.print: 4	:invoke	:watch-session	{:key "/jepsen/watch/s1783726406", :start-revision :last, :prev-kv? true, :window-ms 2000, :max-events 10000, :resumes 2}
2026-09-17 11:26:39,800{GMT}	INFO	[jepsen worker 0] jepsen.print: 0	:invoke	:write	"vs1783726406-181-"
2026-09-17 11:26:39,879{GMT}	INFO	[jepsen worker 0] jepsen.print: 0	:ok	:write	"vs1783726406-181-"
2026-09-17 11:26:40,000{GMT}	INFO	[jepsen worker 3] jepsen.print: 3	:ok	:watch-session	{:key "/jepsen/watch/s1783726406", :start-revision 0, :prev-kv? true, :window-ms 2000, :max-events 10000, :resumes 2}
2026-09-17 11:26:40,001{GMT}	INFO	[jepsen worker 0] jepsen.print: 0	:invoke	:watch-session	{:key "/jepsen/watch/s1783726406", :start-revision 0, :prev-kv? true, :window-ms 2000, :max-events 10000, :resumes 2}
2026-09-17 11:26:40,201{GMT}	INFO	[jepsen worker 2] jepsen.print: 2	:invoke	:watch-session	{:key "/jepsen/watch/s1783726406", :start-revision 0, :prev-kv? false, :window-ms 2000, :max-events 10000, :resumes 2}
2026-09-17 11:26:40,401{GMT}	INFO	[jepsen worker 3] jepsen.print: 3	:invoke	:watch-session	{:key "/jepsen/watch/s1783726406", :start-revision :last, :prev-kv? false, :window-ms 2000, :max-events 10000, :resumes 2}
2026-09-17 11:26:40,456{GMT}	INFO	[jepsen worker nemesis] jepsen.print: :nemesis	:info	:stop	nil
2026-09-17 11:26:40,486{GMT}	INFO	[jepsen node n1] jepsen.coord.db: Restarting coord on n1
2026-09-17 11:26:40,486{GMT}	INFO	[jepsen node n1] jepsen.control.util: Starting coord
2026-09-17 11:26:40,611{GMT}	INFO	[jepsen node n1] jepsen.coord.db: Waiting for coord on n1 to be ready
2026-09-17 11:26:41,201{GMT}	INFO	[jepsen worker 1] jepsen.print: 6	:ok	:watch-session	{:key "/jepsen/watch/s1783726406", :start-revision 0, :prev-kv? false, :window-ms 2000, :max-events 10000, :resumes 2}
2026-09-17 11:26:41,201{GMT}	INFO	[jepsen worker 1] jepsen.print: 6	:invoke	:write	"vs1783726406-183-"
2026-09-17 11:26:41,236{GMT}	INFO	[jepsen worker 1] jepsen.print: 6	:ok	:write	"vs1783726406-183-"
2026-09-17 11:26:41,401{GMT}	INFO	[jepsen worker 1] jepsen.print: 6	:invoke	:watch-session	{:key "/jepsen/watch/s1783726406", :start-revision 0, :prev-kv? true, :window-ms 2000, :max-events 10000, :resumes 2}
2026-09-17 11:26:41,600{GMT}	INFO	[jepsen worker 4] jepsen.print: 4	:ok	:watch-session	{:key "/jepsen/watch/s1783726406", :start-revision :last, :prev-kv? true, :window-ms 2000, :max-events 10000, :resumes 2}
2026-09-17 11:26:41,601{GMT}	INFO	[jepsen worker 4] jepsen.print: 4	:invoke	:watch-session	{:key "/jepsen/watch/s1783726406", :start-revision 0, :prev-kv? false, :window-ms 2000, :max-events 10000, :resumes 2}
2026-09-17 11:26:41,624{GMT}	INFO	[jepsen node n1] jepsen.coord.db: coord n1 is ready
2026-09-17 11:26:41,624{GMT}	INFO	[jepsen worker nemesis] jepsen.print: :nemesis	:info	:stop	{"n1" [:restarted "n1"]}
2026-09-17 11:26:42,001{GMT}	INFO	[jepsen worker 0] jepsen.print: 0	:ok	:watch-session	{:key "/jepsen/watch/s1783726406", :start-revision 0, :prev-kv? true, :window-ms 2000, :max-events 10000, :resumes 2}
2026-09-17 11:26:42,001{GMT}	INFO	[jepsen worker 0] jepsen.print: 0	:invoke	:write	"vs1783726406-184-"
2026-09-17 11:26:42,056{GMT}	INFO	[jepsen worker 0] jepsen.print: 0	:ok	:write	"vs1783726406-184-"
2026-09-17 11:26:42,202{GMT}	INFO	[jepsen worker 0] jepsen.print: 0	:invoke	:watch-session	{:key "/jepsen/watch/s1783726406", :start-revision :last, :prev-kv? true, :window-ms 2000, :max-events 10000, :resumes 2}
2026-09-17 11:26:42,202{GMT}	INFO	[jepsen worker 2] jepsen.print: 2	:ok	:watch-session	{:key "/jepsen/watch/s1783726406", :start-revision 0, :prev-kv? false, :window-ms 2000, :max-events 10000, :resumes 2}
2026-09-17 11:26:42,402{GMT}	INFO	[jepsen worker 2] jepsen.print: 2	:invoke	:watch-session	{:key "/jepsen/watch/s1783726406", :start-revision 0, :prev-kv? true, :window-ms 2000, :max-events 10000, :resumes 2}
2026-09-17 11:26:42,402{GMT}	INFO	[jepsen worker 3] jepsen.print: 3	:ok	:watch-session	{:key "/jepsen/watch/s1783726406", :start-revision :last, :prev-kv? false, :window-ms 2000, :max-events 10000, :resumes 2}
2026-09-17 11:26:42,602{GMT}	INFO	[jepsen worker 3] jepsen.print: 3	:invoke	:write	"vs1783726406-185-"
2026-09-17 11:26:42,636{GMT}	INFO	[jepsen worker 3] jepsen.print: 3	:ok	:write	"vs1783726406-185-"
2026-09-17 11:26:42,802{GMT}	INFO	[jepsen worker 3] jepsen.print: 3	:invoke	:write	"vs1783726406-186-"
2026-09-17 11:26:42,831{GMT}	INFO	[jepsen worker 3] jepsen.print: 3	:ok	:write	"vs1783726406-186-"
2026-09-17 11:26:43,002{GMT}	INFO	[jepsen worker 3] jepsen.print: 3	:invoke	:watch-session	{:key "/jepsen/watch/s1783726406", :start-revision 0, :prev-kv? true, :window-ms 2000, :max-events 10000, :resumes 2}
2026-09-17 11:26:43,402{GMT}	INFO	[jepsen worker 1] jepsen.print: 6	:ok	:watch-session	{:key "/jepsen/watch/s1783726406", :start-revision 0, :prev-kv? true, :window-ms 2000, :max-events 10000, :resumes 2}
2026-09-17 11:26:43,402{GMT}	INFO	[jepsen worker 1] jepsen.print: 6	:invoke	:write	"vs1783726406-182-"
2026-09-17 11:26:43,431{GMT}	INFO	[jepsen worker 1] jepsen.print: 6	:ok	:write	"vs1783726406-182-"
2026-09-17 11:26:43,602{GMT}	INFO	[jepsen worker 4] jepsen.print: 4	:ok	:watch-session	{:key "/jepsen/watch/s1783726406", :start-revision 0, :prev-kv? false, :window-ms 2000, :max-events 10000, :resumes 2}
2026-09-17 11:26:43,602{GMT}	INFO	[jepsen worker 4] jepsen.print: 4	:invoke	:write	"vs1783726406-187-"
2026-09-17 11:26:43,631{GMT}	INFO	[jepsen worker 4] jepsen.print: 4	:ok	:write	"vs1783726406-187-"
2026-09-17 11:26:43,802{GMT}	INFO	[jepsen worker 4] jepsen.print: 4	:invoke	:watch-session	{:key "/jepsen/watch/s1783726406", :start-revision :last, :prev-kv? true, :window-ms 2000, :max-events 10000, :resumes 2}
2026-09-17 11:26:44,003{GMT}	INFO	[jepsen worker 1] jepsen.print: 6	:invoke	:write	"vs1783726406-188-"
2026-09-17 11:26:44,035{GMT}	INFO	[jepsen worker 1] jepsen.print: 6	:ok	:write	"vs1783726406-188-"
2026-09-17 11:26:44,203{GMT}	INFO	[jepsen worker 1] jepsen.print: 6	:invoke	:watch-session	{:key "/jepsen/watch/s1783726406", :start-revision :last, :prev-kv? false, :window-ms 2000, :max-events 10000, :resumes 2}
2026-09-17 11:26:44,203{GMT}	INFO	[jepsen worker 0] jepsen.print: 0	:ok	:watch-session	{:key "/jepsen/watch/s1783726406", :start-revision :last, :prev-kv? true, :window-ms 2000, :max-events 10000, :resumes 2}
2026-09-17 11:26:44,403{GMT}	INFO	[jepsen worker 2] jepsen.print: 2	:ok	:watch-session	{:key "/jepsen/watch/s1783726406", :start-revision 0, :prev-kv? true, :window-ms 2000, :max-events 10000, :resumes 2}
2026-09-17 11:26:44,403{GMT}	INFO	[jepsen worker 0] jepsen.print: 0	:invoke	:write	"vs1783726406-189-"
2026-09-17 11:26:44,427{GMT}	INFO	[jepsen worker 0] jepsen.print: 0	:ok	:write	"vs1783726406-189-"
2026-09-17 11:26:44,603{GMT}	INFO	[jepsen worker 2] jepsen.print: 2	:invoke	:watch-session	{:key "/jepsen/watch/s1783726406", :start-revision 0, :prev-kv? true, :window-ms 2000, :max-events 10000, :resumes 2}
2026-09-17 11:26:44,803{GMT}	INFO	[jepsen worker 0] jepsen.print: 0	:invoke	:write	"vs1783726406-190-"
2026-09-17 11:26:44,830{GMT}	INFO	[jepsen worker 0] jepsen.print: 0	:ok	:write	"vs1783726406-190-"
2026-09-17 11:26:45,003{GMT}	INFO	[jepsen worker 3] jepsen.print: 3	:ok	:watch-session	{:key "/jepsen/watch/s1783726406", :start-revision 0, :prev-kv? true, :window-ms 2000, :max-events 10000, :resumes 2}
2026-09-17 11:26:45,003{GMT}	INFO	[jepsen worker 3] jepsen.print: 3	:invoke	:write	"vs1783726406-191-"
2026-09-17 11:26:45,030{GMT}	INFO	[jepsen worker 3] jepsen.print: 3	:ok	:write	"vs1783726406-191-"
2026-09-17 11:26:45,203{GMT}	INFO	[jepsen worker 0] jepsen.print: 0	:invoke	:write	"vs1783726406-195-"
2026-09-17 11:26:45,228{GMT}	INFO	[jepsen worker 0] jepsen.print: 0	:ok	:write	"vs1783726406-195-"
2026-09-17 11:26:45,404{GMT}	INFO	[jepsen worker 0] jepsen.print: 0	:invoke	:write	"vs1783726406-198-"
2026-09-17 11:26:45,426{GMT}	INFO	[jepsen worker 0] jepsen.print: 0	:ok	:write	"vs1783726406-198-"
2026-09-17 11:26:45,604{GMT}	INFO	[jepsen worker 0] jepsen.print: 0	:invoke	:write	"vs1783726406-192-"
2026-09-17 11:26:45,631{GMT}	INFO	[jepsen worker 0] jepsen.print: 0	:ok	:write	"vs1783726406-192-"
2026-09-17 11:26:45,804{GMT}	INFO	[jepsen worker 4] jepsen.print: 4	:ok	:watch-session	{:key "/jepsen/watch/s1783726406", :start-revision :last, :prev-kv? true, :window-ms 2000, :max-events 10000, :resumes 2}
2026-09-17 11:26:45,804{GMT}	INFO	[jepsen worker 3] jepsen.print: 3	:invoke	:write	"vs1783726406-202-"
2026-09-17 11:26:45,837{GMT}	INFO	[jepsen worker 3] jepsen.print: 3	:ok	:write	"vs1783726406-202-"
2026-09-17 11:26:46,004{GMT}	INFO	[jepsen worker 3] jepsen.print: 3	:invoke	:watch-session	{:key "/jepsen/watch/s1783726406", :start-revision 0, :prev-kv? true, :window-ms 2000, :max-events 10000, :resumes 2}
2026-09-17 11:26:46,204{GMT}	INFO	[jepsen worker 4] jepsen.print: 4	:invoke	:write	"vs1783726406-204-"
2026-09-17 11:26:46,205{GMT}	INFO	[jepsen worker 1] jepsen.print: 6	:ok	:watch-session	{:key "/jepsen/watch/s1783726406", :start-revision :last, :prev-kv? false, :window-ms 2000, :max-events 10000, :resumes 2}
2026-09-17 11:26:46,228{GMT}	INFO	[jepsen worker 4] jepsen.print: 4	:ok	:write	"vs1783726406-204-"
2026-09-17 11:26:46,405{GMT}	INFO	[jepsen worker 4] jepsen.print: 4	:invoke	:watch-session	{:key "/jepsen/watch/s1783726406", :start-revision :last, :prev-kv? true, :window-ms 2000, :max-events 10000, :resumes 2}
2026-09-17 11:26:46,604{GMT}	INFO	[jepsen worker 2] jepsen.print: 2	:ok	:watch-session	{:key "/jepsen/watch/s1783726406", :start-revision 0, :prev-kv? true, :window-ms 2000, :max-events 10000, :resumes 2}
2026-09-17 11:26:46,605{GMT}	INFO	[jepsen worker 0] jepsen.print: 0	:invoke	:watch-session	{:key "/jepsen/watch/s1783726406", :start-revision :last, :prev-kv? true, :window-ms 2000, :max-events 10000, :resumes 2}
2026-09-17 11:26:46,805{GMT}	INFO	[jepsen worker 1] jepsen.print: 6	:invoke	:write	"vs1783726406-206-"
2026-09-17 11:26:46,829{GMT}	INFO	[jepsen worker 1] jepsen.print: 6	:ok	:write	"vs1783726406-206-"
2026-09-17 11:26:47,005{GMT}	INFO	[jepsen worker 1] jepsen.print: 6	:invoke	:watch-session	{:key "/jepsen/watch/s1783726406", :start-revision 0, :prev-kv? true, :window-ms 2000, :max-events 10000, :resumes 2}
2026-09-17 11:26:47,205{GMT}	INFO	[jepsen worker 2] jepsen.print: 2	:invoke	:write	"vs1783726406-208-"
2026-09-17 11:26:47,229{GMT}	INFO	[jepsen worker 2] jepsen.print: 2	:ok	:write	"vs1783726406-208-"
2026-09-17 11:26:47,405{GMT}	INFO	[jepsen worker 2] jepsen.print: 2	:invoke	:write	"vs1783726406-209-"
2026-09-17 11:26:47,432{GMT}	INFO	[jepsen worker 2] jepsen.print: 2	:ok	:write	"vs1783726406-209-"
2026-09-17 11:26:47,606{GMT}	INFO	[jepsen worker 2] jepsen.print: 2	:invoke	:watch-session	{:key "/jepsen/watch/s1783726406", :start-revision 0, :prev-kv? false, :window-ms 2000, :max-events 10000, :resumes 2}
2026-09-17 11:26:48,006{GMT}	INFO	[jepsen worker 3] jepsen.print: 3	:ok	:watch-session	{:key "/jepsen/watch/s1783726406", :start-revision 0, :prev-kv? true, :window-ms 2000, :max-events 10000, :resumes 2}
2026-09-17 11:26:48,006{GMT}	INFO	[jepsen worker 3] jepsen.print: 3	:invoke	:watch-session	{:key "/jepsen/watch/s1783726406", :start-revision :last, :prev-kv? true, :window-ms 2000, :max-events 10000, :resumes 2}
2026-09-17 11:26:48,406{GMT}	INFO	[jepsen worker 4] jepsen.print: 4	:ok	:watch-session	{:key "/jepsen/watch/s1783726406", :start-revision :last, :prev-kv? true, :window-ms 2000, :max-events 10000, :resumes 2}
2026-09-17 11:26:48,406{GMT}	INFO	[jepsen worker 4] jepsen.print: 4	:invoke	:watch-session	{:key "/jepsen/watch/s1783726406", :start-revision :last, :prev-kv? true, :window-ms 2000, :max-events 10000, :resumes 2}
2026-09-17 11:26:48,606{GMT}	INFO	[jepsen worker 0] jepsen.print: 0	:ok	:watch-session	{:key "/jepsen/watch/s1783726406", :start-revision :last, :prev-kv? true, :window-ms 2000, :max-events 10000, :resumes 2}
2026-09-17 11:26:48,606{GMT}	INFO	[jepsen worker 0] jepsen.print: 0	:invoke	:write	"vs1783726406-210-"
2026-09-17 11:26:48,629{GMT}	INFO	[jepsen worker 0] jepsen.print: 0	:ok	:write	"vs1783726406-210-"
2026-09-17 11:26:48,693{GMT}	INFO	[jepsen worker nemesis] jepsen.print: :nemesis	:info	:start	nil
2026-09-17 11:26:48,712{GMT}	INFO	[jepsen worker nemesis] jepsen.print: :nemesis	:info	:start	{"n3" [:killed "n3"]}
2026-09-17 11:26:48,721{GMT}	INFO	[jepsen worker 2] jepsen.print: 2	:ok	:watch-session	{:key "/jepsen/watch/s1783726406", :start-revision 0, :prev-kv? false, :window-ms 2000, :max-events 10000, :resumes 2}
2026-09-17 11:26:48,722{GMT}	INFO	[jepsen worker 3] jepsen.print: 3	:ok	:watch-session	{:key "/jepsen/watch/s1783726406", :start-revision :last, :prev-kv? true, :window-ms 2000, :max-events 10000, :resumes 2}
2026-09-17 11:26:48,721{GMT}	INFO	[jepsen worker 4] jepsen.print: 4	:ok	:watch-session	{:key "/jepsen/watch/s1783726406", :start-revision :last, :prev-kv? true, :window-ms 2000, :max-events 10000, :resumes 2}
2026-09-17 11:26:48,722{GMT}	INFO	[jepsen worker 1] jepsen.print: 6	:ok	:watch-session	{:key "/jepsen/watch/s1783726406", :start-revision 0, :prev-kv? true, :window-ms 2000, :max-events 10000, :resumes 2}
2026-09-17 11:26:48,806{GMT}	INFO	[jepsen worker 4] jepsen.print: 4	:invoke	:write	"vs1783726406-212-"
2026-09-17 11:26:48,809{GMT}	INFO	[jepsen worker 4] jepsen.print: 4	:info	:write	"vs1783726406-212-"	:unavailable-maybe-applied
2026-09-17 11:26:49,006{GMT}	INFO	[jepsen worker 0] jepsen.print: 0	:invoke	:watch-session	{:key "/jepsen/watch/s1783726406", :start-revision 0, :prev-kv? true, :window-ms 2000, :max-events 10000, :resumes 2}
2026-09-17 11:26:49,008{GMT}	INFO	[jepsen worker 0] jepsen.print: 0	:ok	:watch-session	{:key "/jepsen/watch/s1783726406", :start-revision 0, :prev-kv? true, :window-ms 2000, :max-events 10000, :resumes 2}
2026-09-17 11:26:49,206{GMT}	INFO	[jepsen worker 0] jepsen.print: 0	:invoke	:write	"vs1783726406-211-"
2026-09-17 11:26:49,229{GMT}	INFO	[jepsen worker 0] jepsen.print: 0	:ok	:write	"vs1783726406-211-"
2026-09-17 11:26:49,407{GMT}	INFO	[jepsen worker 1] jepsen.print: 6	:invoke	:write	"vs1783726406-215-"
2026-09-17 11:26:49,429{GMT}	INFO	[jepsen worker 1] jepsen.print: 6	:ok	:write	"vs1783726406-215-"
2026-09-17 11:26:49,607{GMT}	INFO	[jepsen worker 2] jepsen.print: 2	:invoke	:write	"vs1783726406-218-"
2026-09-17 11:26:49,630{GMT}	INFO	[jepsen worker 2] jepsen.print: 2	:ok	:write	"vs1783726406-218-"
2026-09-17 11:26:49,807{GMT}	INFO	[jepsen worker 3] jepsen.print: 3	:invoke	:watch-session	{:key "/jepsen/watch/s1783726406", :start-revision 0, :prev-kv? true, :window-ms 2000, :max-events 10000, :resumes 2}
2026-09-17 11:26:49,809{GMT}	INFO	[jepsen worker 3] jepsen.print: 3	:ok	:watch-session	{:key "/jepsen/watch/s1783726406", :start-revision 0, :prev-kv? true, :window-ms 2000, :max-events 10000, :resumes 2}
2026-09-17 11:26:50,007{GMT}	INFO	[jepsen worker 4] jepsen.print: 9	:invoke	:watch-session	{:key "/jepsen/watch/s1783726406", :start-revision :last, :prev-kv? false, :window-ms 2000, :max-events 10000, :resumes 2}
2026-09-17 11:26:50,008{GMT}	INFO	[jepsen worker 4] jepsen.coord.client: Opening coord client on n2
2026-09-17 11:26:50,208{GMT}	INFO	[jepsen worker 0] jepsen.print: 0	:invoke	:write	"vs1783726406-220-"
2026-09-17 11:26:50,229{GMT}	INFO	[jepsen worker 0] jepsen.print: 0	:ok	:write	"vs1783726406-220-"
2026-09-17 11:26:50,408{GMT}	INFO	[jepsen worker 0] jepsen.print: 0	:invoke	:write	"vs1783726406-223-"
2026-09-17 11:26:50,427{GMT}	INFO	[jepsen worker 0] jepsen.print: 0	:ok	:write	"vs1783726406-223-"
2026-09-17 11:26:50,608{GMT}	INFO	[jepsen worker 1] jepsen.print: 6	:invoke	:write	"vs1783726406-226-"
2026-09-17 11:26:50,631{GMT}	INFO	[jepsen worker 1] jepsen.print: 6	:ok	:write	"vs1783726406-226-"
2026-09-17 11:26:50,808{GMT}	INFO	[jepsen worker 2] jepsen.print: 2	:invoke	:watch-session	{:key "/jepsen/watch/s1783726406", :start-revision 0, :prev-kv? false, :window-ms 2000, :max-events 10000, :resumes 2}
2026-09-17 11:26:51,008{GMT}	INFO	[jepsen worker 3] jepsen.print: 3	:invoke	:write	"vs1783726406-228-"
2026-09-17 11:26:51,034{GMT}	INFO	[jepsen worker 3] jepsen.print: 3	:ok	:write	"vs1783726406-228-"
2026-09-17 11:26:51,209{GMT}	INFO	[jepsen worker 0] jepsen.print: 0	:invoke	:watch-session	{:key "/jepsen/watch/s1783726406", :start-revision 0, :prev-kv? false, :window-ms 2000, :max-events 10000, :resumes 2}
2026-09-17 11:26:51,409{GMT}	INFO	[jepsen worker 1] jepsen.print: 6	:invoke	:write	"vs1783726406-230-"
2026-09-17 11:26:51,429{GMT}	INFO	[jepsen worker 1] jepsen.print: 6	:ok	:write	"vs1783726406-230-"
2026-09-17 11:26:51,609{GMT}	INFO	[jepsen worker 1] jepsen.print: 6	:invoke	:watch-session	{:key "/jepsen/watch/s1783726406", :start-revision :last, :prev-kv? true, :window-ms 2000, :max-events 10000, :resumes 2}
2026-09-17 11:26:51,809{GMT}	INFO	[jepsen worker 3] jepsen.print: 3	:invoke	:watch-session	{:key "/jepsen/watch/s1783726406", :start-revision :last, :prev-kv? true, :window-ms 2000, :max-events 10000, :resumes 2}
2026-09-17 11:26:52,114{GMT}	INFO	[jepsen worker 4] jepsen.print: 9	:ok	:watch-session	{:key "/jepsen/watch/s1783726406", :start-revision :last, :prev-kv? false, :window-ms 2000, :max-events 10000, :resumes 2}
2026-09-17 11:26:52,114{GMT}	INFO	[jepsen worker 4] jepsen.print: 9	:invoke	:watch-session	{:key "/jepsen/watch/s1783726406", :start-revision :last, :prev-kv? true, :window-ms 2000, :max-events 10000, :resumes 2}
2026-09-17 11:26:52,809{GMT}	INFO	[jepsen worker 2] jepsen.print: 2	:ok	:watch-session	{:key "/jepsen/watch/s1783726406", :start-revision 0, :prev-kv? false, :window-ms 2000, :max-events 10000, :resumes 2}
2026-09-17 11:26:52,809{GMT}	INFO	[jepsen worker 2] jepsen.print: 2	:invoke	:watch-session	{:key "/jepsen/watch/s1783726406", :start-revision 0, :prev-kv? true, :window-ms 2000, :max-events 10000, :resumes 2}
2026-09-17 11:26:52,928{GMT}	INFO	[jepsen worker nemesis] jepsen.print: :nemesis	:info	:stop	nil
2026-09-17 11:26:52,982{GMT}	INFO	[jepsen node n3] jepsen.coord.db: Restarting coord on n3
2026-09-17 11:26:52,983{GMT}	INFO	[jepsen node n3] jepsen.control.util: Starting coord
2026-09-17 11:26:53,084{GMT}	INFO	[jepsen node n3] jepsen.coord.db: Waiting for coord on n3 to be ready
2026-09-17 11:26:53,209{GMT}	INFO	[jepsen worker 0] jepsen.print: 0	:ok	:watch-session	{:key "/jepsen/watch/s1783726406", :start-revision 0, :prev-kv? false, :window-ms 2000, :max-events 10000, :resumes 2}
2026-09-17 11:26:53,209{GMT}	INFO	[jepsen worker 0] jepsen.print: 0	:invoke	:watch-session	{:key "/jepsen/watch/s1783726406", :start-revision 0, :prev-kv? false, :window-ms 2000, :max-events 10000, :resumes 2}
2026-09-17 11:26:53,610{GMT}	INFO	[jepsen worker 1] jepsen.print: 6	:ok	:watch-session	{:key "/jepsen/watch/s1783726406", :start-revision :last, :prev-kv? true, :window-ms 2000, :max-events 10000, :resumes 2}
2026-09-17 11:26:53,610{GMT}	INFO	[jepsen worker 1] jepsen.print: 6	:invoke	:watch-session	{:key "/jepsen/watch/s1783726406", :start-revision :last, :prev-kv? false, :window-ms 2000, :max-events 10000, :resumes 2}
2026-09-17 11:26:53,809{GMT}	INFO	[jepsen worker 3] jepsen.print: 3	:ok	:watch-session	{:key "/jepsen/watch/s1783726406", :start-revision :last, :prev-kv? true, :window-ms 2000, :max-events 10000, :resumes 2}
2026-09-17 11:26:53,810{GMT}	INFO	[jepsen worker 3] jepsen.print: 3	:invoke	:write	"vs1783726406-232-"
2026-09-17 11:26:53,836{GMT}	INFO	[jepsen worker 3] jepsen.print: 3	:ok	:write	"vs1783726406-232-"
2026-09-17 11:26:54,010{GMT}	INFO	[jepsen worker 3] jepsen.print: 3	:invoke	:write	"vs1783726406-231-"
2026-09-17 11:26:54,033{GMT}	INFO	[jepsen worker 3] jepsen.print: 3	:ok	:write	"vs1783726406-231-"
2026-09-17 11:26:54,098{GMT}	INFO	[jepsen node n3] jepsen.coord.db: coord n3 is ready
2026-09-17 11:26:54,098{GMT}	INFO	[jepsen worker nemesis] jepsen.print: :nemesis	:info	:stop	{"n3" [:restarted "n3"]}
2026-09-17 11:26:54,115{GMT}	INFO	[jepsen worker 4] jepsen.print: 9	:ok	:watch-session	{:key "/jepsen/watch/s1783726406", :start-revision :last, :prev-kv? true, :window-ms 2000, :max-events 10000, :resumes 2}
2026-09-17 11:26:54,211{GMT}	INFO	[jepsen worker 4] jepsen.print: 9	:invoke	:watch-session	{:key "/jepsen/watch/s1783726406", :start-revision 0, :prev-kv? false, :window-ms 2000, :max-events 10000, :resumes 2}
2026-09-17 11:26:54,411{GMT}	INFO	[jepsen worker 3] jepsen.print: 3	:invoke	:write	"vs1783726406-233-"
2026-09-17 11:26:54,441{GMT}	INFO	[jepsen worker 3] jepsen.print: 3	:ok	:write	"vs1783726406-233-"
2026-09-17 11:26:54,611{GMT}	INFO	[jepsen worker 3] jepsen.print: 3	:invoke	:watch-session	{:key "/jepsen/watch/s1783726406", :start-revision 0, :prev-kv? false, :window-ms 2000, :max-events 10000, :resumes 2}
2026-09-17 11:26:54,810{GMT}	INFO	[jepsen worker 2] jepsen.print: 2	:ok	:watch-session	{:key "/jepsen/watch/s1783726406", :start-revision 0, :prev-kv? true, :window-ms 2000, :max-events 10000, :resumes 2}
2026-09-17 11:26:54,811{GMT}	INFO	[jepsen worker 2] jepsen.print: 2	:invoke	:watch-session	{:key "/jepsen/watch/s1783726406", :start-revision :last, :prev-kv? true, :window-ms 2000, :max-events 10000, :resumes 2}
2026-09-17 11:26:55,210{GMT}	INFO	[jepsen worker 0] jepsen.print: 0	:ok	:watch-session	{:key "/jepsen/watch/s1783726406", :start-revision 0, :prev-kv? false, :window-ms 2000, :max-events 10000, :resumes 2}
2026-09-17 11:26:55,210{GMT}	INFO	[jepsen worker 0] jepsen.print: 0	:invoke	:write	"vs1783726406-234-"
2026-09-17 11:26:55,234{GMT}	INFO	[jepsen worker 0] jepsen.print: 0	:ok	:write	"vs1783726406-234-"
2026-09-17 11:26:55,410{GMT}	INFO	[jepsen worker 0] jepsen.print: 0	:invoke	:write	"vs1783726406-236-"
2026-09-17 11:26:55,433{GMT}	INFO	[jepsen worker 0] jepsen.print: 0	:ok	:write	"vs1783726406-236-"
2026-09-17 11:26:55,610{GMT}	INFO	[jepsen worker 0] jepsen.print: 0	:invoke	:write	"vs1783726406-237-"
2026-09-17 11:26:55,612{GMT}	INFO	[jepsen worker 1] jepsen.print: 6	:ok	:watch-session	{:key "/jepsen/watch/s1783726406", :start-revision :last, :prev-kv? false, :window-ms 2000, :max-events 10000, :resumes 2}
2026-09-17 11:26:55,635{GMT}	INFO	[jepsen worker 0] jepsen.print: 0	:ok	:write	"vs1783726406-237-"
2026-09-17 11:26:55,811{GMT}	INFO	[jepsen worker 0] jepsen.print: 0	:invoke	:watch-session	{:key "/jepsen/watch/s1783726406", :start-revision :last, :prev-kv? false, :window-ms 2000, :max-events 10000, :resumes 2}
2026-09-17 11:26:56,011{GMT}	INFO	[jepsen worker 1] jepsen.print: 6	:invoke	:write	"vs1783726406-235-"
2026-09-17 11:26:56,034{GMT}	INFO	[jepsen worker 1] jepsen.print: 6	:ok	:write	"vs1783726406-235-"
2026-09-17 11:26:56,211{GMT}	INFO	[jepsen worker 1] jepsen.print: 6	:invoke	:watch-session	{:key "/jepsen/watch/s1783726406", :start-revision 0, :prev-kv? false, :window-ms 2000, :max-events 10000, :resumes 2}
2026-09-17 11:26:56,212{GMT}	INFO	[jepsen worker 4] jepsen.print: 9	:ok	:watch-session	{:key "/jepsen/watch/s1783726406", :start-revision 0, :prev-kv? false, :window-ms 2000, :max-events 10000, :resumes 2}
2026-09-17 11:26:56,411{GMT}	INFO	[jepsen worker 4] jepsen.print: 9	:invoke	:watch-session	{:key "/jepsen/watch/s1783726406", :start-revision 0, :prev-kv? false, :window-ms 2000, :max-events 10000, :resumes 2}
2026-09-17 11:26:56,612{GMT}	INFO	[jepsen worker 3] jepsen.print: 3	:ok	:watch-session	{:key "/jepsen/watch/s1783726406", :start-revision 0, :prev-kv? false, :window-ms 2000, :max-events 10000, :resumes 2}
2026-09-17 11:26:56,613{GMT}	INFO	[jepsen worker 3] jepsen.print: 3	:invoke	:write	"vs1783726406-238-"
2026-09-17 11:26:56,636{GMT}	INFO	[jepsen worker 3] jepsen.print: 3	:ok	:write	"vs1783726406-238-"
2026-09-17 11:26:56,813{GMT}	INFO	[jepsen worker 2] jepsen.print: 2	:ok	:watch-session	{:key "/jepsen/watch/s1783726406", :start-revision :last, :prev-kv? true, :window-ms 2000, :max-events 10000, :resumes 2}
2026-09-17 11:26:56,813{GMT}	INFO	[jepsen worker 2] jepsen.print: 2	:invoke	:watch-session	{:key "/jepsen/watch/s1783726406", :start-revision :last, :prev-kv? false, :window-ms 2000, :max-events 10000, :resumes 2}
2026-09-17 11:26:57,013{GMT}	INFO	[jepsen worker 3] jepsen.print: 3	:invoke	:write	"vs1783726406-240-"
2026-09-17 11:26:57,039{GMT}	INFO	[jepsen worker 3] jepsen.print: 3	:ok	:write	"vs1783726406-240-"
2026-09-17 11:26:57,213{GMT}	INFO	[jepsen worker 3] jepsen.print: 3	:invoke	:watch-session	{:key "/jepsen/watch/s1783726406", :start-revision :last, :prev-kv? false, :window-ms 2000, :max-events 10000, :resumes 2}
2026-09-17 11:26:57,811{GMT}	INFO	[jepsen worker 0] jepsen.print: 0	:ok	:watch-session	{:key "/jepsen/watch/s1783726406", :start-revision :last, :prev-kv? false, :window-ms 2000, :max-events 10000, :resumes 2}
2026-09-17 11:26:57,811{GMT}	INFO	[jepsen worker 0] jepsen.print: 0	:invoke	:watch-session	{:key "/jepsen/watch/s1783726406", :start-revision 0, :prev-kv? false, :window-ms 2000, :max-events 10000, :resumes 2}
2026-09-17 11:26:58,212{GMT}	INFO	[jepsen worker 1] jepsen.print: 6	:ok	:watch-session	{:key "/jepsen/watch/s1783726406", :start-revision 0, :prev-kv? false, :window-ms 2000, :max-events 10000, :resumes 2}
2026-09-17 11:26:58,212{GMT}	INFO	[jepsen worker 1] jepsen.print: 6	:invoke	:write	"vs1783726406-239-"
2026-09-17 11:26:58,244{GMT}	INFO	[jepsen worker 1] jepsen.print: 6	:ok	:write	"vs1783726406-239-"
2026-09-17 11:26:58,404{GMT}	INFO	[jepsen worker nemesis] jepsen.print: :nemesis	:info	:start	nil
2026-09-17 11:26:58,412{GMT}	INFO	[jepsen worker 4] jepsen.print: 9	:ok	:watch-session	{:key "/jepsen/watch/s1783726406", :start-revision 0, :prev-kv? false, :window-ms 2000, :max-events 10000, :resumes 2}
2026-09-17 11:26:58,412{GMT}	INFO	[jepsen worker 1] jepsen.print: 6	:invoke	:watch-session	{:key "/jepsen/watch/s1783726406", :start-revision 0, :prev-kv? false, :window-ms 2000, :max-events 10000, :resumes 2}
2026-09-17 11:26:58,427{GMT}	INFO	[jepsen worker nemesis] jepsen.print: :nemesis	:info	:start	{"n3" [:killed "n3"]}
2026-09-17 11:26:58,612{GMT}	INFO	[jepsen worker 4] jepsen.print: 9	:invoke	:write	"vs1783726406-241-"
2026-09-17 11:26:58,640{GMT}	INFO	[jepsen worker 4] jepsen.print: 9	:ok	:write	"vs1783726406-241-"
2026-09-17 11:26:58,813{GMT}	INFO	[jepsen worker 4] jepsen.print: 9	:invoke	:write	"vs1783726406-243-"
2026-09-17 11:26:58,814{GMT}	INFO	[jepsen worker 2] jepsen.print: 2	:ok	:watch-session	{:key "/jepsen/watch/s1783726406", :start-revision :last, :prev-kv? false, :window-ms 2000, :max-events 10000, :resumes 2}
2026-09-17 11:26:58,832{GMT}	INFO	[jepsen worker 4] jepsen.print: 9	:ok	:write	"vs1783726406-243-"
2026-09-17 11:26:59,013{GMT}	INFO	[jepsen worker 2] jepsen.print: 2	:invoke	:write	"vs1783726406-242-"
2026-09-17 11:26:59,042{GMT}	INFO	[jepsen worker 2] jepsen.print: 2	:ok	:write	"vs1783726406-242-"
2026-09-17 11:26:59,213{GMT}	INFO	[jepsen worker 4] jepsen.print: 9	:invoke	:write	"vs1783726406-246-"
2026-09-17 11:26:59,215{GMT}	INFO	[jepsen worker 3] jepsen.print: 3	:ok	:watch-session	{:key "/jepsen/watch/s1783726406", :start-revision :last, :prev-kv? false, :window-ms 2000, :max-events 10000, :resumes 2}
2026-09-17 11:26:59,237{GMT}	INFO	[jepsen worker 4] jepsen.print: 9	:ok	:write	"vs1783726406-246-"
2026-09-17 11:26:59,413{GMT}	INFO	[jepsen worker 4] jepsen.print: 9	:invoke	:watch-session	{:key "/jepsen/watch/s1783726406", :start-revision :last, :prev-kv? true, :window-ms 2000, :max-events 10000, :resumes 2}
2026-09-17 11:26:59,613{GMT}	INFO	[jepsen worker 2] jepsen.print: 2	:invoke	:write	"vs1783726406-248-"
2026-09-17 11:26:59,637{GMT}	INFO	[jepsen worker 2] jepsen.print: 2	:ok	:write	"vs1783726406-248-"
2026-09-17 11:26:59,812{GMT}	INFO	[jepsen worker 0] jepsen.print: 0	:ok	:watch-session	{:key "/jepsen/watch/s1783726406", :start-revision 0, :prev-kv? false, :window-ms 2000, :max-events 10000, :resumes 2}
2026-09-17 11:26:59,813{GMT}	INFO	[jepsen worker 0] jepsen.print: 0	:invoke	:write	"vs1783726406-252-"
2026-09-17 11:26:59,837{GMT}	INFO	[jepsen worker 0] jepsen.print: 0	:ok	:write	"vs1783726406-252-"
2026-09-17 11:27:00,014{GMT}	INFO	[jepsen worker 2] jepsen.print: 2	:invoke	:watch-session	{:key "/jepsen/watch/s1783726406", :start-revision :last, :prev-kv? false, :window-ms 2000, :max-events 10000, :resumes 2}
2026-09-17 11:27:00,214{GMT}	INFO	[jepsen worker 3] jepsen.print: 3	:invoke	:write	"vs1783726406-254-"
2026-09-17 11:27:00,238{GMT}	INFO	[jepsen worker 3] jepsen.print: 3	:ok	:write	"vs1783726406-254-"
2026-09-17 11:27:00,413{GMT}	INFO	[jepsen worker 1] jepsen.print: 6	:ok	:watch-session	{:key "/jepsen/watch/s1783726406", :start-revision 0, :prev-kv? false, :window-ms 2000, :max-events 10000, :resumes 2}
2026-09-17 11:27:00,414{GMT}	INFO	[jepsen worker 3] jepsen.print: 3	:invoke	:watch-session	{:key "/jepsen/watch/s1783726406", :start-revision :last, :prev-kv? true, :window-ms 2000, :max-events 10000, :resumes 2}
2026-09-17 11:27:00,614{GMT}	INFO	[jepsen worker 0] jepsen.print: 0	:invoke	:watch-session	{:key "/jepsen/watch/s1783726406", :start-revision :last, :prev-kv? false, :window-ms 2000, :max-events 10000, :resumes 2}
2026-09-17 11:27:00,814{GMT}	INFO	[jepsen worker 1] jepsen.print: 6	:invoke	:write	"vs1783726406-256-"
2026-09-17 11:27:00,840{GMT}	INFO	[jepsen worker 1] jepsen.print: 6	:ok	:write	"vs1783726406-256-"
2026-09-17 11:27:01,014{GMT}	INFO	[jepsen worker 1] jepsen.print: 6	:invoke	:write	"vs1783726406-258-"
2026-09-17 11:27:01,039{GMT}	INFO	[jepsen worker 1] jepsen.print: 6	:ok	:write	"vs1783726406-258-"
2026-09-17 11:27:01,215{GMT}	INFO	[jepsen worker 1] jepsen.print: 6	:invoke	:watch-session	{:key "/jepsen/watch/s1783726406", :start-revision :last, :prev-kv? false, :window-ms 2000, :max-events 10000, :resumes 2}
2026-09-17 11:27:01,415{GMT}	INFO	[jepsen worker 4] jepsen.print: 9	:ok	:watch-session	{:key "/jepsen/watch/s1783726406", :start-revision :last, :prev-kv? true, :window-ms 2000, :max-events 10000, :resumes 2}
2026-09-17 11:27:01,415{GMT}	INFO	[jepsen worker 4] jepsen.print: 9	:invoke	:write	"vs1783726406-259-"
2026-09-17 11:27:01,442{GMT}	INFO	[jepsen worker 4] jepsen.print: 9	:ok	:write	"vs1783726406-259-"
2026-09-17 11:27:01,615{GMT}	INFO	[jepsen worker 4] jepsen.print: 9	:invoke	:write	"vs1783726406-260-"
2026-09-17 11:27:01,639{GMT}	INFO	[jepsen worker 4] jepsen.print: 9	:ok	:write	"vs1783726406-260-"
2026-09-17 11:27:01,815{GMT}	INFO	[jepsen worker 4] jepsen.print: 9	:invoke	:watch-session	{:key "/jepsen/watch/s1783726406", :start-revision :last, :prev-kv? true, :window-ms 2000, :max-events 10000, :resumes 2}
2026-09-17 11:27:02,015{GMT}	INFO	[jepsen worker 2] jepsen.print: 2	:ok	:watch-session	{:key "/jepsen/watch/s1783726406", :start-revision :last, :prev-kv? false, :window-ms 2000, :max-events 10000, :resumes 2}
2026-09-17 11:27:02,015{GMT}	INFO	[jepsen worker 2] jepsen.print: 2	:invoke	:watch-session	{:key "/jepsen/watch/s1783726406", :start-revision :last, :prev-kv? true, :window-ms 2000, :max-events 10000, :resumes 2}
2026-09-17 11:27:02,415{GMT}	INFO	[jepsen worker 3] jepsen.print: 3	:ok	:watch-session	{:key "/jepsen/watch/s1783726406", :start-revision :last, :prev-kv? true, :window-ms 2000, :max-events 10000, :resumes 2}
2026-09-17 11:27:02,415{GMT}	INFO	[jepsen worker 3] jepsen.print: 3	:invoke	:write	"vs1783726406-257-"
2026-09-17 11:27:02,441{GMT}	INFO	[jepsen worker 3] jepsen.print: 3	:ok	:write	"vs1783726406-257-"
2026-09-17 11:27:02,615{GMT}	INFO	[jepsen worker 0] jepsen.print: 0	:ok	:watch-session	{:key "/jepsen/watch/s1783726406", :start-revision :last, :prev-kv? false, :window-ms 2000, :max-events 10000, :resumes 2}
2026-09-17 11:27:02,615{GMT}	INFO	[jepsen worker 3] jepsen.print: 3	:invoke	:write	"vs1783726406-262-"
2026-09-17 11:27:02,641{GMT}	INFO	[jepsen worker 3] jepsen.print: 3	:ok	:write	"vs1783726406-262-"
2026-09-17 11:27:02,816{GMT}	INFO	[jepsen worker 3] jepsen.print: 3	:invoke	:watch-session	{:key "/jepsen/watch/s1783726406", :start-revision :last, :prev-kv? false, :window-ms 2000, :max-events 10000, :resumes 2}
2026-09-17 11:27:03,016{GMT}	INFO	[jepsen worker 0] jepsen.print: 0	:invoke	:write	"vs1783726406-264-"
2026-09-17 11:27:03,038{GMT}	INFO	[jepsen worker 0] jepsen.print: 0	:ok	:write	"vs1783726406-264-"
2026-09-17 11:27:03,216{GMT}	INFO	[jepsen worker 0] jepsen.print: 0	:invoke	:write	"vs1783726406-265-"
2026-09-17 11:27:03,216{GMT}	INFO	[jepsen worker 1] jepsen.print: 6	:ok	:watch-session	{:key "/jepsen/watch/s1783726406", :start-revision :last, :prev-kv? false, :window-ms 2000, :max-events 10000, :resumes 2}
2026-09-17 11:27:03,238{GMT}	INFO	[jepsen worker 0] jepsen.print: 0	:ok	:write	"vs1783726406-265-"
2026-09-17 11:27:03,416{GMT}	INFO	[jepsen worker 0] jepsen.print: 0	:invoke	:write	"vs1783726406-261-"
2026-09-17 11:27:03,439{GMT}	INFO	[jepsen worker 0] jepsen.print: 0	:ok	:write	"vs1783726406-261-"
2026-09-17 11:27:03,616{GMT}	INFO	[jepsen worker 0] jepsen.print: 0	:invoke	:write	"vs1783726406-268-"
2026-09-17 11:27:03,640{GMT}	INFO	[jepsen worker 0] jepsen.print: 0	:ok	:write	"vs1783726406-268-"
2026-09-17 11:27:03,816{GMT}	INFO	[jepsen worker 1] jepsen.print: 6	:invoke	:watch-session	{:key "/jepsen/watch/s1783726406", :start-revision :last, :prev-kv? false, :window-ms 2000, :max-events 10000, :resumes 2}
2026-09-17 11:27:03,816{GMT}	INFO	[jepsen worker 4] jepsen.print: 9	:ok	:watch-session	{:key "/jepsen/watch/s1783726406", :start-revision :last, :prev-kv? true, :window-ms 2000, :max-events 10000, :resumes 2}
2026-09-17 11:27:04,016{GMT}	INFO	[jepsen worker 4] jepsen.print: 9	:invoke	:watch-session	{:key "/jepsen/watch/s1783726406", :start-revision 0, :prev-kv? false, :window-ms 2000, :max-events 10000, :resumes 2}
2026-09-17 11:27:04,016{GMT}	INFO	[jepsen worker 2] jepsen.print: 2	:ok	:watch-session	{:key "/jepsen/watch/s1783726406", :start-revision :last, :prev-kv? true, :window-ms 2000, :max-events 10000, :resumes 2}
2026-09-17 11:27:04,216{GMT}	INFO	[jepsen worker 0] jepsen.print: 0	:invoke	:watch-session	{:key "/jepsen/watch/s1783726406", :start-revision :last, :prev-kv? true, :window-ms 2000, :max-events 10000, :resumes 2}
2026-09-17 11:27:04,417{GMT}	INFO	[jepsen worker 2] jepsen.print: 2	:invoke	:write	"vs1783726406-270-"
2026-09-17 11:27:04,440{GMT}	INFO	[jepsen worker 2] jepsen.print: 2	:ok	:write	"vs1783726406-270-"
2026-09-17 11:27:04,617{GMT}	INFO	[jepsen worker 2] jepsen.print: 2	:invoke	:write	"vs1783726406-272-"
2026-09-17 11:27:04,642{GMT}	INFO	[jepsen worker 2] jepsen.print: 2	:ok	:write	"vs1783726406-272-"
2026-09-17 11:27:04,817{GMT}	INFO	[jepsen worker 3] jepsen.print: 3	:ok	:watch-session	{:key "/jepsen/watch/s1783726406", :start-revision :last, :prev-kv? false, :window-ms 2000, :max-events 10000, :resumes 2}
2026-09-17 11:27:04,817{GMT}	INFO	[jepsen worker 2] jepsen.print: 2	:invoke	:watch-session	{:key "/jepsen/watch/s1783726406", :start-revision 0, :prev-kv? true, :window-ms 2000, :max-events 10000, :resumes 2}
2026-09-17 11:27:05,017{GMT}	INFO	[jepsen worker 3] jepsen.print: 3	:invoke	:watch-session	{:key "/jepsen/watch/s1783726406", :start-revision :last, :prev-kv? true, :window-ms 2000, :max-events 10000, :resumes 2}
2026-09-17 11:27:05,817{GMT}	INFO	[jepsen worker 1] jepsen.print: 6	:ok	:watch-session	{:key "/jepsen/watch/s1783726406", :start-revision :last, :prev-kv? false, :window-ms 2000, :max-events 10000, :resumes 2}
2026-09-17 11:27:05,817{GMT}	INFO	[jepsen worker 1] jepsen.print: 6	:invoke	:watch-session	{:key "/jepsen/watch/s1783726406", :start-revision 0, :prev-kv? true, :window-ms 2000, :max-events 10000, :resumes 2}
2026-09-17 11:27:05,996{GMT}	INFO	[jepsen worker nemesis] jepsen.print: :nemesis	:info	:stop	nil
2026-09-17 11:27:06,017{GMT}	INFO	[jepsen worker 4] jepsen.print: 9	:ok	:watch-session	{:key "/jepsen/watch/s1783726406", :start-revision 0, :prev-kv? false, :window-ms 2000, :max-events 10000, :resumes 2}
2026-09-17 11:27:06,018{GMT}	INFO	[jepsen worker 4] jepsen.print: 9	:invoke	:write	"vs1783726406-271-"
2026-09-17 11:27:06,041{GMT}	INFO	[jepsen worker 4] jepsen.print: 9	:ok	:write	"vs1783726406-271-"
2026-09-17 11:27:06,051{GMT}	INFO	[jepsen node n3] jepsen.coord.db: Restarting coord on n3
2026-09-17 11:27:06,052{GMT}	INFO	[jepsen node n3] jepsen.control.util: Starting coord
2026-09-17 11:27:06,167{GMT}	INFO	[jepsen node n3] jepsen.coord.db: Waiting for coord on n3 to be ready
2026-09-17 11:27:06,218{GMT}	INFO	[jepsen worker 4] jepsen.print: 9	:invoke	:write	"vs1783726406-274-"
2026-09-17 11:27:06,218{GMT}	INFO	[jepsen worker 0] jepsen.print: 0	:ok	:watch-session	{:key "/jepsen/watch/s1783726406", :start-revision :last, :prev-kv? true, :window-ms 2000, :max-events 10000, :resumes 2}
2026-09-17 11:27:06,254{GMT}	INFO	[jepsen worker 4] jepsen.print: 9	:ok	:write	"vs1783726406-274-"
2026-09-17 11:27:06,418{GMT}	INFO	[jepsen worker 0] jepsen.print: 0	:invoke	:write	"vs1783726406-275-"
2026-09-17 11:27:06,440{GMT}	INFO	[jepsen worker 0] jepsen.print: 0	:ok	:write	"vs1783726406-275-"
2026-09-17 11:27:06,618{GMT}	INFO	[jepsen worker 4] jepsen.print: 9	:invoke	:write	"vs1783726406-273-"
2026-09-17 11:27:06,644{GMT}	INFO	[jepsen worker 4] jepsen.print: 9	:ok	:write	"vs1783726406-273-"
2026-09-17 11:27:06,818{GMT}	INFO	[jepsen worker 4] jepsen.print: 9	:invoke	:watch-session	{:key "/jepsen/watch/s1783726406", :start-revision 0, :prev-kv? false, :window-ms 2000, :max-events 10000, :resumes 2}
2026-09-17 11:27:06,819{GMT}	INFO	[jepsen worker 2] jepsen.print: 2	:ok	:watch-session	{:key "/jepsen/watch/s1783726406", :start-revision 0, :prev-kv? true, :window-ms 2000, :max-events 10000, :resumes 2}
2026-09-17 11:27:07,018{GMT}	INFO	[jepsen worker 0] jepsen.print: 0	:invoke	:write	"vs1783726406-278-"
2026-09-17 11:27:07,018{GMT}	INFO	[jepsen worker 3] jepsen.print: 3	:ok	:watch-session	{:key "/jepsen/watch/s1783726406", :start-revision :last, :prev-kv? true, :window-ms 2000, :max-events 10000, :resumes 2}
2026-09-17 11:27:07,042{GMT}	INFO	[jepsen worker 0] jepsen.print: 0	:ok	:write	"vs1783726406-278-"
2026-09-17 11:27:07,188{GMT}	INFO	[jepsen node n3] jepsen.coord.db: coord n3 is ready
2026-09-17 11:27:07,188{GMT}	INFO	[jepsen worker nemesis] jepsen.print: :nemesis	:info	:stop	{"n3" [:restarted "n3"]}
2026-09-17 11:27:07,219{GMT}	INFO	[jepsen worker 0] jepsen.print: 0	:invoke	:write	"vs1783726406-283-"
2026-09-17 11:27:07,246{GMT}	INFO	[jepsen worker 0] jepsen.print: 0	:ok	:write	"vs1783726406-283-"
2026-09-17 11:27:07,419{GMT}	INFO	[jepsen worker 0] jepsen.print: 0	:invoke	:write	"vs1783726406-286-"
2026-09-17 11:27:07,452{GMT}	INFO	[jepsen worker 0] jepsen.print: 0	:ok	:write	"vs1783726406-286-"
2026-09-17 11:27:07,619{GMT}	INFO	[jepsen worker 2] jepsen.print: 2	:invoke	:watch-session	{:key "/jepsen/watch/s1783726406", :start-revision 0, :prev-kv? true, :window-ms 2000, :max-events 10000, :resumes 2}
2026-09-17 11:27:07,818{GMT}	INFO	[jepsen worker 1] jepsen.print: 6	:ok	:watch-session	{:key "/jepsen/watch/s1783726406", :start-revision 0, :prev-kv? true, :window-ms 2000, :max-events 10000, :resumes 2}
2026-09-17 11:27:07,819{GMT}	INFO	[jepsen worker 3] jepsen.print: 3	:invoke	:write	"vs1783726406-289-"
2026-09-17 11:27:07,850{GMT}	INFO	[jepsen worker 3] jepsen.print: 3	:ok	:write	"vs1783726406-289-"
2026-09-17 11:27:08,019{GMT}	INFO	[jepsen worker 3] jepsen.print: 3	:invoke	:watch-session	{:key "/jepsen/watch/s1783726406", :start-revision 0, :prev-kv? false, :window-ms 2000, :max-events 10000, :resumes 2}
2026-09-17 11:27:08,220{GMT}	INFO	[jepsen worker 0] jepsen.print: 0	:invoke	:watch-session	{:key "/jepsen/watch/s1783726406", :start-revision :last, :prev-kv? true, :window-ms 2000, :max-events 10000, :resumes 2}
2026-09-17 11:27:08,420{GMT}	INFO	[jepsen worker 1] jepsen.print: 6	:invoke	:watch-session	{:key "/jepsen/watch/s1783726406", :start-revision 0, :prev-kv? false, :window-ms 2000, :max-events 10000, :resumes 2}
2026-09-17 11:27:08,819{GMT}	INFO	[jepsen worker 4] jepsen.print: 9	:ok	:watch-session	{:key "/jepsen/watch/s1783726406", :start-revision 0, :prev-kv? false, :window-ms 2000, :max-events 10000, :resumes 2}
2026-09-17 11:27:08,819{GMT}	INFO	[jepsen worker 4] jepsen.print: 9	:invoke	:write	"vs1783726406-291-"
2026-09-17 11:27:08,855{GMT}	INFO	[jepsen worker 4] jepsen.print: 9	:ok	:write	"vs1783726406-291-"
2026-09-17 11:27:09,019{GMT}	INFO	[jepsen worker 4] jepsen.print: 9	:invoke	:write	"vs1783726406-290-"
2026-09-17 11:27:09,057{GMT}	INFO	[jepsen worker 4] jepsen.print: 9	:ok	:write	"vs1783726406-290-"
2026-09-17 11:27:09,220{GMT}	INFO	[jepsen worker 4] jepsen.print: 9	:invoke	:watch-session	{:key "/jepsen/watch/s1783726406", :start-revision 0, :prev-kv? true, :window-ms 2000, :max-events 10000, :resumes 2}
2026-09-17 11:27:09,620{GMT}	INFO	[jepsen worker 2] jepsen.print: 2	:ok	:watch-session	{:key "/jepsen/watch/s1783726406", :start-revision 0, :prev-kv? true, :window-ms 2000, :max-events 10000, :resumes 2}
2026-09-17 11:27:09,620{GMT}	INFO	[jepsen worker 2] jepsen.print: 2	:invoke	:write	"vs1783726406-292-"
2026-09-17 11:27:09,655{GMT}	INFO	[jepsen worker 2] jepsen.print: 2	:ok	:write	"vs1783726406-292-"
2026-09-17 11:27:09,821{GMT}	INFO	[jepsen worker 2] jepsen.print: 2	:invoke	:watch-session	{:key "/jepsen/watch/s1783726406", :start-revision 0, :prev-kv? true, :window-ms 2000, :max-events 10000, :resumes 2}
2026-09-17 11:27:10,020{GMT}	INFO	[jepsen worker 3] jepsen.print: 3	:ok	:watch-session	{:key "/jepsen/watch/s1783726406", :start-revision 0, :prev-kv? false, :window-ms 2000, :max-events 10000, :resumes 2}
2026-09-17 11:27:10,021{GMT}	INFO	[jepsen worker 3] jepsen.print: 3	:invoke	:write	"vs1783726406-293-"
2026-09-17 11:27:10,051{GMT}	INFO	[jepsen worker 3] jepsen.print: 3	:ok	:write	"vs1783726406-293-"
2026-09-17 11:27:10,220{GMT}	INFO	[jepsen worker 0] jepsen.print: 0	:ok	:watch-session	{:key "/jepsen/watch/s1783726406", :start-revision :last, :prev-kv? true, :window-ms 2000, :max-events 10000, :resumes 2}
2026-09-17 11:27:10,221{GMT}	INFO	[jepsen worker 0] jepsen.print: 0	:invoke	:write	"vs1783726406-295-"
2026-09-17 11:27:10,255{GMT}	INFO	[jepsen worker 0] jepsen.print: 0	:ok	:write	"vs1783726406-295-"
2026-09-17 11:27:10,421{GMT}	INFO	[jepsen worker 1] jepsen.print: 6	:ok	:watch-session	{:key "/jepsen/watch/s1783726406", :start-revision 0, :prev-kv? false, :window-ms 2000, :max-events 10000, :resumes 2}
2026-09-17 11:27:10,421{GMT}	INFO	[jepsen worker 1] jepsen.print: 6	:invoke	:watch-session	{:key "/jepsen/watch/s1783726406", :start-revision :last, :prev-kv? true, :window-ms 2000, :max-events 10000, :resumes 2}
2026-09-17 11:27:10,621{GMT}	INFO	[jepsen worker 3] jepsen.print: 3	:invoke	:watch-session	{:key "/jepsen/watch/s1783726406", :start-revision :last, :prev-kv? false, :window-ms 2000, :max-events 10000, :resumes 2}
2026-09-17 11:27:10,821{GMT}	INFO	[jepsen worker 0] jepsen.print: 0	:invoke	:write	"vs1783726406-297-"
2026-09-17 11:27:10,850{GMT}	INFO	[jepsen worker 0] jepsen.print: 0	:ok	:write	"vs1783726406-297-"
2026-09-17 11:27:11,021{GMT}	INFO	[jepsen worker 0] jepsen.print: 0	:invoke	:write	"vs1783726406-298-"
2026-09-17 11:27:11,022{GMT}	INFO	[jepsen worker nemesis] jepsen.print: :nemesis	:info	:start	nil
2026-09-17 11:27:11,034{GMT}	INFO	[jepsen worker nemesis] jepsen.print: :nemesis	:info	:start	{"n3" [:killed "n3"]}
2026-09-17 11:27:11,049{GMT}	INFO	[jepsen worker 0] jepsen.print: 0	:ok	:write	"vs1783726406-298-"
2026-09-17 11:27:11,220{GMT}	INFO	[jepsen worker 4] jepsen.print: 9	:ok	:watch-session	{:key "/jepsen/watch/s1783726406", :start-revision 0, :prev-kv? true, :window-ms 2000, :max-events 10000, :resumes 2}
2026-09-17 11:27:11,221{GMT}	INFO	[jepsen worker 4] jepsen.print: 9	:invoke	:watch-session	{:key "/jepsen/watch/s1783726406", :start-revision 0, :prev-kv? false, :window-ms 2000, :max-events 10000, :resumes 2}
2026-09-17 11:27:11,422{GMT}	INFO	[jepsen worker 0] jepsen.print: 0	:invoke	:watch-session	{:key "/jepsen/watch/s1783726406", :start-revision 0, :prev-kv? true, :window-ms 2000, :max-events 10000, :resumes 2}
2026-09-17 11:27:11,822{GMT}	INFO	[jepsen worker 2] jepsen.print: 2	:ok	:watch-session	{:key "/jepsen/watch/s1783726406", :start-revision 0, :prev-kv? true, :window-ms 2000, :max-events 10000, :resumes 2}
2026-09-17 11:27:11,822{GMT}	INFO	[jepsen worker 2] jepsen.print: 2	:invoke	:write	"vs1783726406-299-"
2026-09-17 11:27:11,848{GMT}	INFO	[jepsen worker 2] jepsen.print: 2	:ok	:write	"vs1783726406-299-"
2026-09-17 11:27:12,022{GMT}	INFO	[jepsen worker 2] jepsen.print: 2	:invoke	:watch-session	{:key "/jepsen/watch/s1783726406", :start-revision 0, :prev-kv? false, :window-ms 2000, :max-events 10000, :resumes 2}
2026-09-17 11:27:12,422{GMT}	INFO	[jepsen worker 1] jepsen.print: 6	:ok	:watch-session	{:key "/jepsen/watch/s1783726406", :start-revision :last, :prev-kv? true, :window-ms 2000, :max-events 10000, :resumes 2}
2026-09-17 11:27:12,422{GMT}	INFO	[jepsen worker 1] jepsen.print: 6	:invoke	:write	"vs1783726406-294-"
2026-09-17 11:27:12,446{GMT}	INFO	[jepsen worker 1] jepsen.print: 6	:ok	:write	"vs1783726406-294-"
2026-09-17 11:27:12,622{GMT}	INFO	[jepsen worker 1] jepsen.print: 6	:invoke	:write	"vs1783726406-300-"
2026-09-17 11:27:12,622{GMT}	INFO	[jepsen worker 3] jepsen.print: 3	:ok	:watch-session	{:key "/jepsen/watch/s1783726406", :start-revision :last, :prev-kv? false, :window-ms 2000, :max-events 10000, :resumes 2}
2026-09-17 11:27:12,650{GMT}	INFO	[jepsen worker 1] jepsen.print: 6	:ok	:write	"vs1783726406-300-"
2026-09-17 11:27:12,822{GMT}	INFO	[jepsen worker 1] jepsen.print: 6	:invoke	:watch-session	{:key "/jepsen/watch/s1783726406", :start-revision :last, :prev-kv? true, :window-ms 2000, :max-events 10000, :resumes 2}
2026-09-17 11:27:13,022{GMT}	INFO	[jepsen worker 3] jepsen.print: 3	:invoke	:watch-session	{:key "/jepsen/watch/s1783726406", :start-revision :last, :prev-kv? false, :window-ms 2000, :max-events 10000, :resumes 2}
2026-09-17 11:27:13,222{GMT}	INFO	[jepsen worker 4] jepsen.print: 9	:ok	:watch-session	{:key "/jepsen/watch/s1783726406", :start-revision 0, :prev-kv? false, :window-ms 2000, :max-events 10000, :resumes 2}
2026-09-17 11:27:13,222{GMT}	INFO	[jepsen worker 4] jepsen.print: 9	:invoke	:write	"vs1783726406-301-"
2026-09-17 11:27:13,249{GMT}	INFO	[jepsen worker 4] jepsen.print: 9	:ok	:write	"vs1783726406-301-"
2026-09-17 11:27:13,423{GMT}	INFO	[jepsen worker 4] jepsen.print: 9	:invoke	:write	"vs1783726406-302-"
2026-09-17 11:27:13,423{GMT}	INFO	[jepsen worker 0] jepsen.print: 0	:ok	:watch-session	{:key "/jepsen/watch/s1783726406", :start-revision 0, :prev-kv? true, :window-ms 2000, :max-events 10000, :resumes 2}
2026-09-17 11:27:13,448{GMT}	INFO	[jepsen worker 4] jepsen.print: 9	:ok	:write	"vs1783726406-302-"
2026-09-17 11:27:13,623{GMT}	INFO	[jepsen worker 0] jepsen.print: 0	:invoke	:watch-session	{:key "/jepsen/watch/s1783726406", :start-revision :last, :prev-kv? true, :window-ms 2000, :max-events 10000, :resumes 2}
2026-09-17 11:27:13,823{GMT}	INFO	[jepsen worker 4] jepsen.print: 9	:invoke	:write	"vs1783726406-303-"
2026-09-17 11:27:13,851{GMT}	INFO	[jepsen worker 4] jepsen.print: 9	:ok	:write	"vs1783726406-303-"
2026-09-17 11:27:14,023{GMT}	INFO	[jepsen worker 2] jepsen.print: 2	:ok	:watch-session	{:key "/jepsen/watch/s1783726406", :start-revision 0, :prev-kv? false, :window-ms 2000, :max-events 10000, :resumes 2}
2026-09-17 11:27:14,023{GMT}	INFO	[jepsen worker 4] jepsen.print: 9	:invoke	:write	"vs1783726406-305-"
2026-09-17 11:27:14,047{GMT}	INFO	[jepsen worker 4] jepsen.print: 9	:ok	:write	"vs1783726406-305-"
2026-09-17 11:27:14,223{GMT}	INFO	[jepsen worker 2] jepsen.print: 2	:invoke	:write	"vs1783726406-308-"
2026-09-17 11:27:14,246{GMT}	INFO	[jepsen worker 2] jepsen.print: 2	:ok	:write	"vs1783726406-308-"
2026-09-17 11:27:14,424{GMT}	INFO	[jepsen worker 4] jepsen.print: 9	:invoke	:watch-session	{:key "/jepsen/watch/s1783726406", :start-revision 0, :prev-kv? false, :window-ms 2000, :max-events 10000, :resumes 2}
2026-09-17 11:27:14,624{GMT}	INFO	[jepsen worker 2] jepsen.print: 2	:invoke	:watch-session	{:key "/jepsen/watch/s1783726406", :start-revision 0, :prev-kv? false, :window-ms 2000, :max-events 10000, :resumes 2}
2026-09-17 11:27:14,824{GMT}	INFO	[jepsen worker 1] jepsen.print: 6	:ok	:watch-session	{:key "/jepsen/watch/s1783726406", :start-revision :last, :prev-kv? true, :window-ms 2000, :max-events 10000, :resumes 2}
2026-09-17 11:27:14,824{GMT}	INFO	[jepsen worker 1] jepsen.print: 6	:invoke	:watch-session	{:key "/jepsen/watch/s1783726406", :start-revision :last, :prev-kv? false, :window-ms 2000, :max-events 10000, :resumes 2}
2026-09-17 11:27:15,024{GMT}	INFO	[jepsen worker 3] jepsen.print: 3	:ok	:watch-session	{:key "/jepsen/watch/s1783726406", :start-revision :last, :prev-kv? false, :window-ms 2000, :max-events 10000, :resumes 2}
2026-09-17 11:27:15,024{GMT}	INFO	[jepsen worker 3] jepsen.print: 3	:invoke	:write	"vs1783726406-309-"
2026-09-17 11:27:15,049{GMT}	INFO	[jepsen worker 3] jepsen.print: 3	:ok	:write	"vs1783726406-309-"
2026-09-17 11:27:15,225{GMT}	INFO	[jepsen worker 3] jepsen.print: 3	:invoke	:write	"vs1783726406-310-"
2026-09-17 11:27:15,252{GMT}	INFO	[jepsen worker 3] jepsen.print: 3	:ok	:write	"vs1783726406-310-"
2026-09-17 11:27:15,425{GMT}	INFO	[jepsen worker 3] jepsen.print: 3	:invoke	:write	"vs1783726406-304-"
2026-09-17 11:27:15,449{GMT}	INFO	[jepsen worker 3] jepsen.print: 3	:ok	:write	"vs1783726406-304-"
2026-09-17 11:27:15,625{GMT}	INFO	[jepsen worker 0] jepsen.print: 0	:ok	:watch-session	{:key "/jepsen/watch/s1783726406", :start-revision :last, :prev-kv? true, :window-ms 2000, :max-events 10000, :resumes 2}
2026-09-17 11:27:15,625{GMT}	INFO	[jepsen worker 3] jepsen.print: 3	:invoke	:watch-session	{:key "/jepsen/watch/s1783726406", :start-revision :last, :prev-kv? false, :window-ms 2000, :max-events 10000, :resumes 2}
2026-09-17 11:27:15,825{GMT}	INFO	[jepsen worker 0] jepsen.print: 0	:invoke	:write	"vs1783726406-312-"
2026-09-17 11:27:15,853{GMT}	INFO	[jepsen worker 0] jepsen.print: 0	:ok	:write	"vs1783726406-312-"
2026-09-17 11:27:16,025{GMT}	INFO	[jepsen worker 0] jepsen.print: 0	:invoke	:write	"vs1783726406-311-"
2026-09-17 11:27:16,050{GMT}	INFO	[jepsen worker 0] jepsen.print: 0	:ok	:write	"vs1783726406-311-"
2026-09-17 11:27:16,225{GMT}	INFO	[jepsen worker 0] jepsen.print: 0	:invoke	:write	"vs1783726406-314-"
2026-09-17 11:27:16,251{GMT}	INFO	[jepsen worker 0] jepsen.print: 0	:ok	:write	"vs1783726406-314-"
2026-09-17 11:27:16,425{GMT}	INFO	[jepsen worker 4] jepsen.print: 9	:ok	:watch-session	{:key "/jepsen/watch/s1783726406", :start-revision 0, :prev-kv? false, :window-ms 2000, :max-events 10000, :resumes 2}
2026-09-17 11:27:16,425{GMT}	INFO	[jepsen worker 4] jepsen.print: 9	:invoke	:watch-session	{:key "/jepsen/watch/s1783726406", :start-revision :last, :prev-kv? true, :window-ms 2000, :max-events 10000, :resumes 2}
2026-09-17 11:27:16,469{GMT}	INFO	[jepsen worker nemesis] jepsen.print: :nemesis	:info	:stop	nil
2026-09-17 11:27:16,531{GMT}	INFO	[jepsen node n3] jepsen.coord.db: Restarting coord on n3
2026-09-17 11:27:16,531{GMT}	INFO	[jepsen node n3] jepsen.control.util: Starting coord
2026-09-17 11:27:16,625{GMT}	INFO	[jepsen worker 2] jepsen.print: 2	:ok	:watch-session	{:key "/jepsen/watch/s1783726406", :start-revision 0, :prev-kv? false, :window-ms 2000, :max-events 10000, :resumes 2}
2026-09-17 11:27:16,625{GMT}	INFO	[jepsen worker 0] jepsen.print: 0	:invoke	:write	"vs1783726406-315-"
2026-09-17 11:27:16,646{GMT}	INFO	[jepsen node n3] jepsen.coord.db: Waiting for coord on n3 to be ready
2026-09-17 11:27:16,649{GMT}	INFO	[jepsen worker 0] jepsen.print: 0	:ok	:write	"vs1783726406-315-"
2026-09-17 11:27:16,825{GMT}	INFO	[jepsen worker 1] jepsen.print: 6	:ok	:watch-session	{:key "/jepsen/watch/s1783726406", :start-revision :last, :prev-kv? false, :window-ms 2000, :max-events 10000, :resumes 2}
2026-09-17 11:27:16,826{GMT}	INFO	[jepsen worker 0] jepsen.print: 0	:invoke	:watch-session	{:key "/jepsen/watch/s1783726406", :start-revision :last, :prev-kv? false, :window-ms 2000, :max-events 10000, :resumes 2}
2026-09-17 11:27:17,026{GMT}	INFO	[jepsen worker 1] jepsen.print: 6	:invoke	:write	"vs1783726406-313-"
2026-09-17 11:27:17,063{GMT}	INFO	[jepsen worker 1] jepsen.print: 6	:ok	:write	"vs1783726406-313-"
2026-09-17 11:27:17,226{GMT}	INFO	[jepsen worker 1] jepsen.print: 6	:invoke	:write	"vs1783726406-318-"
2026-09-17 11:27:17,258{GMT}	INFO	[jepsen worker 1] jepsen.print: 6	:ok	:write	"vs1783726406-318-"
2026-09-17 11:27:17,426{GMT}	INFO	[jepsen worker 1] jepsen.print: 6	:invoke	:write	"vs1783726406-321-"
2026-09-17 11:27:17,457{GMT}	INFO	[jepsen worker 1] jepsen.print: 6	:ok	:write	"vs1783726406-321-"
2026-09-17 11:27:17,626{GMT}	INFO	[jepsen worker 3] jepsen.print: 3	:ok	:watch-session	{:key "/jepsen/watch/s1783726406", :start-revision :last, :prev-kv? false, :window-ms 2000, :max-events 10000, :resumes 2}
2026-09-17 11:27:17,628{GMT}	INFO	[jepsen worker 2] jepsen.print: 2	:invoke	:write	"vs1783726406-325-"
2026-09-17 11:27:17,660{GMT}	INFO	[jepsen worker 2] jepsen.print: 2	:ok	:write	"vs1783726406-325-"
2026-09-17 11:27:17,677{GMT}	INFO	[jepsen node n3] jepsen.coord.db: coord n3 is ready
2026-09-17 11:27:17,677{GMT}	INFO	[jepsen worker nemesis] jepsen.print: :nemesis	:info	:stop	{"n3" [:restarted "n3"]}
2026-09-17 11:27:17,829{GMT}	INFO	[jepsen worker 1] jepsen.print: 6	:invoke	:write	"vs1783726406-330-"
2026-09-17 11:27:17,863{GMT}	INFO	[jepsen worker 1] jepsen.print: 6	:ok	:write	"vs1783726406-330-"
2026-09-17 11:27:18,029{GMT}	INFO	[jepsen worker 1] jepsen.print: 6	:invoke	:watch-session	{:key "/jepsen/watch/s1783726406", :start-revision 0, :prev-kv? true, :window-ms 2000, :max-events 10000, :resumes 2}
2026-09-17 11:27:18,229{GMT}	INFO	[jepsen worker 2] jepsen.print: 2	:invoke	:watch-session	{:key "/jepsen/watch/s1783726406", :start-revision :last, :prev-kv? false, :window-ms 2000, :max-events 10000, :resumes 2}
2026-09-17 11:27:18,427{GMT}	INFO	[jepsen worker 4] jepsen.print: 9	:ok	:watch-session	{:key "/jepsen/watch/s1783726406", :start-revision :last, :prev-kv? true, :window-ms 2000, :max-events 10000, :resumes 2}
2026-09-17 11:27:18,429{GMT}	INFO	[jepsen worker 3] jepsen.print: 3	:invoke	:write	"vs1783726406-333-"
2026-09-17 11:27:18,461{GMT}	INFO	[jepsen worker 3] jepsen.print: 3	:ok	:write	"vs1783726406-333-"
2026-09-17 11:27:18,629{GMT}	INFO	[jepsen worker 3] jepsen.print: 3	:invoke	:watch-session	{:key "/jepsen/watch/s1783726406", :start-revision :last, :prev-kv? true, :window-ms 2000, :max-events 10000, :resumes 2}
2026-09-17 11:27:18,826{GMT}	INFO	[jepsen worker 0] jepsen.print: 0	:ok	:watch-session	{:key "/jepsen/watch/s1783726406", :start-revision :last, :prev-kv? false, :window-ms 2000, :max-events 10000, :resumes 2}
2026-09-17 11:27:18,829{GMT}	INFO	[jepsen worker 4] jepsen.print: 9	:invoke	:write	"vs1783726406-336-"
2026-09-17 11:27:18,861{GMT}	INFO	[jepsen worker 4] jepsen.print: 9	:ok	:write	"vs1783726406-336-"
2026-09-17 11:27:19,030{GMT}	INFO	[jepsen worker 4] jepsen.print: 9	:invoke	:write	"vs1783726406-339-"
2026-09-17 11:27:19,059{GMT}	INFO	[jepsen worker 4] jepsen.print: 9	:ok	:write	"vs1783726406-339-"
2026-09-17 11:27:19,230{GMT}	INFO	[jepsen worker 0] jepsen.print: 0	:invoke	:write	"vs1783726406-342-"
2026-09-17 11:27:19,262{GMT}	INFO	[jepsen worker 0] jepsen.print: 0	:ok	:write	"vs1783726406-342-"
2026-09-17 11:27:19,430{GMT}	INFO	[jepsen worker 0] jepsen.print: 0	:invoke	:write	"vs1783726406-345-"
2026-09-17 11:27:19,463{GMT}	INFO	[jepsen worker 0] jepsen.print: 0	:ok	:write	"vs1783726406-345-"
2026-09-17 11:27:19,630{GMT}	INFO	[jepsen worker 4] jepsen.print: 9	:invoke	:watch-session	{:key "/jepsen/watch/s1783726406", :start-revision 0, :prev-kv? true, :window-ms 2000, :max-events 10000, :resumes 2}
2026-09-17 11:27:19,830{GMT}	INFO	[jepsen worker 0] jepsen.print: 0	:invoke	:write	"vs1783726406-347-"
2026-09-17 11:27:19,863{GMT}	INFO	[jepsen worker 0] jepsen.print: 0	:ok	:write	"vs1783726406-347-"
2026-09-17 11:27:20,030{GMT}	INFO	[jepsen worker 1] jepsen.print: 6	:ok	:watch-session	{:key "/jepsen/watch/s1783726406", :start-revision 0, :prev-kv? true, :window-ms 2000, :max-events 10000, :resumes 2}
2026-09-17 11:27:20,030{GMT}	INFO	[jepsen worker 0] jepsen.print: 0	:invoke	:watch-session	{:key "/jepsen/watch/s1783726406", :start-revision 0, :prev-kv? true, :window-ms 2000, :max-events 10000, :resumes 2}
2026-09-17 11:27:20,230{GMT}	INFO	[jepsen worker 2] jepsen.print: 2	:ok	:watch-session	{:key "/jepsen/watch/s1783726406", :start-revision :last, :prev-kv? false, :window-ms 2000, :max-events 10000, :resumes 2}
2026-09-17 11:27:20,230{GMT}	INFO	[jepsen worker 1] jepsen.print: 6	:invoke	:watch-session	{:key "/jepsen/watch/s1783726406", :start-revision :last, :prev-kv? true, :window-ms 2000, :max-events 10000, :resumes 2}
2026-09-17 11:27:20,431{GMT}	INFO	[jepsen worker 2] jepsen.print: 2	:invoke	:watch-session	{:key "/jepsen/watch/s1783726406", :start-revision :last, :prev-kv? false, :window-ms 2000, :max-events 10000, :resumes 2}
2026-09-17 11:27:20,630{GMT}	INFO	[jepsen worker 3] jepsen.print: 3	:ok	:watch-session	{:key "/jepsen/watch/s1783726406", :start-revision :last, :prev-kv? true, :window-ms 2000, :max-events 10000, :resumes 2}
2026-09-17 11:27:20,631{GMT}	INFO	[jepsen worker 3] jepsen.print: 3	:invoke	:write	"vs1783726406-348-"
2026-09-17 11:27:20,663{GMT}	INFO	[jepsen worker 3] jepsen.print: 3	:ok	:write	"vs1783726406-348-"
2026-09-17 11:27:20,831{GMT}	INFO	[jepsen worker 3] jepsen.print: 3	:invoke	:watch-session	{:key "/jepsen/watch/s1783726406", :start-revision 0, :prev-kv? false, :window-ms 2000, :max-events 10000, :resumes 2}
2026-09-17 11:27:21,631{GMT}	INFO	[jepsen worker 4] jepsen.print: 9	:ok	:watch-session	{:key "/jepsen/watch/s1783726406", :start-revision 0, :prev-kv? true, :window-ms 2000, :max-events 10000, :resumes 2}
2026-09-17 11:27:21,631{GMT}	INFO	[jepsen worker 4] jepsen.print: 9	:invoke	:write	"vs1783726406-350-"
2026-09-17 11:27:21,660{GMT}	INFO	[jepsen worker 4] jepsen.print: 9	:ok	:write	"vs1783726406-350-"
2026-09-17 11:27:21,831{GMT}	INFO	[jepsen worker 4] jepsen.print: 9	:invoke	:write	"vs1783726406-351-"
2026-09-17 11:27:21,860{GMT}	INFO	[jepsen worker 4] jepsen.print: 9	:ok	:write	"vs1783726406-351-"
2026-09-17 11:27:22,031{GMT}	INFO	[jepsen worker 0] jepsen.print: 0	:ok	:watch-session	{:key "/jepsen/watch/s1783726406", :start-revision 0, :prev-kv? true, :window-ms 2000, :max-events 10000, :resumes 2}
2026-09-17 11:27:22,031{GMT}	INFO	[jepsen worker 4] jepsen.print: 9	:invoke	:write	"vs1783726406-352-"
2026-09-17 11:27:22,066{GMT}	INFO	[jepsen worker 4] jepsen.print: 9	:ok	:write	"vs1783726406-352-"
2026-09-17 11:27:22,232{GMT}	INFO	[jepsen worker 0] jepsen.print: 0	:invoke	:write	"vs1783726406-349-"
2026-09-17 11:27:22,232{GMT}	INFO	[jepsen worker 1] jepsen.print: 6	:ok	:watch-session	{:key "/jepsen/watch/s1783726406", :start-revision :last, :prev-kv? true, :window-ms 2000, :max-events 10000, :resumes 2}
2026-09-17 11:27:22,266{GMT}	INFO	[jepsen worker 0] jepsen.print: 0	:ok	:write	"vs1783726406-349-"
2026-09-17 11:27:22,432{GMT}	INFO	[jepsen worker 0] jepsen.print: 0	:invoke	:watch-session	{:key "/jepsen/watch/s1783726406", :start-revision 0, :prev-kv? false, :window-ms 2000, :max-events 10000, :resumes 2}
2026-09-17 11:27:22,432{GMT}	INFO	[jepsen worker 2] jepsen.print: 2	:ok	:watch-session	{:key "/jepsen/watch/s1783726406", :start-revision :last, :prev-kv? false, :window-ms 2000, :max-events 10000, :resumes 2}
2026-09-17 11:27:22,632{GMT}	INFO	[jepsen worker 1] jepsen.print: 6	:invoke	:write	"vs1783726406-355-"
2026-09-17 11:27:22,661{GMT}	INFO	[jepsen worker 1] jepsen.print: 6	:ok	:write	"vs1783726406-355-"
2026-09-17 11:27:22,831{GMT}	INFO	[jepsen worker 3] jepsen.print: 3	:ok	:watch-session	{:key "/jepsen/watch/s1783726406", :start-revision 0, :prev-kv? false, :window-ms 2000, :max-events 10000, :resumes 2}
2026-09-17 11:27:22,832{GMT}	INFO	[jepsen worker 2] jepsen.print: 2	:invoke	:write	"vs1783726406-359-"
2026-09-17 11:27:22,863{GMT}	INFO	[jepsen worker 2] jepsen.print: 2	:ok	:write	"vs1783726406-359-"
2026-09-17 11:27:23,032{GMT}	INFO	[jepsen worker 3] jepsen.print: 3	:invoke	:write	"vs1783726406-362-"
2026-09-17 11:27:23,061{GMT}	INFO	[jepsen worker 3] jepsen.print: 3	:ok	:write	"vs1783726406-362-"
2026-09-17 11:27:23,232{GMT}	INFO	[jepsen worker 4] jepsen.print: 9	:invoke	:watch-session	{:key "/jepsen/watch/s1783726406", :start-revision 0, :prev-kv? false, :window-ms 2000, :max-events 10000, :resumes 2}
2026-09-17 11:27:23,432{GMT}	INFO	[jepsen worker 1] jepsen.print: 6	:invoke	:write	"vs1783726406-364-"
2026-09-17 11:27:23,463{GMT}	INFO	[jepsen worker 1] jepsen.print: 6	:ok	:write	"vs1783726406-364-"
2026-09-17 11:27:23,633{GMT}	INFO	[jepsen worker 1] jepsen.print: 6	:invoke	:watch-session	{:key "/jepsen/watch/s1783726406", :start-revision 0, :prev-kv? true, :window-ms 2000, :max-events 10000, :resumes 2}
2026-09-17 11:27:23,833{GMT}	INFO	[jepsen worker 2] jepsen.print: 2	:invoke	:watch-session	{:key "/jepsen/watch/s1783726406", :start-revision :last, :prev-kv? true, :window-ms 2000, :max-events 10000, :resumes 2}
2026-09-17 11:27:24,033{GMT}	INFO	[jepsen worker 3] jepsen.print: 3	:invoke	:write	"vs1783726406-366-"
2026-09-17 11:27:24,061{GMT}	INFO	[jepsen worker 3] jepsen.print: 3	:ok	:write	"vs1783726406-366-"
2026-09-17 11:27:24,233{GMT}	INFO	[jepsen worker 3] jepsen.print: 3	:invoke	:watch-session	{:key "/jepsen/watch/s1783726406", :start-revision 0, :prev-kv? false, :window-ms 2000, :max-events 10000, :resumes 2}
2026-09-17 11:27:24,433{GMT}	INFO	[jepsen worker 0] jepsen.print: 0	:ok	:watch-session	{:key "/jepsen/watch/s1783726406", :start-revision 0, :prev-kv? false, :window-ms 2000, :max-events 10000, :resumes 2}
2026-09-17 11:27:24,434{GMT}	INFO	[jepsen worker 0] jepsen.print: 0	:invoke	:watch-session	{:key "/jepsen/watch/s1783726406", :start-revision 0, :prev-kv? true, :window-ms 2000, :max-events 10000, :resumes 2}
2026-09-17 11:27:24,581{GMT}	INFO	[jepsen worker nemesis] jepsen.print: :nemesis	:info	:start	nil
2026-09-17 11:27:24,592{GMT}	INFO	[jepsen worker nemesis] jepsen.print: :nemesis	:info	:start	{"n2" [:killed "n2"]}
2026-09-17 11:27:24,597{GMT}	INFO	[jepsen worker 0] jepsen.print: 0	:ok	:watch-session	{:key "/jepsen/watch/s1783726406", :start-revision 0, :prev-kv? true, :window-ms 2000, :max-events 10000, :resumes 2}
2026-09-17 11:27:24,597{GMT}	INFO	[jepsen worker 3] jepsen.print: 3	:ok	:watch-session	{:key "/jepsen/watch/s1783726406", :start-revision 0, :prev-kv? false, :window-ms 2000, :max-events 10000, :resumes 2}
2026-09-17 11:27:24,597{GMT}	INFO	[jepsen worker 4] jepsen.print: 9	:ok	:watch-session	{:key "/jepsen/watch/s1783726406", :start-revision 0, :prev-kv? false, :window-ms 2000, :max-events 10000, :resumes 2}
2026-09-17 11:27:24,597{GMT}	INFO	[jepsen worker 2] jepsen.print: 2	:ok	:watch-session	{:key "/jepsen/watch/s1783726406", :start-revision :last, :prev-kv? true, :window-ms 2000, :max-events 10000, :resumes 2}
2026-09-17 11:27:24,597{GMT}	INFO	[jepsen worker 1] jepsen.print: 6	:ok	:watch-session	{:key "/jepsen/watch/s1783726406", :start-revision 0, :prev-kv? true, :window-ms 2000, :max-events 10000, :resumes 2}
2026-09-17 11:27:24,634{GMT}	INFO	[jepsen worker 1] jepsen.print: 6	:invoke	:write	"vs1783726406-367-"
2026-09-17 11:27:24,638{GMT}	INFO	[jepsen worker 1] jepsen.print: 6	:info	:write	"vs1783726406-367-"	:unavailable-maybe-applied
2026-09-17 11:27:24,834{GMT}	INFO	[jepsen worker 2] jepsen.print: 2	:invoke	:write	"vs1783726406-368-"
2026-09-17 11:27:24,843{GMT}	INFO	[jepsen worker 2] jepsen.print: 2	:info	:write	"vs1783726406-368-"	:unavailable-maybe-applied
2026-09-17 11:27:25,034{GMT}	INFO	[jepsen worker 3] jepsen.print: 3	:invoke	:write	"vs1783726406-371-"
2026-09-17 11:27:25,037{GMT}	INFO	[jepsen worker 3] jepsen.print: 3	:info	:write	"vs1783726406-371-"	:unavailable-maybe-applied
2026-09-17 11:27:25,234{GMT}	INFO	[jepsen worker 4] jepsen.print: 9	:invoke	:watch-session	{:key "/jepsen/watch/s1783726406", :start-revision 0, :prev-kv? true, :window-ms 2000, :max-events 10000, :resumes 2}
2026-09-17 11:27:25,236{GMT}	INFO	[jepsen worker 4] jepsen.print: 9	:ok	:watch-session	{:key "/jepsen/watch/s1783726406", :start-revision 0, :prev-kv? true, :window-ms 2000, :max-events 10000, :resumes 2}
2026-09-17 11:27:25,435{GMT}	INFO	[jepsen worker 0] jepsen.print: 0	:invoke	:watch-session	{:key "/jepsen/watch/s1783726406", :start-revision 0, :prev-kv? false, :window-ms 2000, :max-events 10000, :resumes 2}
2026-09-17 11:27:25,436{GMT}	INFO	[jepsen worker 0] jepsen.print: 0	:ok	:watch-session	{:key "/jepsen/watch/s1783726406", :start-revision 0, :prev-kv? false, :window-ms 2000, :max-events 10000, :resumes 2}
2026-09-17 11:27:25,635{GMT}	INFO	[jepsen worker 0] jepsen.print: 0	:invoke	:watch-session	{:key "/jepsen/watch/s1783726406", :start-revision :last, :prev-kv? true, :window-ms 2000, :max-events 10000, :resumes 2}
2026-09-17 11:27:25,636{GMT}	INFO	[jepsen worker 0] jepsen.print: 0	:ok	:watch-session	{:key "/jepsen/watch/s1783726406", :start-revision :last, :prev-kv? true, :window-ms 2000, :max-events 10000, :resumes 2}
2026-09-17 11:27:25,835{GMT}	INFO	[jepsen worker 1] jepsen.print: 11	:invoke	:watch-session	{:key "/jepsen/watch/s1783726406", :start-revision 0, :prev-kv? true, :window-ms 2000, :max-events 10000, :resumes 2}
2026-09-17 11:27:25,836{GMT}	INFO	[jepsen worker 1] jepsen.coord.client: Opening coord client on n2
2026-09-17 11:27:26,035{GMT}	INFO	[jepsen worker 2] jepsen.print: 7	:invoke	:watch-session	{:key "/jepsen/watch/s1783726406", :start-revision 0, :prev-kv? false, :window-ms 2000, :max-events 10000, :resumes 2}
2026-09-17 11:27:26,035{GMT}	INFO	[jepsen worker 2] jepsen.coord.client: Opening coord client on n3
2026-09-17 11:27:26,235{GMT}	INFO	[jepsen worker 3] jepsen.print: 8	:invoke	:write	"vs1783726406-373-"
2026-09-17 11:27:26,236{GMT}	INFO	[jepsen worker 3] jepsen.coord.client: Opening coord client on n1
2026-09-17 11:27:26,388{GMT}	INFO	[jepsen worker 3] jepsen.print: 8	:ok	:write	"vs1783726406-373-"
2026-09-17 11:27:26,436{GMT}	INFO	[jepsen worker 4] jepsen.print: 9	:invoke	:write	"vs1783726406-376-"
2026-09-17 11:27:26,463{GMT}	INFO	[jepsen worker 4] jepsen.print: 9	:ok	:write	"vs1783726406-376-"
2026-09-17 11:27:26,636{GMT}	INFO	[jepsen worker 0] jepsen.print: 0	:invoke	:write	"vs1783726406-379-"
2026-09-17 11:27:26,664{GMT}	INFO	[jepsen worker 0] jepsen.print: 0	:ok	:write	"vs1783726406-379-"
2026-09-17 11:27:26,836{GMT}	INFO	[jepsen worker 0] jepsen.print: 0	:invoke	:write	"vs1783726406-382-"
2026-09-17 11:27:26,860{GMT}	INFO	[jepsen worker 0] jepsen.print: 0	:ok	:write	"vs1783726406-382-"
2026-09-17 11:27:27,036{GMT}	INFO	[jepsen worker 3] jepsen.print: 8	:invoke	:write	"vs1783726406-385-"
2026-09-17 11:27:27,061{GMT}	INFO	[jepsen worker 3] jepsen.print: 8	:ok	:write	"vs1783726406-385-"
2026-09-17 11:27:27,236{GMT}	INFO	[jepsen worker 3] jepsen.print: 8	:invoke	:write	"vs1783726406-388-"
2026-09-17 11:27:27,263{GMT}	INFO	[jepsen worker 3] jepsen.print: 8	:ok	:write	"vs1783726406-388-"
2026-09-17 11:27:27,437{GMT}	INFO	[jepsen worker 3] jepsen.print: 8	:invoke	:write	"vs1783726406-391-"
2026-09-17 11:27:27,465{GMT}	INFO	[jepsen worker 3] jepsen.print: 8	:ok	:write	"vs1783726406-391-"
2026-09-17 11:27:27,637{GMT}	INFO	[jepsen worker 4] jepsen.print: 9	:invoke	:watch-session	{:key "/jepsen/watch/s1783726406", :start-revision 0, :prev-kv? true, :window-ms 2000, :max-events 10000, :resumes 2}
2026-09-17 11:27:27,837{GMT}	INFO	[jepsen worker 0] jepsen.print: 0	:invoke	:write	"vs1783726406-393-"
2026-09-17 11:27:27,864{GMT}	INFO	[jepsen worker 0] jepsen.print: 0	:ok	:write	"vs1783726406-393-"
2026-09-17 11:27:27,961{GMT}	INFO	[jepsen worker 1] jepsen.print: 11	:ok	:watch-session	{:key "/jepsen/watch/s1783726406", :start-revision 0, :prev-kv? true, :window-ms 2000, :max-events 10000, :resumes 2}
2026-09-17 11:27:28,037{GMT}	INFO	[jepsen worker 0] jepsen.print: 0	:invoke	:write	"vs1783726406-397-"
2026-09-17 11:27:28,062{GMT}	INFO	[jepsen worker 0] jepsen.print: 0	:ok	:write	"vs1783726406-397-"
2026-09-17 11:27:28,140{GMT}	INFO	[jepsen worker 2] jepsen.print: 7	:ok	:watch-session	{:key "/jepsen/watch/s1783726406", :start-revision 0, :prev-kv? false, :window-ms 2000, :max-events 10000, :resumes 2}
2026-09-17 11:27:28,238{GMT}	INFO	[jepsen worker 1] jepsen.print: 11	:invoke	:watch-session	{:key "/jepsen/watch/s1783726406", :start-revision 0, :prev-kv? false, :window-ms 2000, :max-events 10000, :resumes 2}
2026-09-17 11:27:28,438{GMT}	INFO	[jepsen worker 2] jepsen.print: 7	:invoke	:write	"vs1783726406-399-"
2026-09-17 11:27:28,468{GMT}	INFO	[jepsen worker 2] jepsen.print: 7	:ok	:write	"vs1783726406-399-"
2026-09-17 11:27:28,638{GMT}	INFO	[jepsen worker 3] jepsen.print: 8	:invoke	:write	"vs1783726406-402-"
2026-09-17 11:27:28,663{GMT}	INFO	[jepsen worker 3] jepsen.print: 8	:ok	:write	"vs1783726406-402-"
2026-09-17 11:27:28,838{GMT}	INFO	[jepsen worker 0] jepsen.print: 0	:invoke	:watch-session	{:key "/jepsen/watch/s1783726406", :start-revision 0, :prev-kv? true, :window-ms 2000, :max-events 10000, :resumes 2}
2026-09-17 11:27:29,038{GMT}	INFO	[jepsen worker 2] jepsen.print: 7	:invoke	:watch-session	{:key "/jepsen/watch/s1783726406", :start-revision :last, :prev-kv? false, :window-ms 2000, :max-events 10000, :resumes 2}
2026-09-17 11:27:29,238{GMT}	INFO	[jepsen worker 3] jepsen.print: 8	:invoke	:watch-session	{:key "/jepsen/watch/s1783726406", :start-revision 0, :prev-kv? true, :window-ms 2000, :max-events 10000, :resumes 2}
2026-09-17 11:27:29,637{GMT}	INFO	[jepsen worker 4] jepsen.print: 9	:ok	:watch-session	{:key "/jepsen/watch/s1783726406", :start-revision 0, :prev-kv? true, :window-ms 2000, :max-events 10000, :resumes 2}
2026-09-17 11:27:29,638{GMT}	INFO	[jepsen worker 4] jepsen.print: 9	:invoke	:watch-session	{:key "/jepsen/watch/s1783726406", :start-revision 0, :prev-kv? true, :window-ms 2000, :max-events 10000, :resumes 2}
2026-09-17 11:27:30,239{GMT}	INFO	[jepsen worker 1] jepsen.print: 11	:ok	:watch-session	{:key "/jepsen/watch/s1783726406", :start-revision 0, :prev-kv? false, :window-ms 2000, :max-events 10000, :resumes 2}
2026-09-17 11:27:30,239{GMT}	INFO	[jepsen worker 1] jepsen.print: 11	:invoke	:watch-session	{:key "/jepsen/watch/s1783726406", :start-revision :last, :prev-kv? false, :window-ms 2000, :max-events 10000, :resumes 2}
2026-09-17 11:27:30,684{GMT}	INFO	[jepsen worker nemesis] jepsen.print: :nemesis	:info	:stop	nil
2026-09-17 11:27:30,743{GMT}	INFO	[jepsen node n2] jepsen.coord.db: Restarting coord on n2
2026-09-17 11:27:30,743{GMT}	INFO	[jepsen node n2] jepsen.control.util: Starting coord
2026-09-17 11:27:30,839{GMT}	INFO	[jepsen worker 0] jepsen.print: 0	:ok	:watch-session	{:key "/jepsen/watch/s1783726406", :start-revision 0, :prev-kv? true, :window-ms 2000, :max-events 10000, :resumes 2}
2026-09-17 11:27:30,839{GMT}	INFO	[jepsen worker 0] jepsen.print: 0	:invoke	:write	"vs1783726406-403-"
2026-09-17 11:27:30,856{GMT}	INFO	[jepsen node n2] jepsen.coord.db: Waiting for coord on n2 to be ready
2026-09-17 11:27:30,862{GMT}	INFO	[jepsen worker 0] jepsen.print: 0	:ok	:write	"vs1783726406-403-"
2026-09-17 11:27:30,969{GMT}	INFO	[jepsen node n2] jepsen.coord.db: coord n2 is ready
2026-09-17 11:27:30,969{GMT}	INFO	[jepsen worker nemesis] jepsen.print: :nemesis	:info	:stop	{"n2" [:restarted "n2"]}
2026-09-17 11:27:31,039{GMT}	INFO	[jepsen worker 2] jepsen.print: 7	:ok	:watch-session	{:key "/jepsen/watch/s1783726406", :start-revision :last, :prev-kv? false, :window-ms 2000, :max-events 10000, :resumes 2}
2026-09-17 11:27:31,039{GMT}	INFO	[jepsen worker 0] jepsen.print: 0	:invoke	:write	"vs1783726406-404-"
2026-09-17 11:27:31,063{GMT}	INFO	[jepsen worker 0] jepsen.print: 0	:ok	:write	"vs1783726406-404-"
2026-09-17 11:27:31,239{GMT}	INFO	[jepsen worker 2] jepsen.print: 7	:invoke	:write	"vs1783726406-405-"
2026-09-17 11:27:31,240{GMT}	INFO	[jepsen worker 3] jepsen.print: 8	:ok	:watch-session	{:key "/jepsen/watch/s1783726406", :start-revision 0, :prev-kv? true, :window-ms 2000, :max-events 10000, :resumes 2}
2026-09-17 11:27:31,265{GMT}	INFO	[jepsen worker 2] jepsen.print: 7	:ok	:write	"vs1783726406-405-"
2026-09-17 11:27:31,440{GMT}	INFO	[jepsen worker 2] jepsen.print: 7	:invoke	:watch-session	{:key "/jepsen/watch/s1783726406", :start-revision 0, :prev-kv? false, :window-ms 2000, :max-events 10000, :resumes 2}
2026-09-17 11:27:31,638{GMT}	INFO	[jepsen worker 4] jepsen.print: 9	:ok	:watch-session	{:key "/jepsen/watch/s1783726406", :start-revision 0, :prev-kv? true, :window-ms 2000, :max-events 10000, :resumes 2}
2026-09-17 11:27:31,640{GMT}	INFO	[jepsen worker 3] jepsen.print: 8	:invoke	:watch-session	{:key "/jepsen/watch/s1783726406", :start-revision :last, :prev-kv? true, :window-ms 2000, :max-events 10000, :resumes 2}
2026-09-17 11:27:31,840{GMT}	INFO	[jepsen worker 4] jepsen.print: 9	:invoke	:watch-session	{:key "/jepsen/watch/s1783726406", :start-revision :last, :prev-kv? true, :window-ms 2000, :max-events 10000, :resumes 2}
2026-09-17 11:27:32,040{GMT}	INFO	[jepsen worker 0] jepsen.print: 0	:invoke	:write	"vs1783726406-407-"
2026-09-17 11:27:32,074{GMT}	INFO	[jepsen worker 0] jepsen.print: 0	:ok	:write	"vs1783726406-407-"
2026-09-17 11:27:32,240{GMT}	INFO	[jepsen worker 1] jepsen.print: 11	:ok	:watch-session	{:key "/jepsen/watch/s1783726406", :start-revision :last, :prev-kv? false, :window-ms 2000, :max-events 10000, :resumes 2}
2026-09-17 11:27:32,240{GMT}	INFO	[jepsen worker 0] jepsen.print: 0	:invoke	:watch-session	{:key "/jepsen/watch/s1783726406", :start-revision :last, :prev-kv? true, :window-ms 2000, :max-events 10000, :resumes 2}
2026-09-17 11:27:32,440{GMT}	INFO	[jepsen worker 1] jepsen.print: 11	:invoke	:write	"vs1783726406-408-"
2026-09-17 11:27:32,473{GMT}	INFO	[jepsen worker 1] jepsen.print: 11	:ok	:write	"vs1783726406-408-"
2026-09-17 11:27:32,641{GMT}	INFO	[jepsen worker 1] jepsen.print: 11	:invoke	:watch-session	{:key "/jepsen/watch/s1783726406", :start-revision :last, :prev-kv? true, :window-ms 2000, :max-events 10000, :resumes 2}
2026-09-17 11:27:33,440{GMT}	INFO	[jepsen worker 2] jepsen.print: 7	:ok	:watch-session	{:key "/jepsen/watch/s1783726406", :start-revision 0, :prev-kv? false, :window-ms 2000, :max-events 10000, :resumes 2}
2026-09-17 11:27:33,441{GMT}	INFO	[jepsen worker 2] jepsen.print: 7	:invoke	:write	"vs1783726406-410-"
2026-09-17 11:27:33,468{GMT}	INFO	[jepsen worker 2] jepsen.print: 7	:ok	:write	"vs1783726406-410-"
2026-09-17 11:27:33,641{GMT}	INFO	[jepsen worker 3] jepsen.print: 8	:ok	:watch-session	{:key "/jepsen/watch/s1783726406", :start-revision :last, :prev-kv? true, :window-ms 2000, :max-events 10000, :resumes 2}
2026-09-17 11:27:33,641{GMT}	INFO	[jepsen worker 2] jepsen.print: 7	:invoke	:watch-session	{:key "/jepsen/watch/s1783726406", :start-revision 0, :prev-kv? true, :window-ms 2000, :max-events 10000, :resumes 2}
2026-09-17 11:27:33,841{GMT}	INFO	[jepsen worker 4] jepsen.print: 9	:ok	:watch-session	{:key "/jepsen/watch/s1783726406", :start-revision :last, :prev-kv? true, :window-ms 2000, :max-events 10000, :resumes 2}
2026-09-17 11:27:33,841{GMT}	INFO	[jepsen worker 3] jepsen.print: 8	:invoke	:watch-session	{:key "/jepsen/watch/s1783726406", :start-revision :last, :prev-kv? true, :window-ms 2000, :max-events 10000, :resumes 2}
2026-09-17 11:27:34,041{GMT}	INFO	[jepsen worker 4] jepsen.print: 9	:invoke	:watch-session	{:key "/jepsen/watch/s1783726406", :start-revision 0, :prev-kv? false, :window-ms 2000, :max-events 10000, :resumes 2}
2026-09-17 11:27:34,241{GMT}	INFO	[jepsen worker 0] jepsen.print: 0	:ok	:watch-session	{:key "/jepsen/watch/s1783726406", :start-revision :last, :prev-kv? true, :window-ms 2000, :max-events 10000, :resumes 2}
2026-09-17 11:27:34,241{GMT}	INFO	[jepsen worker 0] jepsen.print: 0	:invoke	:write	"vs1783726406-409-"
2026-09-17 11:27:34,269{GMT}	INFO	[jepsen worker 0] jepsen.print: 0	:ok	:write	"vs1783726406-409-"
2026-09-17 11:27:34,441{GMT}	INFO	[jepsen worker 0] jepsen.print: 0	:invoke	:watch-session	{:key "/jepsen/watch/s1783726406", :start-revision 0, :prev-kv? true, :window-ms 2000, :max-events 10000, :resumes 2}
2026-09-17 11:27:34,642{GMT}	INFO	[jepsen worker 1] jepsen.print: 11	:ok	:watch-session	{:key "/jepsen/watch/s1783726406", :start-revision :last, :prev-kv? true, :window-ms 2000, :max-events 10000, :resumes 2}
2026-09-17 11:27:34,642{GMT}	INFO	[jepsen worker 1] jepsen.print: 11	:invoke	:write	"vs1783726406-412-"
2026-09-17 11:27:34,675{GMT}	INFO	[jepsen worker 1] jepsen.print: 11	:ok	:write	"vs1783726406-412-"
2026-09-17 11:27:34,842{GMT}	INFO	[jepsen worker 1] jepsen.print: 11	:invoke	:watch-session	{:key "/jepsen/watch/s1783726406", :start-revision 0, :prev-kv? true, :window-ms 2000, :max-events 10000, :resumes 2}
2026-09-17 11:27:35,642{GMT}	INFO	[jepsen worker 2] jepsen.print: 7	:ok	:watch-session	{:key "/jepsen/watch/s1783726406", :start-revision 0, :prev-kv? true, :window-ms 2000, :max-events 10000, :resumes 2}
2026-09-17 11:27:35,643{GMT}	INFO	[jepsen worker 2] jepsen.print: 7	:invoke	:watch-session	{:key "/jepsen/watch/s1783726406", :start-revision :last, :prev-kv? false, :window-ms 2000, :max-events 10000, :resumes 2}
2026-09-17 11:27:35,842{GMT}	INFO	[jepsen worker 3] jepsen.print: 8	:ok	:watch-session	{:key "/jepsen/watch/s1783726406", :start-revision :last, :prev-kv? true, :window-ms 2000, :max-events 10000, :resumes 2}
2026-09-17 11:27:35,843{GMT}	INFO	[jepsen worker 3] jepsen.print: 8	:invoke	:watch-session	{:key "/jepsen/watch/s1783726406", :start-revision 0, :prev-kv? false, :window-ms 2000, :max-events 10000, :resumes 2}
2026-09-17 11:27:36,043{GMT}	INFO	[jepsen worker 4] jepsen.print: 9	:ok	:watch-session	{:key "/jepsen/watch/s1783726406", :start-revision 0, :prev-kv? false, :window-ms 2000, :max-events 10000, :resumes 2}
2026-09-17 11:27:36,043{GMT}	INFO	[jepsen worker 4] jepsen.print: 9	:invoke	:write	"vs1783726406-411-"
2026-09-17 11:27:36,075{GMT}	INFO	[jepsen worker 4] jepsen.print: 9	:ok	:write	"vs1783726406-411-"
2026-09-17 11:27:36,243{GMT}	INFO	[jepsen worker 4] jepsen.print: 9	:invoke	:watch-session	{:key "/jepsen/watch/s1783726406", :start-revision 0, :prev-kv? false, :window-ms 2000, :max-events 10000, :resumes 2}
2026-09-17 11:27:36,442{GMT}	INFO	[jepsen worker 0] jepsen.print: 0	:ok	:watch-session	{:key "/jepsen/watch/s1783726406", :start-revision 0, :prev-kv? true, :window-ms 2000, :max-events 10000, :resumes 2}
2026-09-17 11:27:36,443{GMT}	INFO	[jepsen worker 0] jepsen.print: 0	:invoke	:watch-session	{:key "/jepsen/watch/s1783726406", :start-revision 0, :prev-kv? true, :window-ms 2000, :max-events 10000, :resumes 2}
2026-09-17 11:27:36,843{GMT}	INFO	[jepsen worker 1] jepsen.print: 11	:ok	:watch-session	{:key "/jepsen/watch/s1783726406", :start-revision 0, :prev-kv? true, :window-ms 2000, :max-events 10000, :resumes 2}
2026-09-17 11:27:36,843{GMT}	INFO	[jepsen worker 1] jepsen.print: 11	:invoke	:watch-session	{:key "/jepsen/watch/s1783726406", :start-revision :last, :prev-kv? false, :window-ms 2000, :max-events 10000, :resumes 2}
2026-09-17 11:27:37,644{GMT}	INFO	[jepsen worker 2] jepsen.print: 7	:ok	:watch-session	{:key "/jepsen/watch/s1783726406", :start-revision :last, :prev-kv? false, :window-ms 2000, :max-events 10000, :resumes 2}
2026-09-17 11:27:37,644{GMT}	INFO	[jepsen worker 2] jepsen.print: 7	:invoke	:write	"vs1783726406-414-"
2026-09-17 11:27:37,675{GMT}	INFO	[jepsen worker 2] jepsen.print: 7	:ok	:write	"vs1783726406-414-"
2026-09-17 11:27:37,843{GMT}	INFO	[jepsen worker 3] jepsen.print: 8	:ok	:watch-session	{:key "/jepsen/watch/s1783726406", :start-revision 0, :prev-kv? false, :window-ms 2000, :max-events 10000, :resumes 2}
2026-09-17 11:27:37,844{GMT}	INFO	[jepsen worker 2] jepsen.print: 7	:invoke	:write	"vs1783726406-415-"
2026-09-17 11:27:37,870{GMT}	INFO	[jepsen worker 2] jepsen.print: 7	:ok	:write	"vs1783726406-415-"
2026-09-17 11:27:38,044{GMT}	INFO	[jepsen worker 2] jepsen.print: 7	:invoke	:watch-session	{:key "/jepsen/watch/s1783726406", :start-revision 0, :prev-kv? false, :window-ms 2000, :max-events 10000, :resumes 2}
2026-09-17 11:27:38,244{GMT}	INFO	[jepsen worker 4] jepsen.print: 9	:ok	:watch-session	{:key "/jepsen/watch/s1783726406", :start-revision 0, :prev-kv? false, :window-ms 2000, :max-events 10000, :resumes 2}
2026-09-17 11:27:38,244{GMT}	INFO	[jepsen worker 3] jepsen.print: 8	:invoke	:write	"vs1783726406-413-"
2026-09-17 11:27:38,275{GMT}	INFO	[jepsen worker 3] jepsen.print: 8	:ok	:write	"vs1783726406-413-"
2026-09-17 11:27:38,444{GMT}	INFO	[jepsen worker 0] jepsen.print: 0	:ok	:watch-session	{:key "/jepsen/watch/s1783726406", :start-revision 0, :prev-kv? true, :window-ms 2000, :max-events 10000, :resumes 2}
2026-09-17 11:27:38,444{GMT}	INFO	[jepsen worker nemesis] jepsen.print: :nemesis	:info	:start	nil
2026-09-17 11:27:38,445{GMT}	INFO	[jepsen worker 4] jepsen.print: 9	:invoke	:watch-session	{:key "/jepsen/watch/s1783726406", :start-revision 0, :prev-kv? false, :window-ms 2000, :max-events 10000, :resumes 2}
2026-09-17 11:27:38,467{GMT}	INFO	[jepsen worker nemesis] jepsen.print: :nemesis	:info	:start	{"n3" [:killed "n3"]}
2026-09-17 11:27:38,473{GMT}	INFO	[jepsen worker 1] jepsen.print: 11	:ok	:watch-session	{:key "/jepsen/watch/s1783726406", :start-revision :last, :prev-kv? false, :window-ms 2000, :max-events 10000, :resumes 2}
2026-09-17 11:27:38,473{GMT}	INFO	[jepsen worker 4] jepsen.print: 9	:ok	:watch-session	{:key "/jepsen/watch/s1783726406", :start-revision 0, :prev-kv? false, :window-ms 2000, :max-events 10000, :resumes 2}
2026-09-17 11:27:38,473{GMT}	INFO	[jepsen worker 2] jepsen.print: 7	:ok	:watch-session	{:key "/jepsen/watch/s1783726406", :start-revision 0, :prev-kv? false, :window-ms 2000, :max-events 10000, :resumes 2}
2026-09-17 11:27:38,645{GMT}	INFO	[jepsen worker 0] jepsen.print: 0	:invoke	:write	"vs1783726406-421-"
2026-09-17 11:27:38,650{GMT}	INFO	[jepsen worker 0] jepsen.print: 0	:info	:write	"vs1783726406-421-"	:unavailable-maybe-applied
2026-09-17 11:27:38,845{GMT}	INFO	[jepsen worker 1] jepsen.print: 11	:invoke	:watch-session	{:key "/jepsen/watch/s1783726406", :start-revision :last, :prev-kv? false, :window-ms 2000, :max-events 10000, :resumes 2}
2026-09-17 11:27:38,846{GMT}	INFO	[jepsen worker 1] jepsen.print: 11	:ok	:watch-session	{:key "/jepsen/watch/s1783726406", :start-revision :last, :prev-kv? false, :window-ms 2000, :max-events 10000, :resumes 2}
2026-09-17 11:27:39,045{GMT}	INFO	[jepsen worker 2] jepsen.print: 7	:invoke	:write	"vs1783726406-424-"
2026-09-17 11:27:39,074{GMT}	INFO	[jepsen worker 2] jepsen.print: 7	:ok	:write	"vs1783726406-424-"
2026-09-17 11:27:39,245{GMT}	INFO	[jepsen worker 3] jepsen.print: 8	:invoke	:watch-session	{:key "/jepsen/watch/s1783726406", :start-revision :last, :prev-kv? true, :window-ms 2000, :max-events 10000, :resumes 2}
2026-09-17 11:27:39,246{GMT}	INFO	[jepsen worker 3] jepsen.print: 8	:ok	:watch-session	{:key "/jepsen/watch/s1783726406", :start-revision :last, :prev-kv? true, :window-ms 2000, :max-events 10000, :resumes 2}
2026-09-17 11:27:39,445{GMT}	INFO	[jepsen worker 4] jepsen.print: 9	:invoke	:write	"vs1783726406-427-"
2026-09-17 11:27:39,471{GMT}	INFO	[jepsen worker 4] jepsen.print: 9	:ok	:write	"vs1783726406-427-"
2026-09-17 11:27:39,646{GMT}	INFO	[jepsen worker 0] jepsen.print: 5	:invoke	:watch-session	{:key "/jepsen/watch/s1783726406", :start-revision :last, :prev-kv? false, :window-ms 2000, :max-events 10000, :resumes 2}
2026-09-17 11:27:39,646{GMT}	INFO	[jepsen worker 0] jepsen.coord.client: Opening coord client on n1
2026-09-17 11:27:39,846{GMT}	INFO	[jepsen worker 1] jepsen.print: 11	:invoke	:watch-session	{:key "/jepsen/watch/s1783726406", :start-revision :last, :prev-kv? false, :window-ms 2000, :max-events 10000, :resumes 2}
2026-09-17 11:27:39,847{GMT}	INFO	[jepsen worker 1] jepsen.print: 11	:ok	:watch-session	{:key "/jepsen/watch/s1783726406", :start-revision :last, :prev-kv? false, :window-ms 2000, :max-events 10000, :resumes 2}
2026-09-17 11:27:40,046{GMT}	INFO	[jepsen worker 1] jepsen.print: 11	:invoke	:watch-session	{:key "/jepsen/watch/s1783726406", :start-revision :last, :prev-kv? false, :window-ms 2000, :max-events 10000, :resumes 2}
2026-09-17 11:27:40,047{GMT}	INFO	[jepsen worker 1] jepsen.print: 11	:ok	:watch-session	{:key "/jepsen/watch/s1783726406", :start-revision :last, :prev-kv? false, :window-ms 2000, :max-events 10000, :resumes 2}
2026-09-17 11:27:40,246{GMT}	INFO	[jepsen worker 2] jepsen.print: 7	:invoke	:watch-session	{:key "/jepsen/watch/s1783726406", :start-revision 0, :prev-kv? false, :window-ms 2000, :max-events 10000, :resumes 2}
2026-09-17 11:27:40,446{GMT}	INFO	[jepsen worker 3] jepsen.print: 8	:invoke	:write	"vs1783726406-429-"
2026-09-17 11:27:40,475{GMT}	INFO	[jepsen worker 3] jepsen.print: 8	:ok	:write	"vs1783726406-429-"
2026-09-17 11:27:40,646{GMT}	INFO	[jepsen worker 4] jepsen.print: 9	:invoke	:watch-session	{:key "/jepsen/watch/s1783726406", :start-revision :last, :prev-kv? true, :window-ms 2000, :max-events 10000, :resumes 2}
2026-09-17 11:27:40,847{GMT}	INFO	[jepsen worker 1] jepsen.print: 11	:invoke	:write	"vs1783726406-431-"
2026-09-17 11:27:40,878{GMT}	INFO	[jepsen worker 1] jepsen.print: 11	:ok	:write	"vs1783726406-431-"
2026-09-17 11:27:41,047{GMT}	INFO	[jepsen worker 1] jepsen.print: 11	:invoke	:watch-session	{:key "/jepsen/watch/s1783726406", :start-revision :last, :prev-kv? false, :window-ms 2000, :max-events 10000, :resumes 2}
2026-09-17 11:27:41,247{GMT}	INFO	[jepsen worker 3] jepsen.print: 8	:invoke	:watch-session	{:key "/jepsen/watch/s1783726406", :start-revision :last, :prev-kv? true, :window-ms 2000, :max-events 10000, :resumes 2}
2026-09-17 11:27:41,758{GMT}	INFO	[jepsen worker 0] jepsen.print: 5	:ok	:watch-session	{:key "/jepsen/watch/s1783726406", :start-revision :last, :prev-kv? false, :window-ms 2000, :max-events 10000, :resumes 2}
2026-09-17 11:27:41,758{GMT}	INFO	[jepsen worker 0] jepsen.print: 5	:invoke	:write	"vs1783726406-433-"
2026-09-17 11:27:41,786{GMT}	INFO	[jepsen worker 0] jepsen.print: 5	:ok	:write	"vs1783726406-433-"
2026-09-17 11:27:41,958{GMT}	INFO	[jepsen worker 0] jepsen.print: 5	:invoke	:watch-session	{:key "/jepsen/watch/s1783726406", :start-revision 0, :prev-kv? true, :window-ms 2000, :max-events 10000, :resumes 2}
2026-09-17 11:27:42,247{GMT}	INFO	[jepsen worker 2] jepsen.print: 7	:ok	:watch-session	{:key "/jepsen/watch/s1783726406", :start-revision 0, :prev-kv? false, :window-ms 2000, :max-events 10000, :resumes 2}
2026-09-17 11:27:42,248{GMT}	INFO	[jepsen worker 2] jepsen.print: 7	:invoke	:watch-session	{:key "/jepsen/watch/s1783726406", :start-revision :last, :prev-kv? true, :window-ms 2000, :max-events 10000, :resumes 2}
2026-09-17 11:27:42,648{GMT}	INFO	[jepsen worker 4] jepsen.print: 9	:ok	:watch-session	{:key "/jepsen/watch/s1783726406", :start-revision :last, :prev-kv? true, :window-ms 2000, :max-events 10000, :resumes 2}
2026-09-17 11:27:42,648{GMT}	INFO	[jepsen worker 4] jepsen.print: 9	:invoke	:watch-session	{:key "/jepsen/watch/s1783726406", :start-revision :last, :prev-kv? false, :window-ms 2000, :max-events 10000, :resumes 2}
2026-09-17 11:27:43,048{GMT}	INFO	[jepsen worker 1] jepsen.print: 11	:ok	:watch-session	{:key "/jepsen/watch/s1783726406", :start-revision :last, :prev-kv? false, :window-ms 2000, :max-events 10000, :resumes 2}
2026-09-17 11:27:43,048{GMT}	INFO	[jepsen worker 1] jepsen.print: 11	:invoke	:watch-session	{:key "/jepsen/watch/s1783726406", :start-revision :last, :prev-kv? false, :window-ms 2000, :max-events 10000, :resumes 2}
2026-09-17 11:27:43,248{GMT}	INFO	[jepsen worker 3] jepsen.print: 8	:ok	:watch-session	{:key "/jepsen/watch/s1783726406", :start-revision :last, :prev-kv? true, :window-ms 2000, :max-events 10000, :resumes 2}
2026-09-17 11:27:43,248{GMT}	INFO	[jepsen worker 3] jepsen.print: 8	:invoke	:write	"vs1783726406-434-"
2026-09-17 11:27:43,270{GMT}	INFO	[jepsen worker 3] jepsen.print: 8	:ok	:write	"vs1783726406-434-"
2026-09-17 11:27:43,448{GMT}	INFO	[jepsen worker 3] jepsen.print: 8	:invoke	:watch-session	{:key "/jepsen/watch/s1783726406", :start-revision :last, :prev-kv? false, :window-ms 2000, :max-events 10000, :resumes 2}
2026-09-17 11:27:43,959{GMT}	INFO	[jepsen worker 0] jepsen.print: 5	:ok	:watch-session	{:key "/jepsen/watch/s1783726406", :start-revision 0, :prev-kv? true, :window-ms 2000, :max-events 10000, :resumes 2}
2026-09-17 11:27:43,960{GMT}	INFO	[jepsen worker 0] jepsen.print: 5	:invoke	:watch-session	{:key "/jepsen/watch/s1783726406", :start-revision 0, :prev-kv? true, :window-ms 2000, :max-events 10000, :resumes 2}
2026-09-17 11:27:44,249{GMT}	INFO	[jepsen worker 2] jepsen.print: 7	:ok	:watch-session	{:key "/jepsen/watch/s1783726406", :start-revision :last, :prev-kv? true, :window-ms 2000, :max-events 10000, :resumes 2}
2026-09-17 11:27:44,249{GMT}	INFO	[jepsen worker 2] jepsen.print: 7	:invoke	:write	"vs1783726406-435-"
2026-09-17 11:27:44,271{GMT}	INFO	[jepsen worker 2] jepsen.print: 7	:ok	:write	"vs1783726406-435-"
2026-09-17 11:27:44,450{GMT}	INFO	[jepsen worker 2] jepsen.print: 7	:invoke	:write	"vs1783726406-432-"
2026-09-17 11:27:44,475{GMT}	INFO	[jepsen worker 2] jepsen.print: 7	:ok	:write	"vs1783726406-432-"
2026-09-17 11:27:44,649{GMT}	INFO	[jepsen worker 4] jepsen.print: 9	:ok	:watch-session	{:key "/jepsen/watch/s1783726406", :start-revision :last, :prev-kv? false, :window-ms 2000, :max-events 10000, :resumes 2}
2026-09-17 11:27:45,049{GMT}	INFO	[jepsen worker 1] jepsen.print: 11	:ok	:watch-session	{:key "/jepsen/watch/s1783726406", :start-revision :last, :prev-kv? false, :window-ms 2000, :max-events 10000, :resumes 2}
2026-09-17 11:27:45,450{GMT}	INFO	[jepsen worker 3] jepsen.print: 8	:ok	:watch-session	{:key "/jepsen/watch/s1783726406", :start-revision :last, :prev-kv? false, :window-ms 2000, :max-events 10000, :resumes 2}
2026-09-17 11:27:45,961{GMT}	INFO	[jepsen worker 0] jepsen.print: 5	:ok	:watch-session	{:key "/jepsen/watch/s1783726406", :start-revision 0, :prev-kv? true, :window-ms 2000, :max-events 10000, :resumes 2}
2026-09-17 11:27:45,961{GMT}	INFO	[jepsen worker nemesis] jepsen.print: :nemesis	:info	:stop	nil
2026-09-17 11:27:46,003{GMT}	INFO	[jepsen node n3] jepsen.coord.db: Restarting coord on n3
2026-09-17 11:27:46,003{GMT}	INFO	[jepsen node n3] jepsen.control.util: Starting coord
2026-09-17 11:27:46,114{GMT}	INFO	[jepsen node n3] jepsen.coord.db: Waiting for coord on n3 to be ready
2026-09-17 11:27:47,127{GMT}	INFO	[jepsen node n3] jepsen.coord.db: coord n3 is ready
2026-09-17 11:27:47,127{GMT}	INFO	[jepsen worker nemesis] jepsen.print: :nemesis	:info	:stop	{"n3" [:restarted "n3"]}
2026-09-17 11:27:47,127{GMT}	INFO	[jepsen worker 1] jepsen.generator.interpreter: recovery: letting cluster converge
2026-09-17 11:28:17,155{GMT}	INFO	[jepsen node n1] jepsen.coord.client: Opening coord client on n1
2026-09-17 11:28:17,155{GMT}	INFO	[jepsen node n3] jepsen.coord.client: Opening coord client on n3
2026-09-17 11:28:17,155{GMT}	INFO	[jepsen node n2] jepsen.coord.client: Opening coord client on n2
2026-09-17 11:28:17,384{GMT}	INFO	[jepsen test runner] jepsen.core: Run complete, writing
2026-09-17 11:28:17,511{GMT}	INFO	[jepsen test runner] jepsen.core: Snarfing log files
2026-09-17 11:28:17,513{GMT}	INFO	[jepsen node n2] jepsen.coord.db: Killing coord on n2
2026-09-17 11:28:17,513{GMT}	INFO	[jepsen node n3] jepsen.coord.db: Killing coord on n3
2026-09-17 11:28:17,513{GMT}	INFO	[jepsen node n1] jepsen.coord.db: Killing coord on n1
2026-09-17 11:28:17,576{GMT}	INFO	[jepsen node n2] jepsen.core: downloading /var/log/coord.log to coord.log
2026-09-17 11:28:17,577{GMT}	INFO	[jepsen node n1] jepsen.core: downloading /var/log/coord.log to coord.log
2026-09-17 11:28:17,579{GMT}	INFO	[jepsen node n3] jepsen.core: downloading /var/log/coord.log to coord.log
2026-09-17 11:28:17,696{GMT}	INFO	[jepsen node n1] jepsen.coord.db: Tearing down coord on n1
2026-09-17 11:28:17,696{GMT}	INFO	[jepsen node n2] jepsen.coord.db: Tearing down coord on n2
2026-09-17 11:28:17,696{GMT}	INFO	[jepsen node n3] jepsen.coord.db: Tearing down coord on n3
2026-09-17 11:28:19,303{GMT}	INFO	[jepsen test runner] jepsen.core: Analyzing...
2026-09-17 11:28:19,343{GMT}	INFO	[clojure-agent-send-off-pool-0] jepsen.coord.watchck: watch checker: {:semantics :overflow-marker, :events 1101, :resumes 66, :violations-by-class {:watch-event-loss 7}, :min-events 200, :markers 0, :sessions-with-events 224, :sessions 247, :failures ({:key "/jepsen/watch/s1783726406", :semantics :overflow-marker, :marker-revisions [], :type :watch-event-loss, :op {:key "/jepsen/watch/s1783726406", :index 411, :events [], :value {:key "/jepsen/watch/s1783726406", :start-revision :last, :prev-kv? false, :window-ms 2000, :max-events 10000, :resumes 2}, :time 49666534849, :process 0, :type :ok, :resumes 2, :nodes ["n1"], :end-revision 110, :invoke 49662292054, :f :watch-session, :sessions [{:node "n1", :start-revision 108, :events [], :end-revision 108, :error "UNAVAILABLE: io exception"} {:node "n1", :start-revision 109, :events [], :end-revision 109, :error "UNAVAILABLE: io exception"} {:node "n1", :start-revision 110, :events [], :end-revision 110, :error "UNAVAILABLE: io exception"}], :requested-start :last, :stream-errors [["n1" "UNAVAILABLE: io exception"] ["n1" "UNAVAILABLE: io exception"] ["n1" "UNAVAILABLE: io exception"]], :start-revision 108}, :note "确认写的 revision 落在会话有效区间内却没有任何事件，且缺口之后没有溢出/历史标记：静默丢事件（P0）", :missing-count 2, :end-revision 110, :missing [109 110], :start-revision 108} {:key "/jepsen/watch/s1783726406", :semantics :overflow-marker, :marker-revisions [], :type :watch-event-loss, :op {:key "/jepsen/watch/s1783726406", :index 413, :events [], :value {:key "/jepsen/watch/s1783726406", :start-revision :last, :prev-kv? true, :window-ms 2000, :max-events 10000, :resumes 2}, :time 49864480443, :process 0, :type :ok, :resumes 2, :nodes ["n1"], :end-revision 112, :invoke 49862506216, :f :watch-session, :sessions [{:node "n1", :start-revision 110, :events [], :end-revision 110, :error "UNAVAILABLE: io exception"} {:node "n1", :start-revision 111, :events [], :end-revision 111, :error "UNAVAILABLE: io exception"} {:node "n1", :start-revision 112, :events [], :end-revision 112, :error "UNAVAILABLE: io exception"}], :requested-start :last, :stream-errors [["n1" "UNAVAILABLE: io exception"] ["n1" "UNAVAILABLE: io exception"] ["n1" "UNAVAILABLE: io exception"]], :start-revision 110}, :note "确认写的 revision 落在会话有效区间内却没有任何事件，且缺口之后没有溢出/历史标记：静默丢事件（P0）", :missing-count 1, :end-revision 112, :missing [112], :start-revision 110} {:key "/jepsen/watch/s1783726406", :semantics :overflow-marker, :marker-revisions [], :type :watch-event-loss, :op {:key "/jepsen/watch/s1783726406", :index 429, :events [], :value {:key "/jepsen/watch/s1783726406", :start-revision :last, :prev-kv? false, :window-ms 2000, :max-events 10000, :resumes 2}, :time 51466527443, :process 2, :type :ok, :resumes 2, :nodes ["n1"], :end-revision 112, :invoke 51464438661, :f :watch-session, :sessions [{:node "n1", :start-revision 110, :events [], :end-revision 110, :error "UNAVAILABLE: io exception"} {:node "n1", :start-revision 111, :events [], :end-revision 111, :error "UNAVAILABLE: io exception"} {:node "n1", :start-revision 112, :events [], :end-revision 112, :error "UNAVAILABLE: io exception"}], :requested-start :last, :stream-errors [["n1" "UNAVAILABLE: io exception"] ["n1" "UNAVAILABLE: io exception"] ["n1" "UNAVAILABLE: io exception"]], :start-revision 110}, :note "确认写的 revision 落在会话有效区间内却没有任何事件，且缺口之后没有溢出/历史标记：静默丢事件（P0）", :missing-count 1, :end-revision 112, :missing [112], :start-revision 110} {:key "/jepsen/watch/s1783726406", :semantics :overflow-marker, :marker-revisions [], :type :watch-event-loss, :op {:key "/jepsen/watch/s1783726406", :index 995, :events [], :value {:key "/jepsen/watch/s1783726406", :start-revision :last, :prev-kv? false, :window-ms 2000, :max-events 10000, :resumes 2}, :time 114514555983, :process 11, :type :ok, :resumes 2, :nodes ["n3"], :end-revision 273, :invoke 114513085832, :f :watch-session, :sessions [{:node "n3", :start-revision 271, :events [], :end-revision 271, :error "UNAVAILABLE: io exception"} {:node "n3", :start-revision 272, :events [], :end-revision 272, :error "UNAVAILABLE: io exception"} {:node "n3", :start-revision 273, :events [], :end-revision 273, :error "UNAVAILABLE: io exception"}], :requested-start :last, :stream-errors [["n3" "UNAVAILABLE: io exception"] ["n3" "UNAVAILABLE: io exception"] ["n3" "UNAVAILABLE: io exception"]], :start-revision 271}, :note "确认写的 revision 落在会话有效区间内却没有任何事件，且缺口之后没有溢出/历史标记：静默丢事件（P0）", :missing-count 1, :end-revision 273, :missing [273], :start-revision 271} {:key "/jepsen/watch/s1783726406", :semantics :overflow-marker, :marker-revisions [], :type :watch-event-loss, :op {:key "/jepsen/watch/s1783726406", :index 999, :events [], :value {:key "/jepsen/watch/s1783726406", :start-revision :last, :prev-kv? true, :window-ms 2000, :max-events 10000, :resumes 2}, :time 114914828179, :process 8, :type :ok, :resumes 2, :nodes ["n3"], :end-revision 271, :invoke 114913418113, :f :watch-session, :sessions [{:node "n3", :start-revision 269, :events [], :end-revision 269, :error "UNAVAILABLE: io exception"} {:node "n3", :start-revision 270, :events [], :end-revision 270, :error "UNAVAILABLE: io exception"} {:node "n3", :start-revision 271, :events [], :end-revision 271, :error "UNAVAILABLE: io exception"}], :requested-start :last, :stream-errors [["n3" "UNAVAILABLE: io exception"] ["n3" "UNAVAILABLE: io exception"] ["n3" "UNAVAILABLE: io exception"]], :start-revision 269}, :note "确认写的 revision 落在会话有效区间内却没有任何事件，且缺口之后没有溢出/历史标记：静默丢事件（P0）", :missing-count 2, :end-revision 271, :missing [270 271], :start-revision 269} {:key "/jepsen/watch/s1783726406", :semantics :overflow-marker, :marker-revisions [], :type :watch-event-loss, :op {:key "/jepsen/watch/s1783726406", :index 1004, :events [], :value {:key "/jepsen/watch/s1783726406", :start-revision :last, :prev-kv? false, :window-ms 2000, :max-events 10000, :resumes 2}, :time 115515386886, :process 11, :type :ok, :resumes 2, :nodes ["n3"], :end-revision 275, :invoke 115513857804, :f :watch-session, :sessions [{:node "n3", :start-revision 273, :events [], :end-revision 273, :error "UNAVAILABLE: io exception"} {:node "n3", :start-revision 274, :events [], :end-revision 274, :error "UNAVAILABLE: io exception"} {:node "n3", :start-revision 275, :events [], :end-revision 275, :error "UNAVAILABLE: io exception"}], :requested-start :last, :stream-errors [["n3" "UNAVAILABLE: io exception"] ["n3" "UNAVAILABLE: io exception"] ["n3" "UNAVAILABLE: io exception"]], :start-revision 273}, :note "确认写的 revision 落在会话有效区间内却没有任何事件，且缺口之后没有溢出/历史标记：静默丢事件（P0）", :missing-count 1, :end-revision 275, :missing [274], :start-revision 273} {:key "/jepsen/watch/s1783726406", :semantics :overflow-marker, :marker-revisions [], :type :watch-event-loss, :op {:key "/jepsen/watch/s1783726406", :index 1006, :events [], :value {:key "/jepsen/watch/s1783726406", :start-revision :last, :prev-kv? false, :window-ms 2000, :max-events 10000, :resumes 2}, :time 115715697826, :process 11, :type :ok, :resumes 2, :nodes ["n3"], :end-revision 277, :invoke 115714009867, :f :watch-session, :sessions [{:node "n3", :start-revision 275, :events [], :end-revision 275, :error "UNAVAILABLE: io exception"} {:node "n3", :start-revision 276, :events [], :end-revision 276, :error "UNAVAILABLE: io exception"} {:node "n3", :start-revision 277, :events [], :end-revision 277, :error "UNAVAILABLE: io exception"}], :requested-start :last, :stream-errors [["n3" "UNAVAILABLE: io exception"] ["n3" "UNAVAILABLE: io exception"] ["n3" "UNAVAILABLE: io exception"]], :start-revision 275}, :note "确认写的 revision 落在会话有效区间内却没有任何事件，且缺口之后没有溢出/历史标记：静默丢事件（P0）", :missing-count 1, :end-revision 277, :missing [277], :start-revision 275}), :writes-ok 248, :stream-errors 99}
2026-09-17 11:28:19,448{GMT}	INFO	[jepsen test runner] jepsen.core: Analysis complete
2026-09-17 11:28:19,491{GMT}	INFO	[jepsen results] jepsen.store: Wrote /opt/coord/jepsen/store/coord/2026-09-17T11:25:37.569047407Z/results.edn
2026-09-17 11:28:19,549{GMT}	INFO	[jepsen test runner] jepsen.core: {:linear {:valid? false,
          :watch {:semantics :overflow-marker,
                  :events 1101,
                  :resumes 66,
                  :violations-by-class {:watch-event-loss 7},
                  :min-events 200,
                  :markers 0,
                  :sessions-with-events 224,
                  :sessions 247,
                  :writes-ok 248,
                  :stream-errors 99},
          :failures [{:type :watch-violations,
                      :count 7,
                      :sample [{:key "/jepsen/watch/s1783726406",
                                :semantics :overflow-marker,
                                :marker-revisions [],
                                :type :watch-event-loss,
                                :op {:index 411,
                                     :time 49666534849,
                                     :type :ok,
                                     :process 0,
                                     :f :watch-session,
                                     :value {:key "/jepsen/watch/s1783726406",
                                             :start-revision :last,
                                             :prev-kv? false,
                                             :window-ms 2000,
                                             :max-events 10000,
                                             :resumes 2},
                                     :key "/jepsen/watch/s1783726406",
                                     :events [],
                                     :resumes 2,
                                     :nodes ["n1"],
                                     :end-revision 110,
                                     :invoke 49662292054,
                                     :sessions [{:node "n1",
                                                 :start-revision 108,
                                                 :events [],
                                                 :end-revision 108,
                                                 :error "UNAVAILABLE: io exception"}
                                                {:node "n1",
                                                 :start-revision 109,
                                                 :events [],
                                                 :end-revision 109,
                                                 :error "UNAVAILABLE: io exception"}
                                                {:node "n1",
                                                 :start-revision 110,
                                                 :events [],
                                                 :end-revision 110,
                                                 :error "UNAVAILABLE: io exception"}],
                                     :requested-start :last,
                                     :stream-errors [["n1"
                                                      "UNAVAILABLE: io exception"]
                                                     ["n1"
                                                      "UNAVAILABLE: io exception"]
                                                     ["n1"
                                                      "UNAVAILABLE: io exception"]],
                                     :start-revision 108},
                                :note "确认写的 revision 落在会话有效区间内却没有任何事件，且缺口之后没有溢出/历史标记：静默丢事件（P0）",
                                :missing-count 2,
                                :end-revision 110,
                                :missing [109 110],
                                :start-revision 108}
                               {:key "/jepsen/watch/s1783726406",
                                :semantics :overflow-marker,
                                :marker-revisions [],
                                :type :watch-event-loss,
                                :op {:index 413,
                                     :time 49864480443,
                                     :type :ok,
                                     :process 0,
                                     :f :watch-session,
                                     :value {:key "/jepsen/watch/s1783726406",
                                             :start-revision :last,
                                             :prev-kv? true,
                                             :window-ms 2000,
                                             :max-events 10000,
                                             :resumes 2},
                                     :key "/jepsen/watch/s1783726406",
                                     :events [],
                                     :resumes 2,
                                     :nodes ["n1"],
                                     :end-revision 112,
                                     :invoke 49862506216,
                                     :sessions [{:node "n1",
                                                 :start-revision 110,
                                                 :events [],
                                                 :end-revision 110,
                                                 :error "UNAVAILABLE: io exception"}
                                                {:node "n1",
                                                 :start-revision 111,
                                                 :events [],
                                                 :end-revision 111,
                                                 :error "UNAVAILABLE: io exception"}
                                                {:node "n1",
                                                 :start-revision 112,
                                                 :events [],
                                                 :end-revision 112,
                                                 :error "UNAVAILABLE: io exception"}],
                                     :requested-start :last,
                                     :stream-errors [["n1"
                                                      "UNAVAILABLE: io exception"]
                                                     ["n1"
                                                      "UNAVAILABLE: io exception"]
                                                     ["n1"
                                                      "UNAVAILABLE: io exception"]],
                                     :start-revision 110},
                                :note "确认写的 revision 落在会话有效区间内却没有任何事件，且缺口之后没有溢出/历史标记：静默丢事件（P0）",
                                :missing-count 1,
                                :end-revision 112,
                                :missing [112],
                                :start-revision 110}
                               {:key "/jepsen/watch/s1783726406",
                                :semantics :overflow-marker,
                                :marker-revisions [],
                                :type :watch-event-loss,
                                :op {:index 429,
                                     :time 51466527443,
                                     :type :ok,
                                     :process 2,
                                     :f :watch-session,
                                     :value {:key "/jepsen/watch/s1783726406",
                                             :start-revision :last,
                                             :prev-kv? false,
                                             :window-ms 2000,
                                             :max-events 10000,
                                             :resumes 2},
                                     :key "/jepsen/watch/s1783726406",
                                     :events [],
                                     :resumes 2,
                                     :nodes ["n1"],
                                     :end-revision 112,
                                     :invoke 51464438661,
                                     :sessions [{:node "n1",
                                                 :start-revision 110,
                                                 :events [],
                                                 :end-revision 110,
                                                 :error "UNAVAILABLE: io exception"}
                                                {:node "n1",
                                                 :start-revision 111,
                                                 :events [],
                                                 :end-revision 111,
                                                 :error "UNAVAILABLE: io exception"}
                                                {:node "n1",
                                                 :start-revision 112,
                                                 :events [],
                                                 :end-revision 112,
                                                 :error "UNAVAILABLE: io exception"}],
                                     :requested-start :last,
                                     :stream-errors [["n1"
                                                      "UNAVAILABLE: io exception"]
                                                     ["n1"
                                                      "UNAVAILABLE: io exception"]
                                                     ["n1"
                                                      "UNAVAILABLE: io exception"]],
                                     :start-revision 110},
                                :note "确认写的 revision 落在会话有效区间内却没有任何事件，且缺口之后没有溢出/历史标记：静默丢事件（P0）",
                                :missing-count 1,
                                :end-revision 112,
                                :missing [112],
                                :start-revision 110}]}],
          :violations [{:key "/jepsen/watch/s1783726406",
                        :semantics :overflow-marker,
                        :marker-revisions [],
                        :type :watch-event-loss,
                        :op {:index 411,
                             :time 49666534849,
                             :type :ok,
                             :process 0,
                             :f :watch-session,
                             :value {:key "/jepsen/watch/s1783726406",
                                     :start-revision :last,
                                     :prev-kv? false,
                                     :window-ms 2000,
                                     :max-events 10000,
                                     :resumes 2},
                             :key "/jepsen/watch/s1783726406",
                             :events [],
                             :resumes 2,
                             :nodes ["n1"],
                             :end-revision 110,
                             :invoke 49662292054,
                             :sessions [{:node "n1",
                                         :start-revision 108,
                                         :events [],
                                         :end-revision 108,
                                         :error "UNAVAILABLE: io exception"}
                                        {:node "n1",
                                         :start-revision 109,
                                         :events [],
                                         :end-revision 109,
                                         :error "UNAVAILABLE: io exception"}
                                        {:node "n1",
                                         :start-revision 110,
                                         :events [],
                                         :end-revision 110,
                                         :error "UNAVAILABLE: io exception"}],
                             :requested-start :last,
                             :stream-errors [["n1"
                                              "UNAVAILABLE: io exception"]
                                             ["n1"
                                              "UNAVAILABLE: io exception"]
                                             ["n1"
                                              "UNAVAILABLE: io exception"]],
                             :start-revision 108},
                        :note "确认写的 revision 落在会话有效区间内却没有任何事件，且缺口之后没有溢出/历史标记：静默丢事件（P0）",
                        :missing-count 2,
                        :end-revision 110,
                        :missing [109 110],
                        :start-revision 108}
                       {:key "/jepsen/watch/s1783726406",
                        :semantics :overflow-marker,
                        :marker-revisions [],
                        :type :watch-event-loss,
                        :op {:index 413,
                             :time 49864480443,
                             :type :ok,
                             :process 0,
                             :f :watch-session,
                             :value {:key "/jepsen/watch/s1783726406",
                                     :start-revision :last,
                                     :prev-kv? true,
                                     :window-ms 2000,
                                     :max-events 10000,
                                     :resumes 2},
                             :key "/jepsen/watch/s1783726406",
                             :events [],
                             :resumes 2,
                             :nodes ["n1"],
                             :end-revision 112,
                             :invoke 49862506216,
                             :sessions [{:node "n1",
                                         :start-revision 110,
                                         :events [],
                                         :end-revision 110,
                                         :error "UNAVAILABLE: io exception"}
                                        {:node "n1",
                                         :start-revision 111,
                                         :events [],
                                         :end-revision 111,
                                         :error "UNAVAILABLE: io exception"}
                                        {:node "n1",
                                         :start-revision 112,
                                         :events [],
                                         :end-revision 112,
                                         :error "UNAVAILABLE: io exception"}],
                             :requested-start :last,
                             :stream-errors [["n1"
                                              "UNAVAILABLE: io exception"]
                                             ["n1"
                                              "UNAVAILABLE: io exception"]
                                             ["n1"
                                              "UNAVAILABLE: io exception"]],
                             :start-revision 110},
                        :note "确认写的 revision 落在会话有效区间内却没有任何事件，且缺口之后没有溢出/历史标记：静默丢事件（P0）",
                        :missing-count 1,
                        :end-revision 112,
                        :missing [112],
                        :start-revision 110}
                       {:key "/jepsen/watch/s1783726406",
                        :semantics :overflow-marker,
                        :marker-revisions [],
                        :type :watch-event-loss,
                        :op {:index 429,
                             :time 51466527443,
                             :type :ok,
                             :process 2,
                             :f :watch-session,
                             :value {:key "/jepsen/watch/s1783726406",
                                     :start-revision :last,
                                     :prev-kv? false,
                                     :window-ms 2000,
                                     :max-events 10000,
                                     :resumes 2},
                             :key "/jepsen/watch/s1783726406",
                             :events [],
                             :resumes 2,
                             :nodes ["n1"],
                             :end-revision 112,
                             :invoke 51464438661,
                             :sessions [{:node "n1",
                                         :start-revision 110,
                                         :events [],
                                         :end-revision 110,
                                         :error "UNAVAILABLE: io exception"}
                                        {:node "n1",
                                         :start-revision 111,
                                         :events [],
                                         :end-revision 111,
                                         :error "UNAVAILABLE: io exception"}
                                        {:node "n1",
                                         :start-revision 112,
                                         :events [],
                                         :end-revision 112,
                                         :error "UNAVAILABLE: io exception"}],
                             :requested-start :last,
                             :stream-errors [["n1"
                                              "UNAVAILABLE: io exception"]
                                             ["n1"
                                              "UNAVAILABLE: io exception"]
                                             ["n1"
                                              "UNAVAILABLE: io exception"]],
                             :start-revision 110},
                        :note "确认写的 revision 落在会话有效区间内却没有任何事件，且缺口之后没有溢出/历史标记：静默丢事件（P0）",
                        :missing-count 1,
                        :end-revision 112,
                        :missing [112],
                        :start-revision 110}
                       {:key "/jepsen/watch/s1783726406",
                        :semantics :overflow-marker,
                        :marker-revisions [],
                        :type :watch-event-loss,
                        :op {:index 995,
                             :time 114514555983,
                             :type :ok,
                             :process 11,
                             :f :watch-session,
                             :value {:key "/jepsen/watch/s1783726406",
                                     :start-revision :last,
                                     :prev-kv? false,
                                     :window-ms 2000,
                                     :max-events 10000,
                                     :resumes 2},
                             :key "/jepsen/watch/s1783726406",
                             :events [],
                             :resumes 2,
                             :nodes ["n3"],
                             :end-revision 273,
                             :invoke 114513085832,
                             :sessions [{:node "n3",
                                         :start-revision 271,
                                         :events [],
                                         :end-revision 271,
                                         :error "UNAVAILABLE: io exception"}
                                        {:node "n3",
                                         :start-revision 272,
                                         :events [],
                                         :end-revision 272,
                                         :error "UNAVAILABLE: io exception"}
                                        {:node "n3",
                                         :start-revision 273,
                                         :events [],
                                         :end-revision 273,
                                         :error "UNAVAILABLE: io exception"}],
                             :requested-start :last,
                             :stream-errors [["n3"
                                              "UNAVAILABLE: io exception"]
                                             ["n3"
                                              "UNAVAILABLE: io exception"]
                                             ["n3"
                                              "UNAVAILABLE: io exception"]],
                             :start-revision 271},
                        :note "确认写的 revision 落在会话有效区间内却没有任何事件，且缺口之后没有溢出/历史标记：静默丢事件（P0）",
                        :missing-count 1,
                        :end-revision 273,
                        :missing [273],
                        :start-revision 271}
                       {:key "/jepsen/watch/s1783726406",
                        :semantics :overflow-marker,
                        :marker-revisions [],
                        :type :watch-event-loss,
                        :op {:index 999,
                             :time 114914828179,
                             :type :ok,
                             :process 8,
                             :f :watch-session,
                             :value {:key "/jepsen/watch/s1783726406",
                                     :start-revision :last,
                                     :prev-kv? true,
                                     :window-ms 2000,
                                     :max-events 10000,
                                     :resumes 2},
                             :key "/jepsen/watch/s1783726406",
                             :events [],
                             :resumes 2,
                             :nodes ["n3"],
                             :end-revision 271,
                             :invoke 114913418113,
                             :sessions [{:node "n3",
                                         :start-revision 269,
                                         :events [],
                                         :end-revision 269,
                                         :error "UNAVAILABLE: io exception"}
                                        {:node "n3",
                                         :start-revision 270,
                                         :events [],
                                         :end-revision 270,
                                         :error "UNAVAILABLE: io exception"}
                                        {:node "n3",
                                         :start-revision 271,
                                         :events [],
                                         :end-revision 271,
                                         :error "UNAVAILABLE: io exception"}],
                             :requested-start :last,
                             :stream-errors [["n3"
                                              "UNAVAILABLE: io exception"]
                                             ["n3"
                                              "UNAVAILABLE: io exception"]
                                             ["n3"
                                              "UNAVAILABLE: io exception"]],
                             :start-revision 269},
                        :note "确认写的 revision 落在会话有效区间内却没有任何事件，且缺口之后没有溢出/历史标记：静默丢事件（P0）",
                        :missing-count 2,
                        :end-revision 271,
                        :missing [270 271],
                        :start-revision 269}
                       {:key "/jepsen/watch/s1783726406",
                        :semantics :overflow-marker,
                        :marker-revisions [],
                        :type :watch-event-loss,
                        :op {:index 1004,
                             :time 115515386886,
                             :type :ok,
                             :process 11,
                             :f :watch-session,
                             :value {:key "/jepsen/watch/s1783726406",
                                     :start-revision :last,
                                     :prev-kv? false,
                                     :window-ms 2000,
                                     :max-events 10000,
                                     :resumes 2},
                             :key "/jepsen/watch/s1783726406",
                             :events [],
                             :resumes 2,
                             :nodes ["n3"],
                             :end-revision 275,
                             :invoke 115513857804,
                             :sessions [{:node "n3",
                                         :start-revision 273,
                                         :events [],
                                         :end-revision 273,
                                         :error "UNAVAILABLE: io exception"}
                                        {:node "n3",
                                         :start-revision 274,
                                         :events [],
                                         :end-revision 274,
                                         :error "UNAVAILABLE: io exception"}
                                        {:node "n3",
                                         :start-revision 275,
                                         :events [],
                                         :end-revision 275,
                                         :error "UNAVAILABLE: io exception"}],
                             :requested-start :last,
                             :stream-errors [["n3"
                                              "UNAVAILABLE: io exception"]
                                             ["n3"
                                              "UNAVAILABLE: io exception"]
                                             ["n3"
                                              "UNAVAILABLE: io exception"]],
                             :start-revision 273},
                        :note "确认写的 revision 落在会话有效区间内却没有任何事件，且缺口之后没有溢出/历史标记：静默丢事件（P0）",
                        :missing-count 1,
                        :end-revision 275,
                        :missing [274],
                        :start-revision 273}
                       {:key "/jepsen/watch/s1783726406",
                        :semantics :overflow-marker,
                        :marker-revisions [],
                        :type :watch-event-loss,
                        :op {:index 1006,
                             :time 115715697826,
                             :type :ok,
                             :process 11,
                             :f :watch-session,
                             :value {:key "/jepsen/watch/s1783726406",
                                     :start-revision :last,
                                     :prev-kv? false,
                                     :window-ms 2000,
                                     :max-events 10000,
                                     :resumes 2},
                             :key "/jepsen/watch/s1783726406",
                             :events [],
                             :resumes 2,
                             :nodes ["n3"],
                             :end-revision 277,
                             :invoke 115714009867,
                             :sessions [{:node "n3",
                                         :start-revision 275,
                                         :events [],
                                         :end-revision 275,
                                         :error "UNAVAILABLE: io exception"}
                                        {:node "n3",
                                         :start-revision 276,
                                         :events [],
                                         :end-revision 276,
                                         :error "UNAVAILABLE: io exception"}
                                        {:node "n3",
                                         :start-revision 277,
                                         :events [],
                                         :end-revision 277,
                                         :error "UNAVAILABLE: io exception"}],
                             :requested-start :last,
                             :stream-errors [["n3"
                                              "UNAVAILABLE: io exception"]
                                             ["n3"
                                              "UNAVAILABLE: io exception"]
                                             ["n3"
                                              "UNAVAILABLE: io exception"]],
                             :start-revision 275},
                        :note "确认写的 revision 落在会话有效区间内却没有任何事件，且缺口之后没有溢出/历史标记：静默丢事件（P0）",
                        :missing-count 1,
                        :end-revision 277,
                        :missing [277],
                        :start-revision 275}]},
 :gates {:valid? true,
         :gates {:premise {:valid? true,
                           :writes 254,
                           :duplicate-value-count 0,
                           :duplicate-values {}},
                 :availability {:min-ratio 0.95,
                                :min-sample 100,
                                :windows 10,
                                :judged 0,
                                :skipped-small-sample 10,
                                :worst-window nil,
                                :violations []},
                 :rto {:budget-seconds 120,
                       :n 9,
                       :p95 0.8567842914,
                       :max 0.908082723,
                       :samples [0.34305353
                                 0.34552665
                                 0.047095848
                                 0.018194
                                 0.779836644
                                 0.908082723
                                 0.045226228
                                 0.179910575
                                 0.178253055],
                       :unrecovered 0,
                       :not-measured 1,
                       :details [{:disruption {:start 3416928642,
                                               :end 7340687858},
                                  :measurable? true,
                                  :first-ok-after 7683741388,
                                  :seconds 0.34305353}
                                 {:disruption {:start 12463951522,
                                               :end 19939336673},
                                  :measurable? true,
                                  :first-ok-after 20284863323,
                                  :seconds 0.34552665}
                                 {:disruption {:start 28162625734,
                                               :end 32025051673},
                                  :measurable? true,
                                  :first-ok-after 32072147521,
                                  :seconds 0.047095848}
                                 {:disruption {:start 36760179189,
                                               :end 42065648564},
                                  :measurable? true,
                                  :first-ok-after 42083842564,
                                  :seconds 0.018194}
                                 {:disruption {:start 48741235751,
                                               :end 56124591573},
                                  :measurable? true,
                                  :first-ok-after 56904428217,
                                  :seconds 0.779836644}
                                 {:disruption {:start 64380965253,
                                               :end 68596476656},
                                  :measurable? true,
                                  :first-ok-after 69504559379,
                                  :seconds 0.908082723}
                                 {:disruption {:start 74095555324,
                                               :end 81663896584},
                                  :measurable? true,
                                  :first-ok-after 81709122812,
                                  :seconds 0.045226228}
                                 {:disruption {:start 86702031697,
                                               :end 92137588847},
                                  :measurable? true,
                                  :first-ok-after 92317499422,
                                  :seconds 0.179910575}
                                 {:disruption {:start 100260273020,
                                               :end 106352607483},
                                  :measurable? true,
                                  :first-ok-after 106530860538,
                                  :seconds 0.178253055}
                                 {:disruption {:start 114135264576,
                                               :end 121629306548},
                                  :measurable? false,
                                  :first-ok-after nil,
                                  :seconds nil}]},
                 :liveness {:min-ok-ratio 0.1,
                            :min-sample 10,
                            :ops 2,
                            :judged 2,
                            :skipped-small-sample 0,
                            :ok-ratio 0.9880239520958084,
                            :by-op {:write {:total 254,
                                            :ok 248,
                                            :info 6,
                                            :fail 0,
                                            :legit-fail 0,
                                            :judged 254,
                                            :errors {:unavailable-maybe-applied 6}},
                                    :watch-session {:total 247,
                                                    :ok 247,
                                                    :info 0,
                                                    :fail 0,
                                                    :legit-fail 0,
                                                    :judged 247,
                                                    :errors {}}},
                            :violations []}},
         :failures []},
 :perf {:latency-graph {:valid? true},
        :rate-graph {:valid? true},
        :valid? true},
 :valid? false}


Analysis invalid! (ﾉಥ益ಥ）ﾉ ┻━┻
